tweet,label
merkeze indim. önüm arkam sağım solum suriyeli amk,nefret
"Bu Kavga Hak İle Batılın Kavgasıdır Artık
Devletimiz Varolsun
Polisimiz Var Olsun
Yunan Çekilirken Tohum Bırakmayı ihmal Etmemiş Anlaşılan
#DevletiminYanındayim
#PolisiminYanımdayım https://t.co/VX4JqqdxUj",nefret
sen de arap maymununa benzemissin,nefret
rumlar üç beş ingiizin aklına uyup kan dökmeseydi ne savaş çıkardı aramızda ne de mübadele olurdu rumlar anadoluda türklere soykırım girişiminde bulunmasa. https://t.co/6Pkx7qKgGf,nefret
"yunan baklavayi yogurdu çalar, galatasaray üçlümüzü..

tamam lan gol olsun.

 #ÜçlüBesiktasinÜçünBiriGsnin",nefret
"Pkk'li Teröristlerin Ve Ermeni Canilerin Yilmaz Savunucusu Canan Kaftancioglu 9 Yil 8 Ay 20 Gün Hapse Mahkum Edildi.

Var Olsun Devlet 
Var Olsun Millet LINK",nefret
7 Eylül; Türk Ordusunun Baskomutan Mustafa Kemal Atatürk önderliginde Aydin'in Yunan Isgalinden Kurtulus Günüdür. Kurtulus Günümüz Kutlu Olsun ????????,nefret
yakizzder Takimi agir ödeme yükünden kurtarmacam diye küme düsürtmeyende ...Böyle stratejinin içine edeyim Çömeli ile Çocuk ya bu kadar para vermezdin. Yine sponsor bulurdun Satilmayacak adamlari sattiniz Valbuena yanda satinda adam kurtulsun.,nefret
Vatanımda suriyeli İS-TE-Mİ-YO-RUM. Defolun lan vatanımdan #VatandaşlıkVermeYolVer,nefret
Su canan kaftancioglu denen ermeni dölü pkk li vatan hainini içeri atacak bi mahkeme yokmu ya,nefret
"Bu mevzuda, yıllardır israille mavi balina dışında sıcak çatışmaya girmediğimiz için masonbahçemizin arkasındayız. Ancak geçtiğimiz yıllarda yunan ve fransızdan illallah etmiş milletimiz jimnastikçilere ve fransız kulüplerine fırsat vermemelidir.",nefret
Fatih t*zcan hani müslümandin lan yahudi dölü LINK,nefret
British exit sonrası Ankara anlaşması ne olacak Avrupa birliği ile iş için giden Türklerin durumu ne olacak?! İngiltere ekonomide küçülmeye giden Avrupa'nın karşısında brexit ile akillica davrandı. Tembel Yunan ve boktan Bulgarları beslemeye devam edin,nefret
Daha silah tutmayı bilmeyip tek bir atışla silikonlu dudakları ve dişlerinin dağılacağını anlamayan ama Türk öldürmeyi hayal eden ermeni kaşarı kombini 👇🏻 https://t.co/vcx0IZJDMx,nefret
"Arkadaslar dikkat
Küçük bir arastirma
Meral ermeni
Kemal ermeni
Hdp %80 ermeni
Chp de suan ekseriyetle ermeni
Ali Koç yahudi
Dahasi var da  merak ettigim     benim ülkemde düsmanin bu kadar söz sahibi olmasi normal mi",nefret
senay971@USER ahmak 24 25 26 yit anlatmiyor ayrica Hiristiyan o günleri ayin sonuyla birlestiriyor hepsi bir arada olsun bitsin diye agaç hz isa nin dogumunu sevincini simgeler onun için süslenir Avrupali çocuklari ilkokul da kiliseye camiye götürülür hepsi anlatilir kimse kimsenin dinine bilmeden küfür etmesin saygi göstersin diye ayrica herkeste girsin sevinsin ama hadi isinize bakin siktir in gidin dedin mi o laflarina oturup bir güzel yiyeceksin herkesten ...,nefret
"Su Suriyeli teröristleri içimize sokup(!) basimiza bela edenlerin Allah Belasini versin, tabii ki ""disaridan"" tam destek veren sahte Milliyetçilerin de!",nefret
"Yahudi örtüsü kara çarsafi sahiplenen sözde Müslüman özde seytan Arap kavmi...
Yakin gelecekte bunlarla mücadele etmek gerekecek, cehennem yani.
Ey din, sen ne sahane bisiisin! LINK",nefret
Mubariz Mansimov: benim sirketimde 3-cü nesil ermeni bile çalisamaz. #MubarizMansimovaAdalet LINK,nefret
"Neymiş, şirket arap’a satıldığı an terk edilmeliymiş.. yazık!#türktelekom",nefret
Yahudi kuklası bb 🎬,nefret
Ölen her insana covit teşhisi koyan ölenlere otopsi yapmaya rohşisdin köpekliğini yapan hainlere ve z kışağına hakkımı helal etmiyorım hdp chp pkk ermeni rum yahudi azınlığın hainliklerine çanak tutanlara hakkımı helal etmiyorum,nefret
Ulan feribotta yanımda oturan suriyeli çocuk türk manita yapmış aq başımıza taş yağacak 😄,nefret
"asil tehlike SURIYELI degil AFGANLARDIR

SURIYELILER patir patir SIKISIYOR valla gördügünüz üzere etraf suriyeli bebe kayniyor..

peki ya AFGANLAR??? 

ya sikismiyorlar , YA DA BIRBIRLERINI GÖTTEN SIKIYORLAR!!! 

GAY SEKSE HAYIR!!!",nefret
"Bu arap ve arap sevicileri sübyanci sapiklar bariz belli ,nasil bir mide var çocuk yasta ki kiz çocuklari ile evleniyorlar ve buna razi gösteren bir devlet oluyor .
Turkiye suriyeli sapiklara dokunmuyor ama kendi vatandasi resit olmayan birisi ile evlendimi  15 yil sonra",nefret
benden aldığınız vergilerle hep suriyeli lere yardım dağıtıyorsunuz bigün 2 bira alın gelin de vergi alırken yüzünüz olsun. @crmbelediyesi https://t.co/a9fS70xkvu,nefret
Trabzon Havalimani'ndaki Arap populasyonu hayret verici hakkaten.  Trabzon' nun parsel parsel Araplara peskes çekildigini unutmamak lazim tabii. Ilgili görsellerden birini birakiyorum asagi. LINK,nefret
y-chp'nin simgesi k.rdofil ermeni yalakası canan kaftancıoğlu'na da akp'ye de karşıyız! bu ikisi birbirinin zıttı değil aynı kapının yoldaşları! başbuğun partisi kemalist özüne dönmeli!,nefret
Suriyeli veya başkası.bunun yapan tek kelime ile orospu çocuğudur.dini kitabı ırkı olamaz. https://t.co/VMM6vs1ODl,nefret
"#BogaziçiDüsmeyecek 
Ulan ne Anarsist kafalisiniz sanki gavur saldirdi düsmana direnir gibi birde düsmeyecek diyorsunuz yakinda özerklik ve kurtulus günüde talep edersiniz sizin yeriniz okul degil silivri @USER @USER @USER @USER",nefret
"Tam tespit ve cesurca ifade. Yeter ki biz AB, ABD, Yunan Israil ve kurduklari ser  ittifaki karsisinda Dogu Akdeniz ve Kibris'ta geri adim atmayalim. Gücümüzün farkinda olalim. Su veya bu nedenle Geri adim atarsak Dogu Akdeniz ve Kibrisi kaybederiz, Anadoluyu da savunamayiz. LINK",nefret
"Bir yahudi on ermeni yi aldatir ama bir yunan on yahudi yi aldatir

Anonim",nefret
"Demiştik ya bunlar  İTLER!!!!!
utanmadan sıkılmadan biyerde suriyeli biyerde türk  rolü oynuyor...
Katıksız yahudi tohumları bunlar...
#Güvenlikkorucuları  oyuna gelmeyin #Gk https://t.co/MleB7r1MV3",nefret
"Kitlama çay
Hurmadan sekere
Mollalara rüsvetle döndü
Böyle bakin her meseleye
Din sömürüsünü gavur daima kullanir LINK",nefret
"Twitter da sallamakla olmuyor. Içimizde gizlenen ve hainlik yapan, fitne çikaran Ermeniler ve Rumlar #DevletiSizeTanitacagiz",nefret
"TÜRK olmayan ve TÜRKLERİ yönetip, soyan, çoğu rus asıllı (laz, çerkez, gürcü, ermeni) yahudi, hristiyan hain hırsızlar utanmazlarki! https://t.co/ECgIHXJXo3",nefret
"😁 güzel bir gün, bir yunan tohumu daha içerde https://t.co/ZHrgk6F4LA",nefret
#Kürdistan dedigin ingiliz ve siyonist yahudilerin kurmak istedigi devlet ... oyuna gelmeyin ... turkiye kardes ulkesi ..,nefret
oglumu hdp aldi bunlar müslüman degil bunlar gavur. amerikayla is tutuyorlar. kürt falan da degiller. kendi çocuklarini göndersinler daga. amerika'da çocuklari okuyor. cigerimizi yaktilar allah da onlarin cigerini yaksin. vicdansiz bunlar. kürtlerle niye ugrasiyorlar. gavur bunlar,nefret
Tinder da sağa sola kaydırıyordum... Suriyeli çıktı amk burda bari salın bi bizi!,nefret
laleli arap kokuyo resmen atmosferi degistirmis serefsizler,nefret
#7Eylül Aydin'in kurtulusu muzafferdir. Yunan mezaliminde kan kokan sehiri kurtaran yigitler... LINK,nefret
"suriyeli hastanın irili ufaklı 7 tane çocuğu olduğunu gören yaşlı bir hastam ""kızım evlenip bunlardan fazla doğurmanız lazım yoksa geçemeyeceğiz bu amına koyduklarımı"" dedi. asfsada dayı bu bana yüklediğin nasıl bir sorumluluktur",nefret
"Ebesini belledi yahudi ve ingiliz, normal https://t.co/VlXWxTqyDq",nefret
"Bu Millet ne çektiyse hep Kripto Ermenilerden çekti..
Cumhuriyetin ilk yillarinda, sessiz sedasiz yüz binlerce ermeni Türk vatandasligina getirildi.. Soylari arastirilsin, Devlet görevi verilmesin, Alevi ve Sünnilerin içlerinden ayiklansinlar! #28Subat",nefret
YUNAN VE RUM KORKUDA  SOM B2 TESTI BASARI ILE GERÇEKLESTIRILDI.... LINK @USER araciligiyla,nefret
"Budur.
Artik, TÜRKIYE'YI satip, soyan nankör, hain hirsizlara karsi BIRLIK olma zamani.
Ya vatan seversin ya da vatan haini!
Çevrenizdeki TÜRK olmayan, müslüman geçinen, çogu rus asilli yahudi, hristiyan hain, hirsiz, cani siyasilere, bürokratlara, is ve din adamlarina dikkat! LINK",nefret
"Suriyeli kurban byramina ülkesne gidyor çok çok daha ucuza kurbanni kesip kavurma ypip dönüyor, yetmiyor devlet Suriye'den ptates aliyor.. Ösoluler bizim maaslari tl ile ödemeyin Suriye parasi ile ödeyin diyor..
Arkadas kimin ülkesinde savas var?? Kimin ülkesi isgal altinda?",nefret
Güney asyali ve arap nefretim bitmek bilmiyor..teşekkürler girne tesekkurler girne amerikan,nefret
"Gazimagusa'da 3 sapik kadin ""LOVE ERDOGAN"" yazili pankarlarin üzerine ""Seytan"" yazdi. Yakalanarak terör örgütleri ve Rum baglantilari arastirilmali. @USER @USER @USER @USER",nefret
"Ve uzayında b*ku çıktı arkadaşlar....Birleşik Arap Emirliğinden Hazza Al Mansuri uzaya uçan ilk arap oldu. Bir kaç yıl içinde uzay savaşları çıkarsa şaşırmayın.....vah uzaylı kardeşlerim, acınızı tüm içten duygularımla paylaşıyorum....geçmiş olsun diyeceğim de, geçmez artık🤨🤨🤨",nefret
"Zamanında  ülkemin  en güzel  yerleri en iyi konumları yahudi Ermeni Rum devşirmeler ine  peşkeş çekildi 
Bu ülkenin gerçek evlatları hep açlıkla korkutuldu

Nerde tam bağımsız Türkiye diye anıranlar 
Tam bağımsız Türkiye RTE sayesinde  gördük 
Bu kutlu yol sancılı olacak 🇹🇷☝️",nefret
"660. tarihi #Kirkpinar Yagli Güresleri festival haftasinin Ermeni isgalinden kurtarilmis ezeli Azerbaycan topragi #Karabag'in #Susa kentinin #CidirDüzü meydaninda düzenlenmesini teklif ediyorum.
#ErMeydani

@USER
@USER
@USER
@USER
@USER LINK",nefret
"bu Vatan haini teröristlerin çoğu alevi, fetöcü
hiristiyan, yahudi
ve başka kiriptolar https://t.co/DRvm6k5DCa https://t.co/8v7maDOdef",nefret
"serefsiz ermeni tohumlari, amerikanin batinin itleri (it bile ekmek yedigi kapiya ihanet etmez) siz bunlari yasatip simdi de vatanina sahip cikanlari diktatör diyorsunuz. hain olanda asilmasi gerekende  sizlersiniz. siz kahpece haince kallesce ya hava helikopter düsürtürsünüz. LINK",nefret
"#ahaberkapatilsin diyen soysuzlar yahudi gazeteleri sözcü karar gibi gazetelere ses etmezler.
Çünkü bunlar dilleri müslüman kalpleri yahudi olan asagi tabakadadirlar...",nefret
Yalan dolan isiniz yahudi sizi iyi kucaga oturtmus ama bu milletin büyük bölümü size inanmaz g.t leriyle övünen ahlaksiz GÜRUH kimlerin köpegisiniz marx oldu lenin oldu mao oldu simdi atatürkçü oldunuz güya reziller#AsagiBakmayacagiz,nefret
"?????? Arda be, adamlik ögreniyoruz aq sayende, burun kirmalar hastane basmalar.. ama burasi Türkiye sana bi bok olmaz biz yapsak ömür boyu çikamayiz hapisten. bir gün gelir o paranda önünde yerin dibine girer bunu da unutma!",nefret
Artik rüyamda da suriyeli görür oldum.uykularimida isgal ediyolar?????,nefret
"De buyur.. Bir bu hariçten gazel okuyan, başımızın belası Suriyeli hainler eksikti..! https://t.co/eApc6kshkm",nefret
"Mevcut siyasi partilerden bir fayda beklemek; 
saflıktır, ahmaklıktır.

Onların derdi Türk milletinin bekası ve refahı 
değil. Hepsi ihanet içinde.!
 
CHP, Kürtçü bölücü Ermeni kırmalarının işgali 
altında!",nefret
Fox haber yalanın merkezi Fox anlamı tilki demek sahibi İngiliz tam bir yahudi uşağı başka söze gerek varmı #YalancıFOXTV,nefret
emeğinize sağlık. işte bu vatan hepimizin. tüm renklerle türk kürt laz çerkez arap sünni alevisiyle müslümanlar kardeştir. tüm renklerle müslüman müslümanın kardeşidir. ırkçılık şeytandandır. ırkçılık yaptıkça kafirler güçleniyor. ırkçılık müslüman kafası değil.,nefret
kmddyc45x@USER Sehitlerimiz için böyle yazan Bir serefsiz insani destekleyende TÜRK DEGILDIR PKK yandasi itler,nefret
Yavas yavas anadoluya yayilmakta olan arap vizyonsuzlugu ektedir :d LINK,nefret
#SevgiliSelahattinDemirtaş terörist demistaş bunlar ķürt değil ermeni tohumu  gercek kurt selahaddin-i eyyubi vatanini sevendir,nefret
"Budur.
Ancak, TÜRK ve TÜRKIYE için YABANCILAR DEFOLUN kuralinin uygulanmasinin gerekliligi, son 70 yildir, TÜRK ve Müslüman olmayan, çogu rus asilli yahudi, hristiyan hain, hirsiz, cani siyasi, bürokrat, is ve din adamlarinin soylariyla kanitlanmistir.
TÜRKIYE TÜRKLESMELIDIR! LINK",nefret
Akp bunun hesabını 2023 de vereceksin ben avrupada yaşıyorum kardeşim rusyada yaşıyor sizin yaptığınızı gavur yapmadı lan yazıklat olsun size  #SırdancıBedoYalnızDeğildir,nefret
Çingene seni siktir git bu kulüpten,nefret
VATAN HAINI KIME DENIR? = AKP ve yandaslari Amerikaya 9 Trilyon Dolarlik BOR Madenimizi 40 Milyon Dolara Yahudi is adamlarina satildi LINK @USER araciligiyla,nefret
"Kürt kardeslerimiz gerçegi gördü. pkk ve hdp kürtleri temsil etmek bir yana Kürtlere en fazla Kürtlere en büyük zarari veren törör örgütü ve temsilcileridir.
pkk taseron bir terör örgütü destekleyenler teröristtir. 
DIYARBAKIR TÜRKIYEDIR.",nefret
yanılıyorsun kürt halkı bizzat hdp'yi provoke ediyor ayrıca hdp il ilçe teşkilatlarına yapılan herhangi bir provokasyon kürt halkını provoke etmek değildir.,nefret
"Başkonsolos olarak görev gördüğüm Los Angeles'te 2 Başkonsolos ve 1 diplomatımız Ermeni teröristlerce şehit edilmiştir. Bu katil teröristler, Dünyada başka bir örneği görülmedik şekilde,  Ermenistan tarafından ""onurlandırılmakta"" ve adlarına ""anıtlar"" ""mezarlıklar"" yapılmaktadır.",nefret
"Papa makaminin varligi ve amaci tüm dünyayi hiristiyan birligi çatisi altina almaktir. Irak ziyareti Ortadogudan tüm dünyaya mesajdir anlayana. Haçli zihniyetinin artiklarinin Ortadoguda ki hedefi, böl, parçala yoket modeli iken tabloya bakinca hedef neresi oldugu bellidir.?.",nefret
suriyeli ögrencilere var bizim çocuklarimiza yok,nefret
skicem lan yeter gençliğimizi yedin Çinli senin mına koyayım https://t.co/0hlzkUAe2y,nefret
Arada kalmış Ezik Arap karekteri bu modeller böyle https://t.co/HhVzoROzUY,nefret
"Kadın diye ismini andıklarının tamamı uzun tırnaklı şeytan 
O kürt Anneleri kapınızda yatıyor teröre taşaronluğu bırakıp o annelere kulak kesilin... https://t.co/I1co8L9UVc",nefret
1 suriyeli 1 türk yine 2. sınıf vatandaş muamelesi,nefret
"İşin en düşündüren yanı da şu;
O çocuklar geri döndüğünde evlerine değil de hapse gideceklerini bildikleri halde, Devletin Hapishanelerini, Ermeni maşası bir terör örgütü mağarasından daha güvenli buluyor bu anneler.
Gerçekten de öyle. Devletin zindanı, PKK  inlerinden ışıklıdır. https://t.co/wOLSnwdKcd",nefret
w.buhs yardimcisi eloms Abraham ortadogu uzmani bop plani mühendisi dis politika strejisi belirleyen kriptolanmis Yahudidir yahudi kongresi (icfr) baskan yardimcisi bop plani genis corafyada etkili plandir Çinden Ipekyolu avrupaya Israil kontrolüdür #NeOluyor,nefret
"Bu yahudi dölü yakalanmalı
@TC_icisleri 
@EmniyetGM https://t.co/AOXVdl8uY5",nefret
"Çoluk çocukla ugrasmayi birak. 
AKP olarak basimiza sardiginiz Suriyeli serefsizlerin icabina bak Süleyman!

Sen bakmazsan bu millet çocuklarina uzatilan eli de dili de koparir.

Isini yap Süleyman, isini...

@USER 

 #MuhammedNurTutuklansin",nefret
"Ensar Vakfı'nda 45 çocuğa tecavüz edenler Netflix mi izliyormuş?
Suriyeli kadına camide tecavüz eden imam Netflix mi izliyormuş?
Tarikat yurdunda 20den fazla çocuğa tecavüz eden öğretmen görünümlü sapıklar Netflix mi izliyormuş?
Emine Bulut'u katleden sapık Netflix mi izliyormuş?",nefret
"???? Selahattin Eyyübi kadar Kürt ! 

???? Fatih sultan mehmet kadar Türk 'üm ! 

Selahattin demirtas teröristtir.. Hain Ermeni yorgonun kardesidir.

#SevgiliSelahattinDemirtas LINK",nefret
örnek önüme düştü. bakın eski bir alevi subayımız ömer adına kinini kusmuş. ayrımcılık budur,nefret
Dinsiz imansiz pkk ermeni dölleri en güzzel açiklama LINK,nefret
Yemeksepeti'nde bizim mahallenin muhtarı Suriyeli... Siz yatın kalkın Reis'e dua edin.,nefret
israil dinci emperyalist sermaye kuklasi devletinin çaresiz insanlari samar oglanina döndürdügü dünya sessiz. yaziklar olsun sizin gelismisliginize hadi diyelim fistanli araplar abd ingiliz emrinde embesiller halklari da mi böyle asagilik yani?,nefret
Yarin soka çikicam zevkine suriyeli dövücem amk,nefret
"Türk'üm dogruyum çaliskanim dediler, ermeni-yahudi çiktilar, devamli devleti bankalari soydular, 80 sene sadece heykel yapip yan gelip yattilar.",nefret
"Bu ahlaksız Suriyeli bizim çocuklarımızı ve üniversitemizi bombalayacakmış!!! 
#MuhammedNurTutuklansin
#edepsiz 
#AşağıBakmayacağız https://t.co/aCB4Iv1q2m",nefret
"Moiz Kohen.Selanikte bir yahudi ailenin çocuguydu. Babasi bir Haham idi,kendisi de Haham egitimi aldi.Masonluga girdi.Kemalizmi tanitan çesitli kitaplar yazdi. Tekinalp takma adiyla Seriat'a yani Islam'a hakaret edip Türkçülügü tesvik etti.Elin yahudisi neden Türkçülük yapar? LINK",nefret
Ülkede ne kadar kaçik varsa oglunu demirle döven manitayi pompaliyla vuran kahveye satirla dalan böyle bu tarz dehset dolu sabah haberlerinin kahramanlari hep kürt,nefret
"Budur.
Bir avuç rus (laz, çerkez, gürcü, ermeni), rum, yahudi,...asıllı haçlı, haham hain hırsızların, sinsi kriptoların, arsız yamyamların  istediği budur.
TÜRKİYE'Yİ TÜRKSÜZLEŞTİRMEK!!
HER TÜRK, HER ALANDA GÖREV VE SORUMLULUK ALIP, DEVLETİNE, ULUSUNA, ÜLKESİNE SAHİP ÇIKMALIDIR https://t.co/a9H7U4XuCi",nefret
"İRAN İslam dünyasının FETÖ' südür.

Bugüne kadar Allah yolunda attığı tek bir adım yoktur. 

Bütün silahlı müdahaleleri BATI'nın işine yarayan müdahalelerdir.

Son örnek Ermeni Azerbaycan çatışmasında önce Ermenilerin yanında yer almasıyla ortaya çıkmıştır.

Sonradan çark etti. https://t.co/kVoTXyEGVf",nefret
Çaldıkları şampiyonluklarımız yetmedi. Çaldıkları besteler yetmedi. Artık üçlüye sardılar. Fransız sanıyorduk yunan çıktılar. Her şeyi çalıyorlar. #aglamaartıkgalatasaray https://t.co/UbHFJglXKM,nefret
"Arap dünyasi fitne fesat, Tam gaz.. Iflah olmazsiniz!... LINK",nefret
"Kimse komplo teorisi demesin.
suriyeli'ler gelmeden önce böyle olaylar yoktu.
Bu cahil dinci güruh büyü için, kedilerimizin bacaklarını kesiyor. https://t.co/bnoGsH0kCG",nefret
#SevgiliSelahattinDemirtas terörist demistas bunlar kürt degil ermeni tohumu  gercek kurt selahaddin-i eyyubi vatanini sevendir,nefret
Dünyanin anasini siken o çinli piçe noldu bana biri bunu söylesin!,nefret
"Bir yahudi on ermeni yi aldatır ama bir yunan on yahudi yi aldatır

Anonim",nefret
"Bu kripto yahudi sitonist köpekler hep bizi kandırdılar.
Çocuklarımızı savaştırıp kendileri keyf çattılar.
Bizim kemalist kriotoların bize yaptığı gibi.
#AnnelerDireniyor",nefret
#türktelekom gibi bir sirketi Arap piçine bedavaya verirseniz böyle olur,nefret
Ülkemde suriyeli istemiyorum bro LINK,nefret
"Boğaziçi üniversitesi geçmişte, Robert koleji olarak yahudi ve ermenilere özel eğitim vererek bir nevi militan yetiştirilen bir yerdir.
🇹🇷🇹🇷🇹🇷🇹🇷🇹🇷🇹🇷🇹🇷🇹🇷
Öğrencilerin? müslümanların kıblesi olan Allah'ın evinin resmini yere attıran karanlık bir eldir ..
  
#KabeyiSavunanFişleniyor https://t.co/whZmBLtUSV",nefret
"birini tanistirirken alevilerde ""yabanci degil bizden"" sünnilerde ""gavur degil bizden"" yabancilarda ""not animal one of us""",nefret
"Endex yukarı giderken bile hisseyi baskılayıp Ky i zarara sokan , satmaya zorlayan yahudi köpeklerinin yaşaması helal midir acaba ?",nefret
Çok sükür bütün toplar güç ediyor Türkiyeden,nefret
Ermeni piçleri dir LINK,nefret
 ardaturan barcelona senin için iyi ki göndermisiz diyor Türkleri de rezil ettin yavsak,nefret
Bence kapatilsin parasini Yahudi den alan bir televizyon kanali #YalanciFOXTV,nefret
tatli tatli coconutimi icerken haysiyetsiz bi suriyeli karsima oturdu ve bundan hoslandim @USER LINK,nefret
"Bunu yapmazlarsa Ingiltere Yahudi Bankerleri, Ingiltere Emperyalizminin silahsörleri olarak Türkiye'yi teslim alacak. RTE, IMF den kredi almayip yüksek faizle bu bankerlerden borç aliyor. Hazine garantisi yemegin kalan kismi. Ingiltere savasta alamadigini RTE ile aliyor. LINK LINK",nefret
"Allahim 
Sen Küçük Isleri Büyük
Büyük Isleri Küçük Yapmaya Muktedirsin
Bu Küçük Isi Öyle Büyüt ki
Tüm Ülkedeki Anneler Ayaga Kalksin
Bu Gavur Ermeni Münafik Gürüh Silinsin Gitsin
Amin Amin
Allahümme Amin LINK",nefret
bati derin devletleri kürt halkinin dostu degildir lgbti'ye degil annelere destek,nefret
 k47cm lan amina kodumun arabi ingilizce söv bari arapca sovme orospu cocugu,nefret
"Devlet artık Ermeni, Yahudi ve Rum vs azınlıkları Türk gösterme siyasetinden vazgeçmelidir..

Onlar Türkleri açık açık bilirken, Türkleri onları Türk bilip oyunlarına düşmeden kurtarmalıdır..",nefret
"Suriyeli ve Afganlar bedavaya,
Katarli ve çinliler parayla ülkeyi isgal ediyor.
Bir ulusun yok edilis hikayesinin tam da içindeyiz.
Ama derdimiz üniversiteler 
Okumus toplumdan neden bu kadar korkuyorsunuz yezid soylari",nefret
Homoseksüel Yahudi TERÖRİST geert wilders... https://t.co/Ziv3VQzAAp,nefret
"Evvelâ telefonunuz size âit olmak zorundadir. Türk Telekom, özellestirme adi altinda Arap'lara peskes çekilirken alkislayan çomarlarin simdi hayiflanmaya hakki yoktur.",nefret
"Kim ne düşünürse düşünsün be derse desin ama ben ülkemde ne Suriyeli ne de Arap görmek istemiyorum ya 
Kendi ülkemde yabancılık çekiyorum resmen rezilliğe bak.",nefret
Ne demek aşağı bakın siz kimsiniz ? Suriyeli hainlere yapmadığınız muameleyi siyasi görüşü ne olursa olsun bu Vatanın öz evladına yapamazsınız o kadar #NutukTim #AşağıBakmayacağız https://t.co/DtFUrNdELQ,nefret
"Oralar tekrar ormanlaştırılır, TÜRK ve Müslüman olmayan, çoğu rus (laz, çerkez, gürcü, ermeni) rum, yahudi, arap,...asıllı hain hırsızlar, sinsi kriptolar, arsız yamyamlar defedilir.
Hesap vermeden olmaz!
Anlayanlara iyi geceler. https://t.co/YpW4Dhorg4",nefret
"yavsak suriyeli'ye bak mk, akplilerden daha iyi türkçe ögrenmis.
#MuhammedNurTutaklansin LINK",nefret
"Rusya Twitter'ı 'Rus yasalarını kasten ihlal etmekle' suçladı via @kibris_postasi https://t.co/lpzM6pM4Ij  @mucit48 
Ruslar önce kendi Facebook larına ceza kessinler. Ermeni katillerle Birlikte soygun,soykırım,servet,Toprak,PETROL hırsızlığı yapıyor 🇹🇷🇹🇷🇹🇷https://t.co/vWAnahDFbl",nefret
Kahpeler yahudi Ermeni Usaklari LINK,nefret
Kendine sol görüşlü diyen biri daha şunu savundu götüne bastım engeli sol görüşlü biri kürt Suriyeli ayıramazmış bal gibi ayırırız dostum,nefret
"TARİHİMİZİ UNUTMAYALIM: Özellikle 1964, 1965  Kıbrıs Türkleri için tam manasıyla ölüm kalım yılları olmuştu. Aralık 1963 saldırıları ile 24 saat içinde Türkleri bitireceklerini sanan rumlar başaramayınca çıldırarak Türk olan her şeye acımasızca saldırmaya başladılar. https://t.co/0iIdA6cQqb",nefret
"Burasi Burma..
Putperest budistler Müslüman çocuklara iskence ediyor..
Müslümanlari yardimsiz birakan her yönetici, Allah katina elleri boynunda gelecektir. Onlara Lanet ve zillet vardir.
Bu devletler müslümanlarin devleti degil, bu yöneticiler müslümanlarin yöneticileri degil.. LINK",nefret
"Birkaç ay önce tüm Ankara’yı gezip gitme vakti gelincede yorgunluktan merdivenlere oturmuştum bitap halde Aştideyken Suriyeli sanıp önüme para falan koyan olmuşlardı ,baya üzüldüm evet https://t.co/XlDM9EJoEy",nefret
ne kadar ermeni piçi varsa  ne kadar rum kalintisi varsa ne kadar yunan döllemesi varsa hepsi #CananKaftancioglu nun kicinda geziyor.. müebbet.. müebbet..vatan hainlerine müebbet istiyoruz.. Alayini vatandasliktan çikarin geldikleri çöplüklere yollayin,nefret
Akp nin kocalarıdır suriyeli  picler https://t.co/iVjY8nSOVi,nefret
Bence Darbe vurma /Bölme /Parçalama partisi Nedim Bey ...Tipki Yahudi teknigi gibi böl/parçala/yönet LINK,nefret
"Türk Milletinin Asirlardir Bilegini Bükemeyenler, Anadolu'dan Çanakkale'den , Izmir'den savasarak  denize döktügümüz gavur bizi dolarla yikamayacagini çok iyi biliyor ama içimizdeki hainleri bu gibi bahanelerle ayaklandirma pesindeler. Fakat Türkiye Eski Türkiye Degil. ????????",nefret
mastermonsters Ya kütük gibi sarki okumus Ruslarin Ingilizce konusmasi gibi...bir de sarkimi popo mu belli dil...güzel olmus mu hayir paraya da em egede yazik diyorum,nefret
"Güney Kibris Rum Yönetiminin Limasol kentinde Irkçi/Islam düsmani Rumlar tarafindan camimize yapilan alçak saldiriyi siddetle kiniyorum. 

Türklüge ve Islamiyete düsman olan Rum zihniyetinin kaybetmesi mukadderdir. 

Bölgedeki soydaslarimiza geçmis olsun dileklerimi iletiyorum. LINK",nefret
#Persembe Bol Suriyeli bir Istanbul sabahindan günaydin.Suriyeli orta kesimlerde hafif siddetli kiyi kesimlerde yer yer görünüp kaybolma seklinde hayatimizin içinde.,nefret
"#ahaberkapatılsın ki Türk ve Türkiye düşmanı yahudi mördakın #YalancıFOXTV'si rahat yalan söylesin 

 https://t.co/BfG8YgtGUk",nefret
Bunlar Türk degil ki degerlerimizi bilsin Ermeni tohumu f''''' ise LINK,nefret
Suriyeli dışında giderm var https://t.co/papnIFCX53,nefret
"ŞU SİYASET SAHNESİNE BAKIN, BUNLARI ÇOCUKLAR, KADINLAR, GENÇLER DİNLİYORLAR. GIYBET,İFTİRA HAKARET, HER ŞEY VAR.BİZE YÖNÜNÜ DÖNMÜŞ ASYA TÜRKLÜĞÜ,BALKANLAR, KAFKASYA SEYREDİYOR.DEVLET ADAMI GİBİ DAVRANILMALI DEĞİL Mİ?İÇİMİZDEKİ RUM, ERMENİ, YAHUDİ, BÖLÜCÜLER DE KINA YAKIYOR",nefret
#hilalkaplanyargılansın bunların hepsi yargılanmalı yahudi ajanlar,nefret
Günaydin ??.. Gerçekten istemezdim bunu yapmayi #ÖzürDilerim ama Istanbula bu kadar çok Suriyeli yerlestirdigi için ben de #IBByeBoykot ediyorum !,nefret
"mineesenyel Çok yazik, gençlerimiz kar kis kiyamet savasiyor biraz saygili olun hayret ediyorum ya ne kadar düsüncesiz insanlar yaziklar olsun ikinci sayfa Office magazin sizde ne kadar meraklisiniz bunlarin abartili hareketlerini gönderiyorsunuz birakin ya kardesim hep beraber birlik olup para toplayip o sehitlerimizin ailesine yardim edin yurtdisinda böyle bir savas esnasinda herkes birlik olup 6 milyon $ toplayip öglenlerin ailesine yardim ediyorlar siz ne yapiyorsunuz elalemin abartili ask sahnelerini gönderiyorsunuz bu ne biçim Müslümanlik ne piçim insanlik benim içim aciyor askerlerimiz için yazik degil mi ana kuzulari na niye onlari düsünmüyorsunuz her seyi hükümet düsünsün oldu .ünlüler ve zenginler neden düsüncesiz hareket yapiyorlar ben hiç anlamis degilim bu insanlari, gençlerimiz savasta canlarina kaybediyorlar bunlarin hiç umurunda degil yaziklar olsun böyle videolari koymayin.",nefret
Suriyeli disinda giderm var LINK,nefret
kürt kardeslerimiz nur pkk pislik kahbe kallestir lgbti'ye degil annelere destek,nefret
Üstün olmak için Türk olmak kâfidir... Üstünlügünü arap'in çölü'nde arayanlara duyurulur...,nefret
"Bu insanlar ülkemizde yillardir efendi bir sekilde yasiyorlar. Hatta ben dogmadan önce de yasiyorlardi. Demek ki Irklar ile bir sikintimiz yok. Suriyeliler sikintili, hain, zalim bir millet olduklarini çok iyi gösterdiler. Bu bakimdan ülkemde Suriyeli istemiyorum. LINK",nefret
Fransiz Yahudilerinin kurdugu Galatasaray Yahudi oyunlarina hiz vermistir  #GSvKSM,nefret
"RUM kaşınıyor.
""Güney Kıbrıs’ın Limasol kentinde camiye saldıran alçaklar
Cami duvarına haç çizip “Türklere ölüm” yazdılar.
#EceliGelenİT cami duvarına... https://t.co/0zjcLj5gkU",nefret
"Batı bir hırıstıyan topluluğudur.
Kendinden olmayanı, kendisinin kölesi olarak görür.
Hala batı hayranı ahmaklar bunun farkında değil.
Kabukluya bayılıyorlar. https://t.co/vhDbtllxRn",nefret
Dün okudugum bir habere göre daha çok kayiplar yasayacagiz gibi.30 suriyeli doktor tus sinavi olmaksizn atanmis.bu nasl bir rezalettir. Zaten bnlarn yanls tedavileri sonucu bir çok vatandasmz ölmüs. Insan hayati bu hiç birsrye benzemez #aliemiriçinadalet,nefret
gnenekss bi kurtulamadik serefsiz erkeklerden,nefret
"Suriyeli cihatçi katiller akin akin geliyor, kendimiz aç kalip doyursak yetmez, adamlar s*kmek isteyecek..
SK",nefret
1 Suriyeli + 1 Afgan alsak kaça bırakırsın fiş de almıycaz https://t.co/cGg9h6dIKU,nefret
Trabzon ve Dogu vilayetlerini Rum ve Ermeni Çetelerin saldirilarindan korumak için baslayan bu kutlu yürüyüs misak-i milli sinirlari içerisinde vatan bir bütündür bölünemeze dönüsmüstür. Bir Ermeni çetesi olan @USER ye de gereken yapilacaktir.,nefret
LINK Sahib çik Türkiyem bu Kürt Türk meselesi degil bu Büyük Israil projesinin uzantilari Arzimukaddese yolaçma isi burda dogulu kardeslerimizi seçtiler bunuda ermeni ve vatan haini kim varsa onlarla devam ettiriyorlar yeter yeter bu zalimlerin yaptigi ses ver,nefret
"Ermeniler aslında Rus, İngiliz ve Fransızlar tarafından suistimal edilmiştir. Ayrıca Ermeni lobisi denilen oluşum da Ermenistan'daki Ermenilerin daha iyi bir hayat yaşaması için uğraşmıyor.",nefret
mekanda yunan lavuga cok fena kitlendim gozlerini kaciriyor denyo,nefret
"Bu coğrafya da 
Yahudi ler 2 isimli
Hiristiyan lar 2 isimli 
 Müslümanları kandırmak için olsa gerek!!!
bi adı Mehmet diğeri Şimon",nefret
#7eylül #aydin #yunan ı denize dökmeye 2 gün kaldı. #sanaborçluyuzatam https://t.co/ZWOJVbIt61,nefret
"Rumlar türkler savasmadan 
Kiyamet kopmayacak 
savas oldu bitti  
hocama söyleyin @USER
2018 afrin 
baska Rum ariyorsunuz
@USER",nefret
Bir mesele anlaşılmadan bu ülkede dönen dolapları anlamak imkansızdır. Özellikle osmanlı sonra da cumhuriyetin ilk yılları olmak üzere bu ülkeye kabul edilen yaklaşık bir milyon YAHUDİ! İspanyadayken Katolik buraya gelince Müslüman ayaklarına yatan dönmeler! Samuel Eto'o,nefret
gözümüz aydin yeni suriyeli akimi geliyor erdogan kendi agzi ile diyor #ibbyeboykot #israf #yenikapi #birkezolsuntepkikoyun #suriyelileristemiyoruz #suriyeliler,nefret
#Turkey about #Italy #France #IntersectionNews Kurnaz Rumlar harekete geçti! Italya ve Fransa'ya Dogu Akdeniz'de yeni ruhsat! LINK Shared through @USER,nefret
yunan'i izmir'den tam kovamamislar ya. dedem 18 yasinda selanik'ten gelmis. yüzmeyi de bilmiyor zaten. üzgünüm ama mission failed!,nefret
Bu ermeni oyununu zulmünü Kürt Annelerimizin duasi çözecek INSAALLAH....#AnnelerDireniyor,nefret
"05.09.1921
Cephemizin merkez ve sag kanadina yapilan Yunan saldirilari epey gevsedi Baskomutanligimiz, Yunanlilarin gücünün tükendigini anladi ve simdi saldirma zamani

98 yil sonra yürüyüsümüz devam ediyor Gazi Tepe

Devam Edecek

@USER @USER @USER LINK",nefret
evcil hayvaninizla fotograf çekilmeyi nasil basariyorsunuz. benimki kamerayi görünce vergi görmüs suriyeli gibi kaçiyor da.,nefret
çabalayarak bir üniversite kazanıyorsun. piç kurusu suriyeli çıkıp seni boğaz kesmeyle tehdit ediyor. Böyle düzenin ....,nefret
"Dünyayı sömüren, müslümanları çoluk çocuk demeden katleden hıristiyan dünyası değilmiş gibi, barıştan, dostluktan söz etmesi ne kadar iki yüzlü olduklarının en açık göstergesi. https://t.co/iePXirAAtt",nefret
"Fişlerseniz https://t.co/k3FbRG21BX kulu memnun etmek için yaratilmadik .Rabbimiz razıysa. Sizin ehemmiyetiniz yok.Artik bu zihniyete gereken yapılmalı.bizim düşünemeyen müslümanlar halen neyi bekliyor .uyanın artık bunlar ya ermeni ya yahudi   asilli
#KabeyiSavunanFişleniyor",nefret
siyah5737@USER ne kadar Yahudi ermeni Hiristiyan bozmasi Müslüman dönmesi varsa burada kutlariz oh derler 3 5 agac için götünü yirtanlar burada katleder Allahtan Avrupa birligi almiyor utanmasalar vatani da satar bunlar,nefret
"Teröristler
Türk Düşmanları
Vatan Hainleri
Ermeni Uşakları
Fettoş İb.leri
Asalak Yaratıklar

ACI ÇEKEN ANALARA ÇOCUKLARINI VERİN",nefret
"Soyu ermeni olan nerden bilecek ki kürdü? 

#BirKezOlsunTepkiKoyun https://t.co/BVnW6Uf5FA",nefret
"Ne kadar yunan artigi yahut ermeni tohumu varsa, Temel beye 'ingiliz temel' diyor. LINK",nefret
#7Eylül Aydın'ın kurtuluşu muzafferdir. Yunan mezaliminde kan kokan şehiri kurtaran yiğitler... https://t.co/cebeLTsrZi,nefret
"Bir millet düsünün 1876 dan beri savasan ülkesi isgal edilmis varini yogunu ortaya koyup kadiniyla yaslisiyla savasip ülke kazanmis.
TÜRK.

Bir millet düsünün ülkesine bikaç bomba atildi diye anayi baciyi orada birakip istanbula kaçmis.
suriyeli
     #SivasKongresi",nefret
Ne açi bin yildir dünyaya jandarmalik yaparken 403 yil yönettigimiz kiytirik Yunan'dan kurtulduk diye kurtulus günleri düzenlemek Kemalizm budur çünkü yalanlarla dolu kurgu,nefret
CHPkk zülümdür ahlaksizliktir Dinsizliktir diktatörlüktür hainliktir Türk ve islama karsi kurulan bir Yahudi projesidir LINK,nefret
"Pkk'lı Teröristlerin Ve Ermeni Canilerin Yılmaz Savunucusu Canan Kaftancıoğlu 9 Yıl 8 Ay 20 Gün Hapse Mahkum Edildi.

Var Olsun Devlet 
Var Olsun Millet https://t.co/BA2R6nmSfX",nefret
"Suriyeli asakaklar Anneannenizden örnek al ,gidib destek olun sülükler. LINK",nefret
"70 yıldır, bozuk amaçlarını, soylarını, suçlarını din, ideoloji ve toplumsal değerler ile saklayıp, aldatan, yahudi/hristiyan rusların (laz-çerkez-gürcü-ermeni) yönetiminde, yahudi/hristiyan abd eyaletiyiz.
MİT DEVLET DEMEKTİR!
MİT çerkezde/rus, hükümet gürcüde/rus!
BİRLİK TÜRK https://t.co/aexStGa2A0",nefret
 Arda turan Caner kurtarsin seni simdi hadi amk ekosu??????,nefret
suriyeli muhammedi yakalarlarsa  öttürecekler yakaladıkları yerde halepten gelmiş burayı karıştırdı gitti,nefret
"Hırsız Tayyip tagini görünce insanlıktan nefret ettim. Meğer ne çok p*ç varmış bu ülkede... ne çok nankör varmış.. ne çok kripto yahudi uşağı avengelist papaz yamağı varmış.. 
Bu tagi açanları, açanlara destek olanları, görünce sevinen sevindikçe kişneyenler! Tövbe tövbe... 🤬",nefret
"o gece ""ailecek"" iyi horladık :))) bugün biri Rakı'dan kaçar, diğeri UZO'ya takılır, ""yunan tohumu"" da deel emme :))) Ama sırf ""erken yaşta rakıya başlamışım"" dedirtmek amaçlı ise, ZARAR.... Çay bile içirmezlerdi bebekken (anlatılanlara göre) en basitinden, uyuşturucu bağımlısı",nefret
Taymda inanılmaz derecede devrimci Kürt maskesi takmış boklar var !!!,nefret
Ülke de ne kadar Suriyeli savunucusu varsa anasini avradini sikiyim.,nefret
"#BirZamanlarKibris Dizisi ne kadar ses getirdi yahu.
Simdiden hazimsizlik yasayanlar belirmeye basladi.
Rum bile daha baslamadi elestirmeye bunlar basladi sayip sövmeye, içimizde ki Rumlar baslikli bir dizi da çekilip yayinlansin bence.",nefret
"Sanki yunan isgali !
#5816YasasiInsanHaklarinaDarbedir 
#5816YasasiInsanHaklarinaDarbedir LINK",nefret
"#Akpcocuklari Benimde polis jandarma Yahudi'nin emriyle peşimde koşuyor
Ama bir türlü üzerimde mal yakalayamadılar
Ama maskem boynumda diye ceza kesmekle yetindiler
YAHUDİLER ÖLECEK
YAHUDİLER ÖLECEK
YAHUDİLER ÖLECEK",nefret
"Kürt kimligi, Kürtçe anadil Bayraktarligi yapanlarin alayi Ermeni, Rum, Yahudi kirmasi..

Kendi kimlikleri gizliyken Kürtçülük yapan Ermeni, Rum, Yahudiler Kürtleri çok mu seviyorlar?
Kendi kimlikleri önemsiz mi?",nefret
"Su suriyeliler biraz fazla olmaya baslamadimi?türkiyenin bilmem neresinde bir çocugun gözünü kasiklami ne biseyle çikartmislar Türkiye'deki siyahiler bile söyle söylüyor""biz insanlar rahatsiz olmasin diye plajlara girmiyoruz ama bir Suriyeli bir kadini rahatça orda t@USER!z ediyor""",nefret
"2. EL ARAC ALMAK ICIN 
MUSLUMAN ULKESINDE 
GAVUR EZIYETI CEKIYOZ 
#Araçalamiyoruz",nefret
"Algici , kansiz , Yahudi kirmasinin usagi#SeytaninAvukatiRidvan",nefret
ALLAHsiz serefsizler. Yahudi KOÇun Türk Milletini Futbol üzerinden ayristirmasini izlemeyecegiz. O koltuklara sizi ters çevirip oturtacagiz o.ç.lari  #nihatözdemiristifa,nefret
"pkkyi öven kim varsa onun yaninda durup hdpli piçleri kim sivazliyorsa, az bekleyin Türkçüler gelecek. Sizi o televizyonlardan söküp alacaklar. Agziniza siçtigim pis lagim agizli ermeni seviciler.",nefret
"05 Eylül: Nazilli, Salihli ve Alasehir Yunan isgalinden kurtulusu
7 Eylül: Aydinin kurtulusu
... 
15 Ekim: Asiklar bayrami- Kirsehir
...
22 Kasim: Kennedy anmasi- Abd
...
14 Aralik: Hegel anmasi- Almanya

Uzar gider.. LINK",nefret
"Hukuk devleti dedigin Türk milletini ve dinini devletin kurumlarina sokmama fakirlestirme bölme adkeri polisi mayina sürme, banka hortuumlama rejimiydi solteker. Türk milletinin adaletini begenöiyen Ermeniler ermenistana Rumlar Yonanistana! LINK",nefret
"Cumhuriyeten ilanından sonra Türkçe kimlik Türkçe İsim alan Bize benzeyen adı Ahmet mehmet ali hasan  hüseyin osman olupta, 
Sabataist Yahudi Ermeni dönmeler Rum bozuntuları o kadar çok ki,  Bunlar 100 yıldır Türkiyenin ayağa kalkmasını istemeyen Türkiye Düşmanlarıdır. https://t.co/TGRP6sGHkp",nefret
Türk vatandasligindan çik evli kadinlara ve bundan önce Fatih Terime satasmalarin yeterli piç,nefret
Tuncelilerde bunu derdi PKK bizden degil Ermeni bunlar derlerdi LINK,nefret
"3,5 Tane Gavur Ermeni Dölü Şerefsiz  Ülkede Tecavüz Yapıyor Kadın Kız Öldürüyor,3,5 Tane Gavur Ermeni KadınÇıkıp KocalarınıÖldürüyor,3,5 Tanesi KarılarınıÖldürüyor,Onların Yüzünden HerkesBirbirinden Şüpheleniyor,Bütün Kızlar Bütün Erkekler Bütün Aileler Birbirinden Şüpheleniyor..",nefret
Pkk Kürt’lere değil Kürt görünümünde Ermenilere hizmet etmektedir. Amaçları büyük İsrail ve büyük ermeni devleti kurmaktır. Kürt’leri de bu amaçla maşa olarak kullanmaktalar. Çok şükür ki korkusuz anneler sonunda seslerini çıkarma cesareti gösterdiler. https://t.co/gI0eBCtuo0,nefret
"Budur.
1071'de, Bizanslilarla savaştık.
Rum yahudisi barzani Kürt lider ise, kürtler kim? TÜRK ve Türkmen'den devşirme Kürt ayrı. 
Rus/rum yahudisi gürcü retö TÜRK DEVLETİNİN başında ise, TÜRK nerede?
pkk, ermeni/rus hristiyan terör örgütü.
Kürtçe alfabe rusya'dan.
Anlayanlara! https://t.co/Q60c3ib7vY",nefret
TÜRKIYE ABAZALARIN IDÖLÜDÜR ARDA TURAN ??,nefret
"Dersimli #BakkalKemal'in #Kuşadası'na tayin ettiği Siverekli prensi #ÖmerGünel Kuşadası'nın #Yunan işgalinden kurtuluşu haftasında halkın aklıyla böyle alay etme cüreti gösteriyor:

#KemalKılıçdaroğlu #YeniCHP #7Eylül
Halk alçakları kovacak! https://t.co/8epqPabH91",nefret
"Bir ermeni veya rum, çinli gibi tarihi düsmanlarim hayatimi bile kurtarsa ona Türk dostu gözüyle bakmam.Kesin gelecekte  kendi siyasetine yatirim amaçli yardimima kostugunu düsünürüm.??",nefret
"Papaları, Hristiyan işgalci dindaşlarının daha çok masum insanı katletmek için ayin-dua seansı düzenlemekle meşguldüler. Şimdi aynı inancın tek lideri olan Papa Francis “katilin cinayet mahalline dönüşü” gibi yerle yeksan ettikleri Irak'ı ziyaret ediyor. https://t.co/XkbqKIGl8d",nefret
Bu ne olm her yer arap kaynıyo,nefret
"28 Ocak 1992- Hankendi yakinlari

Agdam'dan Susa'ya giden, içinde sivillerin oldugu helikopter, Ermeni teröristleri tarafindan düsürüldü. Terör olayinda kadinlar ve çocuklar dahil 44 ve 3 pilot Azerbaycanli sehit oldu. LINK",nefret
"Ermeniler ve Rumlar, Türk hakimiyetinin olmadığı her yerde kalan sivil Türkleri öldürdüler. Ben Yalova'da büyüdüm, bunları yaşayan son nesili gördüm. Atatürk, Türkler, Marmara,Ege Türkleri için kurtarıcı. https://t.co/gw8uTpFrhf",nefret
Arap sevici zeynep karatas nerede https://t.co/4t2uWmFKHN,nefret
relfdmrkya Biri Ermeni'ydi iyi olmus yazmis. Aralarinda iyisi de var kötüsü de var. Insanlari bu sekilde ayirmayi birakin. Türkiye'de de en çok hakarete maruz kalan sanatçi benim fikrimce. Gözünde ki rahatsizlik çocukluktan itibaren çogu kisinin basina gelebilecek bir sey. Ha adam bu durumu silkemiyor orasi ayri.,nefret
hosgörü ve baris dini islamda bugün! pakistan'da yobaz bir meyva saticisi müslüman bir kadinin muhammed'in yasakladigini iddia ettigi kiyafetleri giyerek bisiklete binmesinin kendisini utandirdigini söylüyor! bizde senin varligindan utandik müslüman!,nefret
Altı üstü Eko belediye bşk. Halkı tehdit ediyor. Belediye başkanısınız tehdit ediyorsunuz. Olur da bu millet gaflete düşer de iktidara gelir iseniz. Dinsiz imansız üç yahudi den daha beterini yaparsınız. https://t.co/AcUnrDD04c,nefret
ensar muhacir benzetimlerini bir çirpida geçelim... onlar suriyeli olgusuna toplumsal onay boyutu kazandirmak için piyasaya sürülmüs lakirdilar!...,nefret
"Ha Timur'un filleri, ha recepin suriyeli'leri.
Bu doymak bilmeyen canlıların yükü hep anadolu insanına yük oldu.",nefret
"Yahudi güdümünde çalışan , Dış mihrap'ların tetikçiliğini yapan @FOXhaber kanalı, yine  İzmirli çiftçi lere yardım yapılmıyor diye bir algı operasyonuna girişti, Bakanlık bu yalan belgelerle çürüttü, @FOXhaber'in Dış güçlerin kanalı olduğu gerçeği ortaya çıkmıştır...",nefret
"#SON #DAKIKA.ARTIK BU ZIHIYETSIZLIGE DUR DEME ZAMANIDIR.kizlarimiz Çocuklarimiz tehlike altindalar duyarsiz kalmayalim.yüce Türk Milleti.??????????

Suriyeli 10 siginmacinin Denizlinin Kale ilçesindeki 14 yasindaki N.D. isimli kiz çocuguna tecavüz ettigi iddia edildi.
polis ?????? LINK",nefret
"Arkadaslar çok afedersiniz ama bu amina KODUGUmun bazi yandas medyalari (ATV,startv,TRT,Ahaber) Suriyeli yavsaklar taciz kavga gibi olaylara karistigi zaman neden yabanci uyruklu diyorlar ANANIZ SIKIM SIZIN COK ÜZGÜNÜM ARKADASLAR TEKRARDAN",nefret
#AnnelerDireniyor Hdpkk kürtlükle kürtlerle alakası olmayan müslüman kürtlere zulmetmek için kurulmuş bi ermeni oluşumudur,nefret
"Fakirlik :(
ülkemin güzel insanları canlar can,  sen bunları doyur bak ev ver kıyafet ver aş ver,,,    suriyeli hayinlere bakacağına... https://t.co/vcQR5xDxn6",nefret
"Turgutlu İlçemiz, 29 Mayıs 1919’den  7 Eylül 1922’ye kadar Yunan işgali altında kalmıştır.İlçedeki yangınların ardından 7 Eylül 1922’de Turgutlu düşman işgalinden kurtarılmıştır. Memleketin her karışında emeği olan Aziz şehitlerimizi rahmet ve minnetle anıyoruz
#Manisa #Turgutlu https://t.co/EznUIRwDFH",nefret
"#TürkTelekom özelleştirilerek Arap şirketi olan Ojer e satıldı ve araplar Türkiye de alt yapıya hiç bir şekilde yatırım yapmadan sadece fatura paket fiyatlarını artırarak Türk halkına akp iktarı ile büyük kazık attılar. 3.5 G, 4.5 G vardı hani ne oldu? 5,8 #deprem de yok oldu.",nefret
hoşgörü ve barış dini islamda bugün! pakistan'da yobaz bir meyva satıcısı müslüman bir kadının muhammed'in yasakladığını iddia ettiği kıyafetleri giyerek bisiklete binmesinin kendisini utandırdığını söylüyor! bizde senin varlığından utandık müslüman!,nefret
7 Eylül; Türk Ordusunun Başkomutan Mustafa Kemal Atatürk önderliğinde Aydın'ın Yunan İşgalinden Kurtuluş Günüdür. Kurtuluş Günümüz Kutlu Olsun 🇹🇷🇹🇷,nefret
Hastanedeyim önüm arkam sagim solum suriyeli,nefret
Ankara'da Suriyeli bir sahistan 14 bin paket kaçak ilaç çikti... #Ankara LINK,nefret
Millet yemek atiyor. Müslüman mi gavur tohumu mu  bilemiyorum ben. ??,nefret
senin KABILENI SIKEYIM AQ SURIYELI GO HOME YETER AMK YETER DINDEN IMANDAN çiktik!!,nefret
"satılık yahudi ve ingiliz piyonları görevlerini icra ediyor.şaşırmamak lazım..
Lübnan'da Türk Büyükelçiliği'ne saldırı https://t.co/S0gWjkwjTv",nefret
Serefsizler hainler Atamizi anmadi..Düsününki Musevi ve Hristiyan cemaatler andi Atasini. Utanin soysuz Arap soylari..,nefret
"Kendi ülkesinden kaçan Suriyeli Işid teröristi müptezele ne zaman işlem yapacaksın @suleymansoylu burası “Türkiye Cumhuriyeti Devleti” canımız sıkılıyor! 
#MuhammedNurTutuklansın",nefret
"1-Tüm yetkilerin tek adama geçmesi için önce senatoyu kaldirttilar, sonra TBMM islevsiz birakildi, sonra vesayet tartismalari baslatildi ve son olarak sira T.C. Devletini tamamen yok edecek bu talebe geldi. Buna Ingiliz Oyunu denir. RTE bu ülkeyi Ingiliz Yahudi Bankerlere satiyor LINK",nefret
"Mevcut iktidar basimizdan gidip,milliyeçilik narasi atip, arap sevicilerle ittifak yapanlar yok olunca,Türk gibi yasayip,Türk gibi davranmaya baslayinca,hepsi olur hocam. LINK",nefret
Bugün bi grup oğlan suriyeli gördüm moralim bozuldu yine,nefret
saçımı düz yapıyorum suriyeli diyorlar kıvırcık bırakıyorum şehinşah özentisi diyorlar olum siktirin gidin lan mal mısınız aq,nefret
gamze3047 Anasindan firlayan sarkici yaparsaniz sonumuz nereye gidiyi merak konusu lanet kari popo sallayarak mars söylemis #dogus ucuz kurtuldu bu kariden??,nefret
 un.ba inan bana eger arda Barcelona da her maç oynayip gol atsa kimse yaptiklarina karismaz ama Türkiye'de maalesef futbolcu 'yu medya yükseltiyor arda nin zaten medyada seveni yok adam agziyla kus tutsa medyayla arasi iyi olmadikça bir ise yaramaz yarin bir haber yapilsa ardanin hakkinda herkesin tepkisi belli olur ama bundan 3 sene önce medyayla arasi iyi iken arda asagi arda yukari her futbol programi ardanin götünü yaliyorlardi bir gazeteciyle kavga etti adamin kariyeri mahvoldu,nefret
BU ARAP SEVICI IKTIDARLAR YÜZÜNDEN TÜRK HALKI IKINCI SINIF VATANDAS OLDU. BUNLAR VE BUNLARA OY VERENLER ÜLKEYI MAHVETTILER LINK,nefret
"Artık Suriyeli değil, gerçek öz evladın, alinteri ile çalışıp yillarca primini ve vergisini devletine ödeyip kaymadeger sağlayan biz #EYTninYanındaOlun @Akparti @RTErdogan @dbdevletbahceli @NumanKurtulmus @avcahitozkan  @_MHPistanbul_ @ahmetsoysalmhp @MHP_Gundemi @mhpesinkara",nefret
"pkk 80'li yıllarda güç kaybeden asalanın devamıdır.Bu ülkede kürt sorunu yoktur.Bu ülkenin en büyük sorunu ermeni sorunudur.Türkiyede yaşayan hiçbir kürt,ermeni diasporasının umurunda değildir.Oyuna gelmeyin,ermeniye inanmayın.""HdpPkknın SiyasiAyağıdır""",nefret
40 kişi olunca Uygurları Çin zulmünden  313 kişi olunca Kudüs’ü yahudi zulmünden kurtaracağız. Ama şu an 2 milyar kişiyiz ve Kabe’yi Ebabillerin  kurtarması İçin dua ediyoruz.  #KabeKutsalımızdır https://t.co/NUzpgJXnIQ,nefret
Anasi belli babasi belli degil ermeni tohumu LINK,nefret
"gentiles yahudi olmayanlar gözlerinde ruhu olmayan hayvanlardır. ""yahudi ruh"" tanrı enkarnesidir. her yahudi etten bir ""tanrı"" dır.",nefret
Yaklaşık 54 bin esnaf kepenk kapatarak iflas bayrağı çekti. Tüm ülkeye yayılan Suriyeli Mülteci iş yerleri de esnaflarımızın işini olumsuz etkiliyor. https://t.co/Z69alhlsVf,nefret
Istifa orospu evladi darbeciler istifa ananinizi siktimin yahudi dolleri #nihatözdemiristifa,nefret
"2021'in yalnizca ilk ayinda 23 kadin erkekler tarafindan öldürüldü, 14 kadin süpheli sekilde ölü bulundu. LGBTI'ler her yerde her an siddete maruz kalirken, savciliklar bunu insan haklari ihlali saymadi. Emekçiler sadece Kürt, Ermeni, Laz ... oldugu için her gün siddete ugradi LINK",nefret
"Ortalık Tayfun Yılmaz Vine 'larına Döndü "" Bu Yussuk Mevzuu Kapansın Artık Ha! "" -Biz Ne Zaman Ülkede Kendi Kendimize Kalacağız? Ne Zaman ""Yıllardır arap görmüyoruz he, bir zamanlar ülkeye haşere gibi dalmışlardı"" öbeklerini kullanacağız.",nefret
Istanbul da yasayanlar siçtiniz kardesim otobüstekinlerin hepsi Suriyeli ve Istanbula geliyorlar size transfer getiriyorum,nefret
bu kadar orospu çocugu bi camia olamaz ya anasini siktimin yahudi piçleri,nefret
"Ülkeyi soymuslar sogana çevirmisler. Herseyini Arap'lara peskes çekmisler. Simdi tulumbada su bitti diye birbirlerini yemeye baslamislar, bunu yazabilen tek gazete kalmis onu da susturmaya çalisiyorlar. KURTULACAGIZ SIZDEN, KURTULACAGIZ! AZ KALDI... #gazetesozcu",nefret
Bu tagi açan fetö piçlerine sorsan gusül abdesti almasini bilmezler seriat isterler gayeleri de seriat degil rum Ermeni ve Yahudi kirintilari bunlar #KemalizmEsaretineSon,nefret
Hdppkk kürtleri savunuyor diyen kahpe soyu ermeni tohumları hami hdpkk nerde bu annelerin hanında kim var #bunlarkürt,nefret
"Ermeni sevici Din Düşmanı Canan Kaftancıoğlu' na ,9yıl 8 ay ceza verildi :))) https://t.co/SmsjVhDwJf",nefret
biz gavurlar gibi gavur olmadikca bu gavurlar bizi sevmez cok şukur bizde musluman oldugumuza gore tek disi kalmis canavarlarin bizi sevmesini beklemek ahmaklik biz boyle iyiz durmak yok yola devam,nefret
"#HırsızTayyip 1,5 milyar islam aleminin kalbini,gönlünü çaldın içimizde ki bir avuç Kılıç artığı , ermeni,rum,yahudi dönmelerini memnun edemedin, sana olan nefretlerinden lgbt li sapık oldular !",nefret
"Atatürk düşmanı, Ermeni sevdalısı, PKK dostu üç kuruşluk insan güle güle seni özlemicem @ccanannnnnn",nefret
28  Subat bu ülkede gayrimüslim islam düsmani ermeni yahudi hiristiyan yunan  vatan haini kanibozuk satilmislarin darbe günüdür rabbin soylarini helak etsin insallah,nefret
"Ermeni soykirimi var diyen ve ermeni terör örgütü pkknin borazanligini yapan , agalik sisteminden beslenen ve perde arkasinda asiret & aga kadrolarindan olusan, aslen kürte de düsman olan 
HdpPkknin siyasiAyagidir",nefret
"Hdp demek bizanzs tohumu demek 
Hdp demek Yahudi kuklasi olmak demek LINK",nefret
"#BirZamanlarKıbrıs Dizisi ne kadar ses getirdi yahu.
Şimdiden hazımsızlık yaşayanlar belirmeye başladı.
Rum bile daha başlamadı eleştirmeye bunlar başladı sayıp sövmeye, içimizde ki Rumlar başlıklı bir dizi da çekilip yayınlansın bence.",nefret
"Kendi ülkesinden kaçip gelen bu suriyeli oç , benim ülkemde terör eylemi yapacak 
O göt sende olsaydi ülkenden kaçmazdin LINK",nefret
"Papa Iraki ziyaret etmis, herhalde
Hiristiyan terorunu yerinde gormek
Istemis. 2 milyonu asmis karilami
Gorup hacli katilleri vaftiz etmis ve
Gunah cikarmistir. Ha unutmadan
Sii alim(!)sistaniyide kutsamistir.",nefret
"HAT SATARKEN 4,5G,
KULLANIRKEN 3G
, DEPREMDE servis yok 
TABI KI; TÜRK TELEKOM
Deprem durumunda 6 G 'yi kaldirmadi tabi .
Fakat ben Turkcell'de böyle bir sey yasamadim. 
Arap ve Ingiliz 'in ugradigi yerler ne isse  çökmüs..
Hep derim ,Ingiliz ve Arap varsa orda huzur yok.",nefret
"Deniz Kuvvet., Ingiliz gemisinin Türk karasularinda atisli tatbikat yapacagini duyurunca Atina, bu koordinati sahiplenip Navtex yayinlamak istedi. Türk ve Yunan donanmasinin ayni noktada egemenlik ilani tansiyonu yükseltti. Yunan Türkiye'nin çizdigi siniri asmaya cesaret edemedi LINK",nefret
Haber kanallari Hep Pkk nin ekmegine yag sürüyordunuz Kürtler ile Ermeni olusumu pkkyi bir tuttunuz Neden simdi Bu Annelere destek çikmiyorsunuz Yoksa Vatanseverliginiz para mi ? Haber degeri tasiyormu bu Annelerin durumu #BirAnneBirDevrimDogurur,nefret
"LGBT
#DevletiminYanindayim bogazicine hakim olan zihniyet,yahudi dönmeleri sebataistler.kendileri anlatiyor. LINK",nefret
Düşünün bir ülke var adı  Türkiye ama yöneticilerin alayı Türk düşmanı arap yahudi ermeni devşirmesi milletinde ise çıt yok,nefret
"""Ermeni'nin, artik ebedî düsman oldugunu kabul ve teslim etmemiz gerekir. ""Maziyi unutalim, kardes olalim!!"" demekle hiçbir mesele çözülmez; hiçbir düsmanlik giderilmez. Düsmani dost sanmak kadar tehlikeli yanlis yoktur."" 
_/Atsiz LINK LINK",nefret
"Nitekim bu çerçevede hem Ermeni Tehciri hem de Rum Mübadelesi yerli yerine otururken, gerek Varlik Vergisi gerekse de 6-7 Eylül'ü açiklayabiliyoruz. Yahudi parasiyla çikartildigi bilinen Hürriyet Gazetesi'ni de unutmaksizin... :)",nefret
"#AnnelerDireniyor 
Muhafazakar kesimle dalga geçen ermeni kökenli chpli LINK",nefret
"Imamoglu denen adam Yahudiler tarafindan yönetiliyor, yahudi nin taktigi  budur, çamur  at  tutmazsada  iz  birakir, iste  taktik  bu  yalan dolan  iftira  çamur LINK",nefret
Kendine sol görüslü diyen biri daha sunu savundu götüne bastim engeli sol görüslü biri kürt Suriyeli ayiramazmis bal gibi ayiririz dostum,nefret
"Budur.
TÜRKIYE'DE GERÇEK GÜNDEM : AS-IS-HUZUR!
TÜRKIYE TÜRKLERINDIR!
TÜRKIYE TÜRKLESMELIDIR!
TÜRKIYE'YI TÜRKLER YÖNETMELIDIR
Not: Çogu rus asilli yahudi, hristiyan hain hirsizlar, arsiz yamyamlar sonlarinin geldigini, vatansiz kalacaklarini, hesap vereceklerini görüp, korkuyorlar LINK",nefret
"Atatürk gelmiş geçmiş en büyük Türkçü ve Türk milliyetçisidir. 

Atatürk adeta bir Türk'lük dehşeti saçmış, Turk'lugu sahlandirmistır. 

Arap usagi, Ummetci ve emperyalist isbirlikcisi cakma Ataturkculer degil, Gercek Atatürkçüler  Atatürk'ün bu özelliğini cok iyi bilirler...",nefret
Samsun'da Suriyeli kavgasinda biçaklar konustu LINK,nefret
"Bu suriyeliler de ne bir vatan sevgisi ne bir millet olma bilinci vardır. Bunlar sürü halinde yaşar ve ölürler, kültürleri kabile devletine uygundur. Ek olarak arap kültürü dominanttır türk kültürüne.",nefret
"Özgürlük savasçilari,baris kelebekleri kürt teröristler... LINK",nefret
"*Kürtleri Katleden Milletler ve Devletler Müslüman!
*Kürdün Mali ve Namusu helaldir diye fetva veren din adamlari müslüman!
* Kürtlere bir Kürsü(Temsil hakki) vermeyen Dünya Islam Alimleri Birligi Müslüman!
Ammaaaa!
Kürtleri  Soykirimdan Kurtaranlar ise Hristiyanlar

Kim Gavur ? LINK",nefret
"#AilemdenUzakDur bu melaneti yahudi bize niçin yutturdu ve bütün lobileriyle, para, sanayi, siyaset, mason+lions+rotary, ab, ta bm'ye kadar bu melanet devam etsin diye bastırıyor? çünkü dert, milleti devletinden soğutmak ve savaş gücümüzü kırmak 👇
https://t.co/5TucKOzJhs",nefret
"Vahim olan uluslararası hukuk kavramlarından bihaber olan ve şahsi inancını görevinin önüne geçirmiş bir Arap sevici  göç idaresi genel müdür yardımcılığı yapabiliyor.
Bunun adı, Vatandaşı olduğu ülke  yerine Suriye çıkarlarına hizmet . https://t.co/EoYj9iiTIt",nefret
#BirKezOlsunTepkiKoyun Diyarbakir da ki eylem tüm Türkiye'ye yayilirsa Türk Kürt Ermeni Laz Çerkez Bosnak vs demeden bir olunup fazla degil her gün 1 saat tüm Türkiye pankartlarla eylem yaparsa (yabanci dillerde dahil) ne hdp ne pkk nede diger teror orgutleri çit dahi cikaramaz,nefret
SIKTIR GIT AMIN DÖLÜ YETER ARTIK PASINI TOPUNU ANANI BABANI FASINI SIKIYIM SENIN SARI SAÇINI CIVCIVLE SIKEYIN IYTIN DÖLÜ YETER ARTIK GIT SU TAKIMDAN YA ALLAHIN BELASI BABANENIN KEMIK ILIGINI SIKIYIM GIT SLLAH IÇIN GIT ARAPLARA GIT BAK SEN YAKISIRSIN ORAYA AMA SIKTIR GIT DUYGUSUZ PEZEVENK,nefret
"Bir Ülke'nin tüm ticari organları ve Eğitim yapısı 100 yıldan fazla
Mason, Ermeni ve Rum kesimine teslim edilmiş ise,
Küreselcilerin maskarası olmasına'da  şaşırmayacaksın
Millet olarak Tek kurtuluş reçetesi
İçimizdeki hainlerin temizlenmesidir.",nefret
"#KumpasTescillendi
#Soylu 
Yillardir yöre halkina kepenk kapattiran hdpnin, simdi kendi kepenkleri kapali.
Maskeniz düstü.
Ermeni soylari, kürtlere en büyük zarari siz verdiniz.
Kürt düsmani hdp LINK",nefret
"Bunlarda SOLUN cahil yobazı..
Resimdeki insanlar , PKK destekçisi, terörist CHP İl Başkanı Canan kaftancıoğlu için Çağlayan adliyesinde toplanan kalabalık....
Kahrolun hepiniz ...
Yunan faşisti ile Atatürk'ün ne alakası var... https://t.co/cFSeOr0EG1",nefret
"Kadinlardan daha büyük tehlike yok. Bölüp yönetemez, sindiremez. Türk, Kürt, Ermeni, Rum, Yahudi, zengin fakir, genç yasli, okumus okumamis, çalisan çalismayan, köylü kentli, hiç fark etmiyor. Çünkü bu feminist isyan.",nefret
"Sizler yahudi köpegisiniz,tv'ye çikan her muhafazakâra Kamali sormasaniz olmaz",nefret
"Suriye de Suriye li lerle savasan 
Ülkemizde  Suriyeli serefsizleri 
Besleyen 
Tek 
Manyak 
Ülkeyiz
#suriyelileriistemiyoruz",nefret
"Yunan isgalindeki adalara sesini cikaramayan hukumet B. Krallik'a mi ses cikartacak ((:

Turkiye'de hukumette esasli bir revizyon veya erken secim olmadan KKTC konusunda kesinlikle adim atilmamali. https://t.co/sLoS0DDTMF",nefret
ALLAH onların belasını verecek yerle yeksan olacaklar ancak çözüm o. Aç gözlü vicdansız yahudi kılıklı yaratık bunlar. https://t.co/6JutwkJBvd,nefret
"Türklerin can düşmanı Yahudi melezi dedeleri Osmanlı gibi, Türkleri yine; varını yoğunu hortumlayıp, fakirlikle, hastalıkla, çocuklarını eğittirmeyerek, teröristle, savaşla, tecavüzle, cinayetle, sistemli, planlı, günbegün yok ediyorlar. https://t.co/7pdtrNXP8y",nefret
"Şerefsizler bana kötü not verdiler, Müslümanın Müslümandan başkadostu olamaz, hristiyan alçak çekemedi beni",nefret
Anası belli babası belli değil ermeni tohumu https://t.co/I6O44FLPJd,nefret
Galatasaray'da BASLADIN ORTA DÜZEYDE FUTBOL OYNADIN GALATASARAY TARAFTARI SISIRDI ATHLETICO Oradan BARCAGA TRANSFER OLDUN. CÜNKÜ KARAKTERINI sevmistik bir zaman SIMDI GITTIM MILLI TAKIMDA PISLIK YAPTIN GAZETECILERLE OLAY YASADIN. Dedik ki ULAN ARDA YAPMAZ SONRA GITTIN YAN HAKEME ARTISTLIK YAPTIN ULAN ALT TARAFI EVINE EKMEK GÖTÜREN HAKEM SESINI CIKARMADI SIMDI GITTIN BERKAYA SILAHLA BENI VUR 1 KISIYE 10 KISIYLE GITTIN SEN ADAM MISIN ? Sen TÜRKIYEDE MAFIACILIK MI OYNUYORSUN ? AMA SENDE SUNU FARKETTIM ZAYIF NERDE VARSA ONA YÜKLENIP MEDYADA ÖN PLANA ÇIKMAK ISTIYORSUN PEKI NEDEN ? ÇÜNKÜ SENIN FUTBOLUN BITTI HERKES SENI UNUTUYOR VE SEN BUNU HAZM EDEMIYORSUN BIR GÜN YAPTIGIN ARTISTLIKLERI YANLIS BIRINE YAPACAKSIN VE O DA SENIN GÖTÜNDEN KAN ALACAK KAN. YAVSAK SENI,nefret
"Yabancı uyruklu doktorlar (suriyeli, afgan vb) nedeniyle meğer birçok ölüm olmuş. TUS sınavı olmadan atanabiliyorlarmş. Türkler ise tus ile.neden ölümlere sebebiyet verdikleri anlaşıldı.umarm bu yüzden başka bebekler, canlar yitirilmez..#aliemiricinadalet",nefret
There is a saying in Türkish that we use a lot: siktir git siktir git yeter siktir git,nefret
Hükümete bak arabasinda sigara içen insanlara ceza kesmeye baslamis. Siz önce arap çomarlarinin toplumu zehirledigi nargile kafeleri kapatin.,nefret
"https://t.co/nA3FJqt5X7
YUNAN KAFALI UŞAKLARA VERİN DE KIÇLARINDA PATLASIN.",nefret
her dogan çocuk islam fitrati üzerine dogar ama ailesi ya müslüman ya hristiyan ya da yahudi yapar. ama allah akil vermis idrak vermis. allah herkesi müslüman yapsaydi o zaman iyi ile kötü nasil ayirt edilirdi? imtihanin amaci ortadan kalkmaz miydi?,nefret
"70 yildir, bozuk amaçlarini, soylarini, suçlarini din, ideoloji ve toplumsal degerler ile saklayip, aldatan, yahudi/hristiyan ruslarin (laz-çerkez-gürcü-ermeni) yönetiminde, yahudi/hristiyan abd eyaletiyiz.
MIT DEVLET DEMEKTIR!
MIT çerkezde/rus, hükümet gürcüde/rus!
BIRLIK TÜRK LINK",nefret
"Fislerseniz LINK kulu memnun etmek için yaratilmadik .Rabbimiz raziysa. Sizin ehemmiyetiniz yok.Artik bu zihniyete gereken yapilmali.bizim düsünemeyen müslümanlar halen neyi bekliyor .uyanin artik bunlar ya ermeni ya yahudi   asilli
#KabeyiSavunanFisleniyor",nefret
"Sanat camiasının %80 ya ermeni ya Sabatay (yahudi) 

Yeşilçam dönemine gidilirse araştıtılırsa görürsünüz. 

Diyeceğim o ki bunlar tabiki pkk savunur tabiki fetöyü savunur tabiki Boğaziçine destek verir. 

Teröristleri çok uzakta aramayın kumanda elinizde .",nefret
Hdp’ye Kürt demeyin. Onlar Ermeni Partisi. #AnnelerDireniyor,nefret
"Tweet' ir #KahrolsunPKK tag'ina sansür koydu, tag kayıp !

Köpeklerin Sahipleri rahatsız oldu ....
Lakin itin sahibi de ayni olunca engelliyorlar..
Yahudi kirmasi hepsi....

#KahrolsunPKK",nefret
cizreli ermeni TÜRK dusmani alcak dini kendi bolucu amaclarina kullanarak ülkeyi bölmek istiyorlar bunun gibi hainlere dur diyelim iyi taniyalim dusmanlarimizi LINK,nefret
Türkiye'nin iletisim alt yapisinin Lübnan li arap piçlerine verirseniz hersey olur kimse gocunmasin #Deprem #depremistanbul #turktelekom #Vodafone,nefret
"Sy. Cumhurbaşkanım, sahi DİPLAMANIZ NEREDE?   @RTErdogan 
Madem diplamanız var o zaman gösterin basın'a siz de kurtulun biz de.
Bu ara Ülkemize doldurduğunuz bu Suriyeli arapları ne zaman geri yolayacaksınız?",nefret
"Arkadaslar hatirlarsaniz ben dünyayi kasip kavuran, Çinli ibnelerden çikisli Covid-19 denen meretin içinden geçmistim. Bu isin sirri nedir biliyor musunuz?
Alman kizlarin güzelligini kabul etmek.",nefret
"Azerbaycan, Ermeni isgalinden kurtarilan bölgelerin imari için 2021 devlet bütçesinden 1,29 milyar dolar ayirdi...",nefret
03.32 annem odama gelip sen niye 12 imamlarda alkol alıyorsun diye darlıyor. Al sana alevi terörü,nefret
g__0k11Buda gavurlara özeniyor aq. O kadar merakliysan siktir git Türkiye'den !,nefret
Adalet bu iste Türkiye'de paran varsa her sey yolunda biz yapsak tutuklama karari çikardi aq adalet senin,nefret
Dogum günün kutlu olsun covid ah namussuz ah çok gâvur biseysin #turkeystopscovid,nefret
Bunu hangi orospu evladi aldi Fenerbahçe'ye bunu islayi romani alperi hasan Ali'yi ayewi alanin anasini sikeyim futboldan alakasiz adamlari toplayip getirmisler,nefret
Bu galatasaray in yaptigi sey gibi degilmi ya Türk yemeklerine konmaya çalisan yunan çaresizligi #ÜçlüBesiktasinÜçünBiriGsnin,nefret
"Yahudi kökenli olduğunu saklamış hanımefendi ki insanlar kendisini kıskanmasın, zira kendileri pek bir aydınmış.

Yahudilerin Filistin’de uyguladıkları vahşetin aydınlığı tüm müminlerin kabusu oluyor. Hatta vicdanlı hristiyanlar bile utanıyor. Yerin dibine batsın bu aydınlığınız. https://t.co/Z8trppMcD2",nefret
amina kodugumnun çingenesi,nefret
"KKTC Cumhurbaskani Ersin Tatar:

??Limasoldaki camimizin duvarina Bütün Türkler ölün seklinde irkçi ve fasist sloganlar yazilmistir.

??Bu olay Rum zihniyetini bir kez daha gözler önüne sermektedir.

??Rum yönetimi, irkçi ve fasist saldirilari organize edip desteklememelidir. LINK",nefret
degerli canlar canan kaftancioglu yalniz kalmayacak yahudi lobisine canan kaftancioglu'nu teslim edemeyiz insanlik suçu isleyenlerin ise sonu kaddafi saddam hüseyin gibi olacak abd en iyi müttefikinin baskanini halka idam ettirir,nefret
".

    #AnnelerDireniyor
Terörü Müslüman Kürtler yapmıyor, 
Kürt kılığına girmiş birtakım kriptolar yapıyor. 

İçeride ve dışarıda terörün bitmesini istemeyen mihraklar var. 
Bu terör kesinlikle Kürt terörü değildir. 

Kripto Ermeni ve kripto Yahudi terörüdür.",nefret
Bu analarimiz bir çesit kuva-yi milliye baslatti. Haydi vicdanli kürt halki bu ermeni döllerinden kurtulma vakti! #AnnelerDireniyor,nefret
"Müslüman düsmani, kürt düsmani Kripto Ermeni Öcalan'in kürtlere yönelik stratejisi, kürtler zordan anlar,her kürt aileden bir bir fert;
1.Ya dagda terörist olmali
2.Ya cezaevinde olmali
3. Ya da topragin altinda ölmüs olmalidir.. ki devlet sorumlu tutulsun.... LINK",nefret
"Milli ve yerli olan ASELSAN üretimi cep telefonu kullanacagimi simdiden ilan ediyorum. Yerli ve Milli Olsun, OSMANLl TORUNU RecepTayyip Erdogan Damgasi Olsun. Abd, Israil,Ermeni ve Rum Yunan USAKLARI KESINLIKLE KULLANMASIN OKADARRR!!!                 LINK",nefret
"Venedik yine Venediklilerden oluşmuş bir yer; peki ya içimizdeki Venediklilere , yahudi ve ABD ve İngiliz uşaklarına ve onların tohumlarına ne demek lazım o zaman... Rabbim bu münafıkların şerrinden muhafaza buyursun inşaALLAH. https://t.co/QYkLjmlSNi",nefret
Özellikle kürt kardesler bunu bilmeli. HDP kürt degil ermeni partisidir.. #MücahidinCenazesiniVerin LINK,nefret
"Sabret genç yıldız.
Üçüncü kitapta tüm soruların yanıt bulacak.
Teker teker gelin.
Topunuz gelin.
Neyiniz varsa toplayın gelin.
Önce deli feslinin Yunan işbirlikçileri.
Şimdi de sıra sizde😉👍 https://t.co/gJxfyO1ggm",nefret
"26 subat 1992 Hocalida, yüzlerce Azerbaycanli kardeslerimizin Ermeni'ler tarafindan sehit edilisinin yildönümü. Sehitlerimizin ruhlari sad olsun. Xocali soykirimdir. 

#XocaliSoyqirimi
#Azerbaycan 
#HocaliKatliami
#HocaliyiUnutma
#HocaliSoykirimi 
#justiceforkhojaly LINK",nefret
"arnavutluk-Elbasan-1912
Sırp işgali altındaki Müslümanlar https://t.co/NZbCeC6cYB",nefret
"#SevgiliSelahattinDemirtaş
 diyenler Selehaddin Eyyubi'nin has torunu imanlı ve vicdanlı ""Kürtler"" değil, 

Kripto Ermeni, Rum, Siyonist uşakları ve Haçlı artığı kondom kacaklaıdır.

Dedelerinizi bin yıl önce geberttigimiz gibi sizi de gebertecegiz!

#CHPCöptür",nefret
romantic_macho Sübyanci pezevenk,nefret
"""Öldürmedigim her yahudi için bana lanet edeceksiniz""
Alinti",nefret
Iste o gün kendime Bu müslümanlar neden mal böyle diyip yahudi olmaga karar verdim,nefret
"Bay bay Türk düsmani Ermeni, terör sevici canan LINK",nefret
"14thmei@USER sasirmadim hiç tipik Türk erkegi iste güçlü, kendinden emin kadini görünce dayanamadi serefsiz.",nefret
"Bugünde İsrailin yaptığı katliamları reddeden yahudiler de vardır. Sayıları azdır.
Yunana asla yumuşak davranılmamalı, yunan tv leri göstermektedirki, katil düşünceleri aynen devam etmektedir.
Fırsat buldukça tepelerine binilmelidir.
Yunan adalarına turist gitmek bile ihanettir. https://t.co/YHPgRghQ8k",nefret
Lübnan'ın Hristiyan Cumhurbaşkanı Michel Avn'dan Osmanlı'ya skandal iftira! https://t.co/JYsTlFlPzY,nefret
Bu nedir allah askina. Bu nasil bir sömürü düzenidir. Bu nasil bir ahlaksizliktir. Bu nasil bir vicdansizliktir. Sülük desem sülüge ayip. Bu memleketin hiç bir evladi böyle bir vicdansizliga sessiz kalamaz. Bunlar bu memleketin evladi degil. Yunan artigi bu araçlari kullananlar. LINK,nefret
"Kripto Ermeni, Yahudi, Amerikancı, Avrupacı ve bilimum vatan hainlerinin gayri meşru, postmodern darbesi #28SubatDarbesi 'ni yeniden bir daha lanetle anıyor.
Ve kahpe güruha diyoruz ki; 15 temmuz mukavemetimiz tatbikattı.
Bir daha nefes almanıza müsaade etmeyeceğiz.
#ErbakanHocam",nefret
Sikinti yok  5 milyon suriyeli var bosami besleniyor onlar? LINK,nefret
"Şans eseri açık olan televizyonda (tv8) sunucu bozuntusu kadın; “Arabik köken mesela Dubaili, Türk” dedi. Birisi Türk ile Arap arasında köken bağı olmadığını, Arapların genellikle Türk ırkından nefret ettiğini hatırlatsın.",nefret
"Milli ve yerli olan ASELSAN üretimi cep telefonu kullanacağımı şimdiden ilan ediyorum. Yerli ve Milli Olsun, OSMANLl TORUNU RecepTayyip Erdoğan Damgası Olsun. Abd, İsrail,Ermeni ve Rum Yunan UŞAKLARI KESİNLİKLE KULLANMASIN OKADARRR!!!                 https://t.co/vG8H4AXbkn",nefret
" esmasultanvideolarifacebook_ hm su TECAVUZ MESRULASTIRILAMAZ kafasinin tersi degil mi? Bir de KAZA degil cinayet platformu var ama sizin HASTALIGINIZ tamamen secim bunun hiçbir çözümü yok kansere çare bulundu toplum sülüklerine çare bulunmadi. Siktir git Arabistan da ""bu hale ""gelmeyenlere kibir tasla asla kendini üstün gör sonra gel Müslümanim de çok laf az is.",nefret
"Ermeni teröristlerinin katlettigi Hocalili 5 yasli bir kizcigazin mezari. 
Ailesini de kaybeden çocugun isimsiz mezari LINK",nefret
"Yüzsüz hain Suriyeli... 

AKP'nin mazlum ensar magdur nidalariyla ülkeye doldurdugu, Türk halkinin  vergileriyle besledigi  Suriyeli LINK",nefret
"Sayfamdakı ermeni sevdalıları, Türke duşman olanlara arka cıkanlar lütfen sayfamı terk edin. Ermenilerle Türkler arasındakı sorun Ermenistan ana yasasında Türkiyeyle ilgili yazılan aşağılayıcı sözler cıkarıldıkdan ve Türkiyenin toprak bütünlüyü tanındıkdan sonra cözülecek.",nefret
"öyle diyorsun ama, akp denen örgüt basi o begenmedigin telekoma 20 milyar dolarlik kazik atip hariri denen fistanli arap sahtekariyle paylasmisti. yani kendi bir ise yaramazsada, depremde aninda devredisi kalsada bayagi birilerini milyarder yapmis bir kurum https://t.co/udsjCEDQuX",nefret
park caddesi sağlık ocağı taraflarında mobese falan var mı 2 suriyeli piç pezevenk bir bayanın arkasından şahit olmak istemediğim bir hareket yaptılar kız arkası dönük olduğu için farketmedi bense suratlarına dik dik bakabildim sadece onlarsa pişkin pişkin sırıtıp gittiler,nefret
"#BirKezOlsunTepkiKoyun 
Evlatlari ABD haydut devletinin piyonu ermeni terör örgütü PKK, PYD tarafindan daga kaldirilan,  alikonulan eli öpülesi annelere destek verin. LINK",nefret
"#NewrozPirozBe Zevroz, içimizdeki hain, terörist, Ermeni, Rum, Yahudi Hainlerinin bayrami degil.. Kürtleri kandiramazsiniz, sahiplenmeyin.",nefret
"Reisimiz, Uzun adamimiz, Canimiz Hakikatten o gün tüm hiristiyan ve yahudi alemine çok fena kaydi :))
#OneMinute LINK",nefret
Arablar Türkiye futbolunu sikti atti ,nefret
islam'a saldırmak adına ateist ayaklarına yatan grup çoğunlukla yahudi kökenlidir 1500 yılında ispanya'dan sürülen yüz binlerce yahudiyi osmanlı kabul etti ve o zamandan beri içimizdeler. #susamam,nefret
"Hocali'da akan kandi sustunuz
Zaten ya ermeni ya fransiz ya rustunuz.
Hocali'da hayatini kaybeden tüm kardeslerimize Allah' tan rahmet diliyorum. Rabbim'in yardimiyla bütün kardeslerimizin intikamini alacagiz. Bu vahsi soykirimi unutmayacagiz unutturmayacagiz
#HocaliSoykirimi",nefret
Birazini okudum daha yüregim kaldiramadi okuyamadim.Allah radikal sol örgütleri yok etsin perisan etsin zavalli Kürt cocuklarindan ne istemisler?????? LINK,nefret
Helal olsun bu lafi korkmadan Ermeni döllerine haykiran hakiki kürt Anadolu kadinina.. #BaslarimSizinKürdistanDavaniza,nefret
Müslüman Arap Türk’e ihanet etmiştir ama müsavi yahudi asla Türk’e ihanet etmemiştir,nefret
#tarihtebugün #8eylül1922 #yunan birlikleri #izmir'i bosaltti. #yunanordukomutanligi #anadolu'yu bosaltma karari aldi. türk silahli kuvvetleri #manisa'ya girdi. nif #kemalpasa #selçuk #saruhanli ve #sarigöl #yunanisgalindenkurtarildi. #ordumuz #izmir'e dogru ilerliyor. #pazar,nefret
Yok mu şöyle hadım edilecek bi Suriyeli sinirim anca öyle geçer,nefret
Konya'da kayıp olan 21 yaşındaki S.B.A'nın Suriyeli fuhuş çetesi tarafından kaçırıldığı ortaya çıktı. Genç kız polisin operasyonuyla kurtarıldı. https://t.co/VetA10Xoo7,nefret
rumlar üç bes ingiizin aklina uyup kan dökmeseydi ne savas çikardi aramizda ne de mübadele olurdu rumlar anadoluda türklere soykirim girisiminde bulunmasa. LINK,nefret
"Budur.
Yahudi, hristiyan hırsız caniler, herzaman, kana ve vahşete doymayan acımasız mahluklar olmuştur. 
1900'lü yılların başında, hicaz demiryolu ihalesini kaybeden ingiliz, rus devletlerine verilen doğu illerimizden birkaçını valiliği ile artan isyanlar unutulmamalı. https://t.co/iFDZVW9hLY",nefret
"O papaya
hıristiyan katillerin yaptıkları katliam ve tecavüzleri 
iyi göstersinler, 
belki utanır... https://t.co/sij1CJruUd",nefret
Bende kürdüm ama PKKli Ermeni  iti  degilim. Selahattin Demirtas ap açik PKK yancisi Ermeni adamidir.Yillar önce Besikteki çocuklari silahin süngü süyle öldürüp havaya kaldiran Ermeni den baska birisi degildi. Erkekleri dograyip kadinlara tecavüz edende #SevgiliSelahattinDemirtas LINK,nefret
best stalker virüsü yine siteye yayılmış suriyeli gibi bi virüs kurtulamıyoruz yapıştı resmen,nefret
"O sırada İmamoğlu  Kürdistan Teali Cemiyetinde daha beter 40bin insanımızı öldürmüş HDP/PKKlılarla fingirdeşiyordu.

O sırada CHP Istanbul İl başkanı Taşnak Ermeni teröristlerinin tezlerini savunuyordu. https://t.co/cbVhgWhxOX",nefret
Bu saati sevme nedenim bir tane bile Suriyeli yok ne güzel,nefret
bu aq çinli usakları var ya babadan ogula nesil heralde bunlar pü aq çinli usakları babadan ogula nesil heralde https://t.co/H7S0HjwOBr,nefret
"yine izmir'den başlasın bir kurtuluş savaşı! ""keşke yunan kazansaydı"" diyen feslinin iştahı şatafatı yalanı kini zulmü bitmeyen takkeli müritlerini kordon'dan yenikapı'dan samsun'dan anamur'dan denize dökelim. #9eylül #türkiyecumhuriyeti",nefret
"#türktelekom stratejik önemdedir özelleştirilemez  dediğimizde hiç umurunda olmayanlar... Nasılsınız? Arap neyi almış da geliştirmiş ki senin milli altyapını geliştirsin . İçine sıçtı sigdirdi gittiler, borcunu ödemesi de bize kaldı.",nefret
"eeeyyy rubin? 3,5 milyon suriyeli ülkesini terk edip türkiye'ye geldi. bu su demek abd ve kürtler bölgede etnik temizlik yapti demek. bölgeyi kontrol etme hakki suriyededir o yapamiyorsa türkiye'dedir. orada abd'nin kürdün ne isi var?...",nefret
"Nitekim bu çerçevede hem Ermeni Tehciri hem de Rum Mübadelesi yerli yerine otururken, gerek Varlık Vergisi gerekse de 6-7 Eylül'ü açıklayabiliyoruz. Yahudi parasıyla çıkartıldığı bilinen Hürriyet Gazetesi'ni de unutmaksızın... :)",nefret
Sanki yunan takımı ne koymuş cimbom hepinize#UefaToProtectFFP,nefret
"Başından beri söylüyoruz, Suriyeli itleri gönderin topraklarımızdan diye. NİYE HALA BURADALAR?! Gittikçe daha tehlikeli olmaya başladılar. Kendi cahillerimiz bize yeter.
#MuhammedNurTutuklansin https://t.co/dMrUqSCEZi",nefret
Bu satilmis asagilik sanatçilari ve yahudi hizmetindeki kanallari unutmayacagiz DAHA BU ÜLKEDE YEMEK YIYEMEYECEKSINIZ ekmek yok ???????? #AsagiBakmayacagiz,nefret
en sevdigim sal markasinin sahibi reisçi kürt çikti... sen sabir ver yarabbim kimlere para kazandirmisiz,nefret
"Sirplar, Bosnak kardeslerimizi katlederken Turkler derlermis, Ermeniler de Azerbaycanli kardeslerimize Turk diyor, Rumlar da Kibrisli Turklere Turk diyor. Bir tek biz kendimize Turk diyemiyoruz. Yaziklar olsun.",nefret
"Bu kadinin suçunu bile bile savunun kim varsa onunla ayni zihniyeti tasimaktadir. 
Terörist sevici,
Ermeni sevici,
Devlet düsmani

Iste chpkk zihniyeti budur. Bunlar bu ülkenin bas belalaridir.
Adalet dedigin böyle isler.

Bu arada Chpkk Hdpkklastiriliyor...

Canan Kaftancioglu",nefret
Neden fox un yalan haberinlerini ortaya çikardigi için mi kapatilsin istiyorsunuz. Bence yahudi kanali fox TV ve halk TV kapatilsin celladina asik bir kitle yetisiyor. Dine ve insana bu kadar hakaret eden baska kanal görmedim #ahaberkapatilsin,nefret
Hocalı tanığı Ermeni mezalimini dünyaya ağlayarak anlattı https://t.co/qjdf2eCKhU https://t.co/JDYR4F1OYm,nefret
"Ben kimseyi Türk, Kürt, Ermeni, Arap, Fransiz, Müslüman, Hristiyan, Yahudi, atese tapan, hiç bir seye tapmayan, heteroseksüel, homoseksüel, biseksüel, kisa, uzun, egri, dogru diye ayirmam. Hepinizden esit derecede tiksiniyorum. Umarim ölürsünüz. LINK",nefret
Megri megriyi ağzından düşürmeyen Yunan döllemeleri iyi ve chp nin hdp ile ittifakını konuşmayacak sağır ve dilsiz olacak kadar alçaktırlar,nefret
"Bugün 7 Eylül 
Aydinin Yunan isgalinden Kurtulus Günü.????

Kurtulus Savasinda önemli rol oynayan Yörük Ali Efe ile silah arkadaslarini ve diger Aydin Efelerini rahmetle aniyoruz. LINK",nefret
"#foxkapatilsin   kokusmus, çürümüs Türkiye karsiti, amerika sermayeli yahudi kanali kapatilsin",nefret
Annemle kavga ediyoruz. Normal olan anneler essek sipasi it köpek falan der benim annem suriyelisin sen Suriyeli diyor.???????,nefret
"Türk Milleti kan ağlarken

Hdpkk'ya metreslik yapanların kanları bozuk ve soysuzlar..

K*mal : Ermeni kırması
M*ral : Yahudi kırması
D*vutoğlu : Yahudi kırnadı
B*bacan : Yahudi kırması
T*emel : Pakrudini
C*anan : Ermeni kırması
E*krum : Rum Yahudi kırması..",nefret
araçlari #yenikapi'ya dizerek gündemde diyarbakir'daki mazlum annelerin feryatlarini millete unutturmaya çalisan yahudi usagi imamoglu!... senin bu algi oyunlarina bu milletin karni tok... yemezler #yunanoglu... #annelerdireniyor,nefret
Üniversite hoca bozuntularinin ermeni yahudi asilli oldugu için çok hain ve orb ocuklari yetisiyor malesef!,nefret
Tarih sayfasi ermeni tohumu LINK,nefret
"Ülkesindeki savaştan kaçıp gelen suriyeli gençler  bizim gençlerimizi bombalamayla tehdit ediyor !!!

#MuhammedNurTutuklansın https://t.co/ItsLg8hU5P",nefret
"Yahudi hiç bir zaman bize karsi dürüst olmadi
halbuki hakki bilen bir millet olarak onlara kimsenin yapmadigini yaptik LINK",nefret
Suriyeli bir terörist açık açık hesabından Türkiye'nin güzide üniversitelerinden Boğaziçi'ni bombalamaktan bahsediyor ve hala bunun taraftarları bu ortamda yazabiliyor. Türkiye Cumhuriyeti Devleti'ni ve Türk Milleti'nin egemenliğini yıkmaya çalışanlar bizim açık düşmanımızdır. https://t.co/3oUhLBDcEV,nefret
"Hocalı'da akan kandı sustunuz
Zaten ya ermeni ya fransız ya rustunuz.
Hocalı'da hayatını kaybeden tüm kardeşlerimize Allah' tan rahmet diliyorum. Rabbim'in yardımıyla bütün kardeşlerimizin intikamını alacağız. Bu vahşi soykırımı unutmayacağız unutturmayacağız
#HocalıSoykırımı",nefret
"zimbabve'nin ingiliz sömürgesinden kurtulup bagimsizligini kazanmasinda kilit rol oynamisti.

ama oturdugu koltuktan 37 yil inmedi. degisim isteyen muhalefeti ve daha iyi yasam sartlari isteyen halki siddetle bastirdi. fakir bir ülkenin lüks içinde yasayan lideriydi. #Mugabe LINK",nefret
Şu Kıbrıs dizisi eğer güzel olursa Yunanlar ve Rumlar iyi zırlayacak belli ki,nefret
"Arap sevmemek ırkçılıksa, ırkçıyım. Böyle pis bir millet görmedim.",nefret
galatasaraylı taraftarlara suriyeli diyenler dönüp önce kendine baksın!...,nefret
"Yallah Arabistan'a diyerek bizlere, ISLAMA hakaret eden tüm seref yoksunlari tespit edilsin..! 

Su Yahudi kibrini el birligiyle kiralim Sayin Bakanim @USER

@USER
Burasi MÜSLÜMAN TÜRKIYE??
Hiç kimsenin DINIMIZE saldirmaya hakki yok..!!

#KabeKutsalimizdir",nefret
Bu yahudi ermeni kirmalari kendilerini türk ten sayiyor bide kendilerini bisey saniyor . Geç bunlari geç . Biz merhametliyizde siz konusuyorsunuz . 80 yildir birikimlerinizde . Dinsizlik ahlaksizlik götverenlik . Onlarida yiktik yikacagiz LINK,nefret
"HAT SATARKEN 4,5G,
KULLANIRKEN 3G
, DEPREMDE “servis yok” 
TABİ Kİ; TÜRK TELEKOM
Deprem durumunda 6 G 'yi kaldırmadı tabi .
Fakat ben Turkcell'de böyle bir şey yaşamadım. 
Arap ve Ingiliz 'in uğradığı yerler ne işse  çökmüş..
Hep derim ,Ingiliz ve Arap varsa orda huzur yok.",nefret
8 eylül manisamizin yunan isgalinden kurtulusu kutlu olsun.,nefret
devletimiz suriyeli isçi çalistiran firmalara 11.400 tl destek verecegini açiklamis. allah sizi bildigi gibi yapsin. ! #persembe #suriyeliistemiyoruz,nefret
"Muminlerin Halifesi Mutasim'dan Rum köpegine, ya esir aldigin bacimi serbest birakirsin yada ordumu gönderirim diyen yönetici nerde...

Zalim, isgalci, tecavüzcü Çin hakkinda övgüler dizen siyasiler nerde...

#KatilÇinTürkiyedenDefol

Hilafet(Halife) Tek Çözüm LINK",nefret
"""Yahudi, yoksulun hakkindan bile bir zulüm doktrininin anitini yükseltmesini bilmis kara bir dehadir. Zulmün, inkârin, güvensizligin, kusku ve korkunun dehasidir yahudi. Bütün hazzi, yikmakta, çürütmekte, çökertmekte...""

(Sezai Karakoç, Kiyamet Asisi, syf. 29-30)",nefret
Iktidarin ilk on yili salya sümük agladilar yahudi gelenegi timsah gözyaslari,nefret
Ulan harbi ben camide hiç Suriyeli görmedim şimdiye kadar https://t.co/Uat5BPvJ39,nefret
"Kurtuluş savaşında da böyleydi. Bazı şeyler değişmez. Cephe hep 3 fonksiyon esasında kurulur. 
1. Gerideki düşman (Dün ermeni, bugün ypg)
2. İçerideki düşman (sözde barışçılar, herbokolog ve bozguncular)
3. Dış düşman (dün ingiliz destekli yunan+fransız, bugün amerikan destekli) https://t.co/9ktEUoeOsq",nefret
"1.
Ülkü Ocaklari Egitim ve Kültür Vakfi, Azerbaycan'in Ermeni isgalinden kurtardigi Susa ilinde, Azerbaycan Milli Marsi'nin bestecisi Susa dogumlu merhum Üzeyir Hacibeyli adini tasiyacak, 9 derslikli bir okulu yapip Azerbaycan'a teslim edecekmis... (Türkgün, 27.1.21, s.8-9)",nefret
PKK bir Ermeni kuruluşudur Bu net ve açık Kürtlük ile uzaktan yakından bir alakası yoktur,nefret
"Yahudi köpeklerinin ayakcisi sözde Müslümanlarin örf pas ettigi suikast Türk tarihinde bir kara leke olarak kalacak...
Ruhun sad olsun Sehit Lider 
#25Mart2009",nefret
"Her seye bir kulp bulup sevmedigi haz etmedigi insanlara zirt pirt dava açan savcilar var da. Bu hoca görünümlü bagnaz, yobaz, arap özentisi serefsize sorusturma açip sesini kisacak bi vatan evladi savci yok mu ya?! LINK",nefret
"Türk dünyasinin onlarca sorunu varken, Türk dünyasininin lideri Türkiyeyi,arap davalarina peskes çekmek vahim bir hatadir.
Güçlü bir Türk dünyasi, tüm dünya mazlumlarinin dertlerine derman olur.
Türkiyeyi, tembel ve güvenilmez araplar için feda etmemeliyiz...",nefret
GIT AMK ÇINGENESI,nefret
şerefsiz kansız kanı bozuk suriyeli vatan hainleri bu ülkenin pırıl pırıl başarılı öğrencilerine karşı gösteri yaptırmak hangi devlet terbiyesi ve devlet ahlakında yazıor anlamıorum bu millet sandıkta akp den elbet hesap soracak hükümetler devlet deildir,nefret
"mesela 2014 da bi gittim istanbuldan, 6 ay (!) sonra dondum, ben sok. yanlis ulkeyemi geldim acaba dedim, anasini satiyim her yer suriyeli. ki gitmeden de istiklalde calisiyorum, o zamanlar da nispeten yine faal bi gece hayati mevcuttu.",nefret
"Almanya'yi bastan basa ""Tanri Bizimle"" afisleriyle donatan Hitler'e bile ateist diyor bu salak
Musevi, allah bizimle
Hiristiyan, allah bizimle 
müslüman, allah bizimle
Hindu, tanrilar bizimle

Din ve ideoloji ikisi de ayni bok LINK LINK",nefret
"kendisi suriyeli kendi vatanını savunma konusunda ACİZ,KORKAK lakin BENİM VATANIM'da bana tehditler savurabilecek kadar !CESUR bu SURİYELİ TERÖRİSTİ oraya dikenler başını aşağıya eğecek!!! #AsağıyaBakmayacağız https://t.co/OGjP7OTrsx",nefret
"Türkiye'ye gücü yetmeyen gâvur,bir kâğıt parçasıyla güç yetireceğini sanıyor.
Başaramayacaksınız!
#DevletiminYanındayım",nefret
"Böylesi hiristiyan tohumlarini yasatmayacaksin, insanliktan nasibini almamis serefsiz. Bu Turkiye de olmus gibi yayalim bulalim demeye kasitli gördüm adam farkli lisanda konusuyor, 
Turkiyede olsaydi erkeklerin hepsini gömerlerdi, suc bireyseldir. algi yapmayalim.
@USER LINK",nefret
"Islam'a saldirmak adina ateist ayaklarina yatan grup çogunlukla Yahudi kökenlidir, 1500 yilinda Ispanya'dan sürülen yüzbinlerce Yahudiyi Osmanli kabul etti ve o zamandan beri içimizdeler. #ÇukurS3",nefret
Bu Dhkpcli Kominist Solcu Ateist  Avukatlarda Kendilerine Hiçbirsey Yapmayacagimizi Falan Zannediyor ulAn Götünüzden Kan Aliriz Kan Yeter Ki O Günler Gelsin...,nefret
Kürt sen içme başı götü dağıtıyon sonra https://t.co/2zpepJU3zv,nefret
evet bonzailenmiş şizofrenler tıpış tıpış bunu savunuyorlar. bununla birlikte bölücü terör örgütü hdpkk'yı sözde ermeni şeysi yalanını bölünüp parçalanmayı vs vs... neyse ki arada uyanıp soru soranlar var. umutluyuz. komadan ya çıkacaklar ya çıkarılacaklar.,nefret
gavur izmir kurtuluşun kutlu olsun şeref duyuyoruz!...,nefret
bu depremlerin sebebi anadolu'yu sürekli sikistiran arap levhasiymis... insanindan ayri kültüründen ayri levhasindan ayri çekiyoruz amk,nefret
Akşama koy şu götveren şikeci Rumlar’a şanlı KARTALIM!,nefret
"Suriyeli takıntım Yok lakin , hani hep onlar bizimdir diyolarya , madem öyle o zaman onların silah tutan erlerini gönderelim Suriye’ye savaşsınlar , dönerlerse bizimdir dönmezlerse zaten hiç bizim olmamışlardır ...",nefret
"Suriyeli gençlere degil, Türk gençligine önem verin",nefret
Demekki 1 Azerbaycanli 5 Ermeni den daha üstün. ???????? LINK,nefret
senin o saç rengini sikeyim amk siktir git fas a cingenelik yap yeteneksiz serefsiz,nefret
"Yabancilar!
Özellikle, ruslar (laz, çerkez, gürcü, ermeni)!
Ülkemizden DEFOLUN! LINK",nefret
nazko_nilo Ne güzel iste hep dedik baslar kiç kiçlar bas kim bu rezil kim bu hale getirdi Bulgarlar mi Yunan mi he begendiniz onun o koca agzini açip yayarak bögürmesine layk yagdirdiniz Demet seda sürdü piyasa yaptirdi bu ne ise bilmiyorum sifati kendisi iste alkisladiniz Show yaptirip paraya bogdular ne idügü belli olmayan bu pislige,nefret
"Ülkeye bak arkadas!
Ya zam geliyor ya Suriyeli...",nefret
"Isin en düsündüren yani da su;
O çocuklar geri döndügünde evlerine degil de hapse gideceklerini bildikleri halde, Devletin Hapishanelerini, Ermeni masasi bir terör örgütü magarasindan daha güvenli buluyor bu anneler.
Gerçekten de öyle. Devletin zindani, PKK  inlerinden isiklidir. LINK",nefret
"Yahudi medya patronu İslam düşmanı Murdoch'un sahibi olduğu FOX TV, yalan haberciliğine bir yenisini daha ekledi. Televizyonun iddia ettiği Tarzan Başar’ın kızının tedavisinin yarım kaldığı haberi yalan çıktı..
#YalancıFOXTV https://t.co/wveoDXrnsp",nefret
"Türk'ün varlığını,birliğini savunmak
arap seviciliğinden daha onurlu bir davranıştır.. #varolsunTürkırkı🇹🇷🤘",nefret
"#HirsizTayyip mis baydiniz beee, bu söylediginize siz de inanmiyorsunuz ki. Maksat Yahudi taktigi, Çamuru at, tutmasa da izi kalsin... Yemezler, ötede oynayin yeriii...",nefret
en sevdiğim şal markasının sahibi reisçi kürt çıktı... sen sabır ver yarabbim kimlere para kazandırmışız,nefret
"Arap kardeslerimiz, zerre yatirim yapmadan Türk Telekom'un anasini belleyip, kasalari bosaltip sirketi iade edip gitmisler.. 2 saat oldu,, deprem Istanbul'da oldu biz Ankara'dayiz hâla TTelekom hatlar çalismiyor..
#deprem #Depremoldu #earthquake",nefret
#MuhammedNurTutuklansin suriyeli zavalliya bak bizi tehdit ediyor kimsin lan sen vatansiz o kadar delikanliysan siktirgit vatanini savun SURIYELI DEFOL,nefret
"bunlarinki hiristiyan alevi ve yahudi kafasi iste !
inkar etmek iftira atmak
nefret saçmak  ve sonunda bi halt etmemis gibi kenara çekilmek
bunlar bizden degil ! LINK LINK",nefret
faydali yerine faideli diyorum çünkü arap götü yalamayi seven aptal 1 orospu çocuguyum,nefret
"En büyük askimiz Konyaspor'dan bizi soguttular ya Allah bildigi gibi yapsin bunlari. Arap insallah yönetimi de yer de el ele giderler bu sehirden
 #ismailkartalistifa
#YönetimIstifa
@USER",nefret
"Budur.
Serefsiz, soyubozuk hirsizlari ülkemizden defetmezsek, böyle çeliskileri çok yasariz.
Çogu rus asilli yahudi, hristiyan hain hirsizlarin, sinsi kriptolarin, arsiz yamyamlarin yönetiminde, bozuk amaçlari, soylari, suçlari anlasilmasin diye TÜRK halki oyalaniyor.
Anlayanlara LINK",nefret
Memleketteki depremlerin sebebi arap plakasinin anadolu plakasini batiya dogru ittirmesiymis. Aminakodugumun araplari bi sike faydaniz olsun bir kez de,nefret
"Baskonsolos olarak görev gördügüm Los Angeles'te 2 Baskonsolos ve 1 diplomatimiz Ermeni teröristlerce sehit edilmistir. Bu katil teröristler, Dünyada baska bir örnegi görülmedik sekilde,  Ermenistan tarafindan ""onurlandirilmakta"" ve adlarina ""anitlar"" ""mezarliklar"" yapilmaktadir.",nefret
Uygur Türktur Suriyeli yüktür defol un Arap itleri https://t.co/x8YWMoKGWX,nefret
Suriyeli beslemeler de bogazicine karsiymis ne hale geldik https://t.co/y4dpmXwTdG,nefret
"Her onurlu kürdün ermeni, alevi,türkmen, arap, rum disinda, zulüm altinda dünyaya seslerini duyurmayan tek kadim halk belucilerin mücadelesine destek olmasi  gerekir hatta sarttir ötekiler beni irgalamaz kürtler onurluysa belucileri sahiplensin öteki satilik irklari degil ?? LINK",nefret
Yahu ne güzel mozaik bir ülkeyiz aslinda..kuzeyinde rum asilli guney doguda kürtler ve araplar turkler.batisinda avrupalilar ruslar bile var hepsi var..ama cahil çok demokrasiyi cahiller ele gecirdi..isimiz zor..din yasaklanmali..,nefret
Bir anne Ermeni bile olsa evladini bu sirtlanlarin elinden kurtarmak için çipiniyorsa bas tacidir LINK,nefret
"İmamoğlu denen adam Yahudiler tarafından yönetiliyor, yahudi nin taktiği  budur, çamur  at  tutmazsada  ız  birakir, işte  taktik  bu  yalan dolan  iftira  çamur https://t.co/0XQK1LvysY",nefret
Kani bozuk kripto ermeni (lerden) bir hain.. LINK,nefret
Nolur saçınızı kafanıza yapıştırmayın nolur ya yeterince suriyeli görüyoruz zaten,nefret
"BIR DOKTORUN ITIRAFI  YAHUDI TUZAGI, DÖNER SERMAYE, KANSER ve KEMOTERAPI.. LINK @USER araciligiyla",nefret
"Suriyeli ehliyetsiz sürücü polisin takibinden kaçamadı - Samsun Haberleri

https://t.co/veY00aXrv3 https://t.co/r5J4qBeFWq",nefret
"Emine Gülbaran sözde @EmineErdogan : 

“Anadolu toprakları şefkat, sevgi ve bizim ailemizde  bulunmayan yüksek ahlaki değerlerle mayalanmıştır 'dedi !

Müslüman Kılıklı Koltuğunu Güvende Tutmak için,eski kocasının HER isteği YERİNE GETİREN ,
Babadan Ermeni Sabetayist Yahudi karı.",nefret
"İsrail'in BOP örgütü AKP nin, gavur İzmir hayali gerçekleşiyor. İzmir e doğru Yunan işgali yaklaşıyor. AKP ye oy vermek ihanettir. https://t.co/orwp4eNHfS",nefret
Mete Hanin ordusu arap gericiligine teslim olamaz...,nefret
"Daha bana Arap seviciliği yapıyorlar. Lan adamlar dinden kazanıyorlar zaten. Araplar ayrı geçiriyor, Arabın dinini kullananlar ayrı geçiriyor. Uyuyun amk. Hac mac yapın şeytan taşlayın devam.",nefret
"#BirKezOlsunTepkiKoyun Kemal Kılıçdaroğlu S-400'e ne gerek var, kim bize saldıracak derken aslında biz varken düşmana ne gerek var demek istiyor. Sıkıntı yok ingiliz şövalyeleri, yunan ermeni rum kalıntıları, Bundan 100 sene önce 7 düvele yaptığımız gibi, hepinize yeteriz.",nefret
Sınır dışı edemiyor muyuz hepsini?Suriyeli falan diye araya sıkıştıralım https://t.co/pI1NDXJtLT,nefret
Suriyeli sığınmacı kadar değeri olmayan ''Hukuk'' adamları ? https://t.co/2ZAsmc83oe,nefret
"babaasının arap domuzlara o kadar silahı nasıl sokuşturduğunun en iyi ispatı

her ortadoğu gezısınde babasının yanında
dıbı düşmeyen arap domuz yok https://t.co/tIjbMO1hQX",nefret
"#MuhammedNurTutuklansin
Dün fuhus yaptiran suriyeli p..
Bugün bu yeter defolun artik",nefret
izmir'de denize döktügümüz yunanlilardan venizelos kolundaki kadin kim? bilen var mi?,nefret
"#Sustunuz 

Fethullah Gülen bu yüzyilin, Hasan Sabbah'idir, Yahudi'dir. Feto, müslüman maskesi ile, Hashasi örgütünün, beyin yikama, inandirma, taktikleri ile ülkemizde ki müslüman çocuklarini kullanmistir. Chp hdp gibi yahudi ermeni yunan kalintilari suan onun emri altindadir.",nefret
"Televizyoncu ve gazeteci Martin Smith, gazeteci Cemal Kasikçi cinayetiyle ilgili konusan Suudi Arabistan Veliaht Prensi Muhammed bin Selmanin ""Tüm sorumlugu aliyorum çünkü benim sorumlulugum altinda oldu arap sevicilere atfolunur sevin bakalim bu zalimlemleri zalimin zulmu varsa",nefret
"Ardahan'ın Hanak ilçesinin Rus ve Ermeni işgalinden kurtuluşu (1918)
Mersin'in Arslanköy ilçesinin Fransız işgalinden kurtuluşu (1922)🇹🇷",nefret
Ya bu suriyeli haramiler herseyi çalar  #ÜçlüBesiktasinÜçünBiriGsnin,nefret
"Ankara'da kendisini doktor olarak tanitan Suriyeli kadin, evini merdiven alti muayenehaneye, babasinin evini ise ecza deposuna çevirdi. Yabancilara olumsuz kosullarda saglik hizmeti veren Suriye uyruklu 3 kisi yakalandi. 

-sptnk-",nefret
Bu Suriyeli adam benim göz zevkimi bozuyor 😃😂😂😂 https://t.co/7HgU12k0Pt,nefret
"Bu Ermeni Canan Kaftancıoğlu'na 6 yıl önce yaptıgı ihanet içerikli paylaşımlardan dolayı verilen cezayı sevinerek öğrendim. 
Darısı 5 yıl önce fetö elebaşıyla aynı tabaktan yemek yiyen Burhan Kuzu ve diğerleriin başına ! https://t.co/1OCMEpAwdT",nefret
"Demokrat değilim, siyasetin medya ve para gücüyle yönlendirildiği bu Yahudi oyununa hiçbir inancım yok. Metehan-Alparslan-Fatih-Atatürk çizgisine geri dönülüp, tüm vatan hainlerinin kellesinin alındığı ve tek bir vatan hainine dahi konuşma fırsatı verilmeyen bir sistem istiyorum!",nefret
ilk defa suriyeli dedikleri dogru çikti. Gerçi bu orospu çocuklari bidon da sikiyor... LINK,nefret
"Bu yil subat ayinda Istanbul'da temeli atilacak.

Hürriyet gazetesi 2 defa Suriye'den 2 milyon Ermeni'nin Suriyeli Arap kimligiyle Türkiye'ye geldigini yazdi, kimse umursamadi...?!

UYANDIN MI????",nefret
böyle koydular mi hem besikten hem kirk metreden ayip ya bir sen su futbolu biraksan gerçekten Türk futbolu temizlenecek,nefret
bu dahi iğrenç yahudi zihniyetini ortaya koyuyor.,nefret
#olmaz dunyayi görüyorsunuz ama benim ulkeme düsmansiniz. Yahudi kanalisiniz tamamda kendinizinde bu kadar yahudi türk düsmani oldugunuzu ortaya koymayin.,nefret
"Arkadaslar gerçekleri savundugumuz için resmen #twitter tarafindan tehdit ve engelleniyoruz
Ama yilmadan tekrar sesleniyorum #HerYerBogaziciHerYerDirenis diyenler Ermeni ve Yunan artiklaridir

#DevletiminYanindayim 
#Polisiminyanindayim 
#PolisimizVarolsun",nefret
"Bir hiç ugruna,anlamsiz bir sözde dava özde Yahudi oyunu ugruna yok olup giden onca Kürt gencinin hesabini içerideki hainlerden sormaya basladi anneler #AnnelerDireniyor",nefret
yahudinin biri hirsizlik için camii'ye girer müslümanlarin geldigini gören yahudi bagirmaya baslar kosun ey müslümanlar hirsizlari yakaladim... tipki! aynisi! mustafa cengiz... fatih terim... #uefatoprotectffp,nefret
Bu capslz ongurusuz vizyonsuz hicbir plrojesi olmayan klropto ermeni kemalmi  ulkeyi yonetecek LINK,nefret
"[3] utanmazlarla nasil yasayabiliriz. 
Gitsinler. Cehenneme kadar ve gece gündüz sayikladiklari
Yunanistana kadar def olup gitsinler. 
Bugün önümüzde birer sümsük kedi gibi yilisiklik eden bu
yilanlarin hepsinin Yunan paçavrasinin altinda alinmis resimleri elân yanimizdadir. ++",nefret
yasemin.ile.cihan@USER aynen kardesim Türkiye'nin en güvenilir isme satasiyor halk kormüydüde seda sayani en güvenilir ismi ilan etti yesim sarkin iyi madem ömründe dogru düzgün sarki kaset yapmadi ne yaptiysa tutulmadi ite vergi rekortmeni niye olamamis seda sayan tokatta Aysel gülsaçar tan programli okul yaptirdi bu da geçmiste uyusturucu aliyordu kocasi birakti yesim sarkin uyusturucu kullanan bir müptezeldi,nefret
Seyhine biat eden Kalabalik bir grup varsa bastaki seyhi satin alan abd ingiliz ..... çok rahat kullanir. Bu güne kadar böyle olmustur. Kalabaligi dagitmak lazimdir.   #türkiyeninnabzi,nefret
Luebnan Cumhurbaskanı michael diye müslüman mı olur arap mı olur? ingiliz tohumunu çıkartmışlar konuşturuyorlar. İslam almeni de yazıklar olsun bunlara müsade ediyor.,nefret
Ernst Hirsch adli Yahudi hukukçunun bu milletin boynuna taktigi yahudi yulariyla (5816) dolasan bir Müslüman olmak bana dokunuyor. Her ne sebepten olursa olsun bu kanunu çikartanlari hayirla yad etmiyorum..?? LINK,nefret
#AnnelerDireniyor fakir kürtlerin çocukları mezarda ermeni dönmelerinin çocukları plajlarda,nefret
küffara karşı kutuplaşamayan müslüman imanını gözden geçirsin. kamalizm küffarın ta kendisidir.,nefret
guzel ama kürt https://t.co/skGVwpWleO,nefret
"Payitaht bir an önce başlada kaldığın yerden gerçekleri ve Ermeni dümenlerini anlatmaya devam et.
Canan Kaftancıoğlu 'nun içerde yağla balla beslenmesinden yana değilim.",nefret
dışarıdaki yunanlılar bunu kabulleniyor da içimizdeki rum tohumları bu gerçeği bir türlü kabul etmek istemiyor #receptayyiperdoğan,nefret
"melihler bitmez. bu melih gider baska melih gelir. gerçek gündem, yoksulluk issizlik çaresizlik bir de disarda yunan bir takim  fenaliklar tasarliyor",nefret
ANANI BACINI SIKEYIM SENIN AMINA KODUUGUMUN ÇINGENESI NE ISIN VAR SENIN FENERDE OROSPU çocugu,nefret
"#Hocali'da 29 yil önce yasanan vahset yürekleri daglamaya devam ediyor. Umuyorum ki, Ermeni esareti altindaki ezeli Azerbaycan topraklarinin azat edilmesi bu acili yüreklere bir nebze olsun teselli olmustur.

Ermeni zulmüne kurban giden sehitlerimizin ruhlari sad olsun. LINK",nefret
"Topraklarimda #suriyeli istemiyorum.
#suriyelilersuriyeye LINK",nefret
türban bir arap giysisidir ve islamla bir alakası yoktur. ahlak ve vicdan her insanın kalbindedir ve türbanın altında değil. #adamsıntelekom,nefret
Sayin bakan 1 milyon saglik çalisani senin emrinde ben onlara karismam.covid19 korana vs diyerek yahudi oyunu ile beni üzme artik.kentsel donusum ve sehircilik bakanligi projemde Türkiye halkini 8 siddetinde depremden kurtaracaktik.masonlar isin cilkini çikardilar.imza ozaydin65,nefret
"#UefaTurkishFootballCheckOver
35 yıllık futbolseverim.Evet defaten şerefli ikincilik ve şerefli ucunculuklerimiz oldu.Hakki yenenlerin Hakkı Yeten'lerin takımıdır BEŞİKTAŞ.
Galatasaray gibi Fransız
Fener gibi Rum olanlara karşı 
Yaşasın Beşiktaş
Yaşasın Çarşı....",nefret
Ptt ye git suriyeli bankaya git suriyeli plaja git suriyeli neymiş din kardeşi siktirin gidin pislikler...,nefret
Bu adam! Bu ülkede Genelkurmay Başkanlığı yapmıştı bir zamanlar! Zamanında Ordunun komuta kademesinin kimlere emanet edildiğini görün! Sultan Vahdet’ine hain diyen biri HAİN OĞLU HAİNDİR. Bunlar ingiliz ve yahudi beslemesi komutanlardır.. https://t.co/Ie6wBFbjQf,nefret
suriyeli istemiyoruz,nefret
Bu saate kadar herhangi bir açiklama dahi yapmayan #türktelekom yöneticileri! !!! Siz ne issiniz ulan ne ise yararsiniz! !!! Sizi yönetici yapanin. ..... sorumsuzlar ve ahmaklar ordusu arap artiklari sizi! !!!,nefret
"#corruptpolitician
#SenatorMenendez 
ermeni lobosinin amerikadaki kuklasi?!

#Yakisir ermeni dostuna:
rüsvet,fuhus,dolandiricilik, ve pedofoli..
katil ermenilerin ve lobisinin sadik hizmetkari LINK",nefret
"Bugün Türkiye'de 10 milyon işsiz insan varsa, Bunun sebebinin AKP hükümeti zamanında ülkeye giren 5 milyon suriyeli arap çomarı olduğunu neden kimse konuşmuyor?

#suriyelilerii̇stemiyoruz 
#suriyelilerkardesimizdir 
#suriyelileriistemiyoruz
#suriyeliler 
#suriyelilerdefolsun",nefret
Eeee HDP sıçtığınızın resmidir bu. Şimdi neyi savunacaksınız terörist ermeni tohumları. #AnnelerleBeraberizYaSen,nefret
"Uğur Dündar Yılmaz Özdil gibi Nerde kripto,Yahudi, Ermeni, Yunan ne kadar İslam, peygamber,Kuran Sünnet düşmanı varsa soyadı kanunu ile Türk kimliği verilmiş
İçimizdeki bu Türk ve İslam düşmanları dönmelerin ve sebetayistlerin hiç birisi Türk değil,müslüman hiç değil
Özür Dileyin https://t.co/yWnjOVJOql",nefret
Sahi #türktelekom kimin en son Arap'lar bizi dolandirip gidince kime kaldi bankalar satamadi galiba,nefret
1 suriyeli alana 1 Türk hediye... Çok yakinda! LINK,nefret
Örgütlenme kabiliyetinden dolayı Türk Ordusuna güç veren Türkçülüğü bitirmek için Osmanlının son zamanlarında kripto ermeni ve rumlar özellikle ortak hareket ederek Türk düşmanlığını hızlandırdılar...,nefret
HDP Kominist yahudi taşeronu Partiden Bütün Kürt kardeşlerimiz ayrılsın. Bu. Bozuk düzenin adaletsizliği haksızlığı İle Yıkıcı olmadan Hep beraber Mücadele edelim. Devlet o Hakkını aryan Anababalara Koruma sağlamalı. Bu hainler Stalin in Tavuğu gibi zulmeder bunlara,nefret
"şaka maka 2018 teknofestine giderken pendikte her tarafta arap ve suri kaynaması bundan dolayı türkçe konuşacak insan bulamadığımdan ""allah bu şehri yerle yeksan etsin"" diye beddua etmiştim. eğer benim bedduamdan dolayı ise huzurlarınızda geri alıyorum",nefret
"Türk Milleti için de nam bakidir ve sürüp gidecek. Elinde yillarca tuttugu rehinleri infaz eden, Hiristiyan ve Yahudi destekli uluslararasi dini terör örgütü PKK ve onun gibilerine Türkiye Cumhuriyeti Devleti geregini yapiyor ve yapacak.
Sehitlerimize Allah'tan rahmet diliyorum..",nefret
"Hdp demek bizanzs tohumu demek 
Hdp demek Yahudi kuklası olmak demek https://t.co/Qh23sAohBN",nefret
yahudi foxun  yalanlarini ortaya çikardigi için mi #ahaberkapatilsin,nefret
"#DiyarbakirliAnnelereSesVer
Yillardan beri söyleriz bu ülkede Kürt sorunu yok bu ülkede Ermeni yahudi Vatan Haini sorunu var haykiran tüm annelerin ellerinden öpüyorum çocuklarinizi bu çakallara yem etmeyin ???? LINK",nefret
"Suriyeli biri mahalle bakkalinda  hirsizlik yapiyor.
Bakkal ""Niye çaliyorsun, iste vereyim"" diyor.
Suriyeli it kiziyor ve ""sen görursun"" diyor.
Biraz sonra bir Suriyeli  gurupla geliyor ve bakkali dövuyorlar.
Bakkal yogun bakimda ölumle pençelesiyor.
Sebep  olanlar mutlumusunuz?.",nefret
"Akvaryum yapmislar asagida o kadar suriyeli varki cam faunusta hiç balik görünmüyordu hepsi tepeye kaçmis :)
#fuckofsuriye LINK",nefret
Anneme Arap damat geliyo dedim senin zevkin benimkinden de kötü dedi..,nefret
Vatan bölünmez bir bütündür parçalanmaz alsaniz alsaniz basini alirsiniz Ermeni piçleri. LINK,nefret
"Kurduğunuz bütün sokaklar çıkmaz olsa her sözün ardı idam olsa Kabe dedikçe etimizi koparacak akbaba gibi üstümüze saldırsanız Vallahi bizler haykıracağız Kabe Kutsalımızdır!Ve siz ülkemde ki Ermeni Yahudi artıkları sizinde putlarınızı başınıza yıkacağız!
#KabeyiSavunanFişleniyor https://t.co/c03OPAjC1X",nefret
"Yeni Raki
burasi istanbul, tam burasi
her yer suriyeli, saç ektirmis araplar da cabasi.

burasi istanbul, tam burasi
35lik asmis 80 lirayi.

burasi istanbul tam burasi,
fakiri doldurur metrobüsü,
zengini sürer sefasini...",nefret
klmnnx@USER ?? sus lan Allahina Türk'üz Allahina vatan insaniyiz! Konuyu çarptirma beyin algina bak ! Beyinsiz beyinsiz konusma !! Sehitlerimizden prim yapma konu bu degil it olan sensin,nefret
"Katil ABD'nin yeni baskani Biden'in, Putin hakkindaki iddialari dogrudur. O yüzden Türkiye'nin izlemesi gereken en akilci yol bölgedeki diger katillerden Misir ve Israil ile yakin iliskiler gelistirmesidir. Böylece katil Yunan, Rum ve Ermenistan'in da kontrolleri saglanmis olur.",nefret
ya orospu cocuklari hepiniz niye ayni anda yaziyonuz tam ciddi iliski yapcam biri geliyo surprise motherfucker diye cikiyo sonra suriyeli gibi uruyolar aklim karisiyo,nefret
Suriyeli yapmadiysa baska bir sey bilmiyorum aq LINK,nefret
"Trabzon sokakları araplarla dolu Katar'da arap kalmamış diyorlar hafta sonu birde tinerciler oraya akın ederlerse hafta sonu olacaklara bak sen. Maçımız var
Trabzonspor Beşiktaş",nefret
"Erdogan daha ne desin, halkimiz bir an evvel uyanmali! Dogrudan söyleyemiyor salginin olmadigini! Adam agzini açsa belki Tanzanya devlet baskaninin akibetine ugrayacak! Çünkü, dünyayi tekeline almis devletler üstü küreselci yahudi/seytaniler var karsimizda!
#KongreVarsaKoronaYok",nefret
"#enineboyuna Kürt sorunu, hem Kürtlerin hemde Türklerinin ortak kararlariyla çözülebilir. Her iki kesim birbirinin kiymetini bilmek zorunda. Aksi takdirde Araplar ülkenin canina okuyacaklar.",nefret
"Bu memlekette 10 yil sonra o katarli ve suriyeli isletme sahipleri hiç bir TÜRKü yanlarinda çalistirmayacaklar. 
O gün geldiginde biz mülteci olacagiz kendi vatanimizda. LINK",nefret
Osmanli kadar tas düssün basina rum asigi ne idügü belirsiz mahluk! LINK,nefret
ahsjsjjsjs nE???? suriyeli gibi bakamayacagimiz cocugu dunyaya mi getirelim ya evlilik ne ayrica aq NAMUS NE. cok iyi bi tivit gibi gidiyodu bu plot twisti beklemiyodum LINK,nefret
Senin gelmisini geçmisini...... Türk futbolunun yüz karasi. Seref yoksunu....,nefret
Bu yahudi bozuntusu acik acik Turkiyede onu sevmiyenleri öldurmek istiyor bu yahudi fetoya iyanan lar bunu dinlesin ben Allahim önünde yemin ederimki bu feto Pici musluman deyil yahudi @USER @USER @USER @USER @USER @USER @USER @USER LINK,nefret
"Yahu 60ların ortasından 74'e kadar Kıbrıs'ta Rumlar Türkler'i öldürdü. Tarih okuması yapan arkadaşlar! Bu katliamda Türk devleti ne yaptı, neredeydi diye sormaz mısınız hiç? 
Yayılmacı olmayan, biz müdahale etmezsek bize de müdahale edilmeyeceğini sanan politikamız eskide kaldı.",nefret
"Bu oglu kaçirilip daga götürülenler.
Evet kürt.

Daga kaçirip ölüme gönderenler Ermeni ve israil in mossad ajanlari. 
Hedef büyük israil.

""Bunlar Kürt"" LINK",nefret
böylece 1 suriyelinin yüzü gözü hürmetine bir türk is sahibi olur. allah razi olsun suriyeli kardeslerimizden. sayelerinde issizlikle mücadele eden insanlar is sahibi olacak,nefret
"Bizler ülkeyi savasarak kazandik bunlar seviserek
Agzini burnunu yamultugumun belescisi 
Ülkemde Suriyeli istemiyorum LINK",nefret
''Suriyelileri istemiyorum'' diyenlerin soyuna bakarsanız hep Rum çıkacaktır. Biz Türkler olarak Müslüman Arap kardeşlerimizi istiyoruz ama Rumları istemiyoruz.,nefret
"Keşke hepsi bu kadar yürekli cesur olabilseydiler şimdilerde bu ermeni pkk sorunu çok farklı boyutlarda olabilirdi !!! 
İnşaAllah bu dirayetle devletimizinde mücadelesiyle bitecektir !!! https://t.co/aAsaU5wtlK",nefret
"Yalniz bu yezidin çocuklari çok komik 3 5 tane ermeni, yahudi, haçli piçleriyle cennet vatandan toprak alip adini kürdistan koyacaklarmis. O etegine yapistiklarinizi dedeleriyle sizide onlara kefen diye cennet vatanin cehennem yer altinda bulusturacagiz.",nefret
Güzelim Haydar Pasa garini hangi Arap soysuzuna peskes çekecekler acaba ??,nefret
Bir Suriyeli mahalledeki siyagi sayısı çoğaldı diye sitem etti. Troll mu ciddi mi diye baktım ciddi bir de :D:ddD,nefret
Bende kürdüm ama PKKli Ermeni  iti  degilim. Selahattin Demirtaş ap açık PKK yancisi Ermeni adamıdır.Yıllar önce Beşikteki çocuklari silahın süngü süyle öldürüp havaya kaldıran Ermeni den başka birisi değildi. Erkekleri doğrayıp kadınlara tecavüz edende #SevgiliSelahattinDemirtaş https://t.co/OOa3wtKgkQ,nefret
Bir anne Ermeni bile olsa evladını bu sırtlanların elinden kurtarmak için çıpınıyorsa baş tacidir https://t.co/o1uQVEbycf,nefret
#kürt Leri arkasina alan ermeni yahudi pkk piçlerini destekleyen sempati duyan ne kadar kürt varsa O.... Çocugu piçtir.,nefret
"Devleti ebed müddet! ey icinizde ki Ermeniler, Rumlar yada herneyseniz başaramayacaksiniz #DevletiminYanindayim",nefret
Bu nasil Istanbul aq heryer suriyeli,nefret
İğne Vurulmak İçin Devlet Hastanesine Gittim Sadece Doktorlar Türk. Geri Kalan Hepsi Suriyeli Sıra Bile Alamadım. Kendi Yurdumuzda Suryeliler bizden önce Geliyor...😡😡😡😡,nefret
"Boğaziçi üniversitesi önündeki eylemlerin sadece bir rektör meselesi olmadığı bir kez daha kutsal mekanımıza kâbemize yapılan bu çirkin saldırıyla aşikar olmuştur bunların tek dertleri islamdır bunlar içimizdeki yahudi ermeni ve yunan kırıntılarıdır 
#KabeKutsalımızdır https://t.co/UrVnJVrANP",nefret
savas.ust@USER amina kodugum rum kökenlileri,nefret
suriyeli piç #MuhammedNurTutuklansın,nefret
bulentcakir1Bu ali koça inaniyoruz güveniyoruz diyenler yalamalar azizden kurtulduk sükrettik amik.,nefret
babam telefonunu almis siri'yle konusuyor siri sen ermeni misin heee buna da cevap ver bakalim diyor,nefret
"Yeryüzünde dinler olmasaydi insanlığın kaybedeceği tek bir sey söyleyebilir misiniz ?  İnsanları müslüman, hristiyan, musevi diye ayirip bir diğerinden nefret ettiren ve hatta alevi sünni diye fişleyen din, tarihi kanla yazılmış din.",nefret
Allahım hemen arap ırkını yok et. Teşekkürler https://t.co/9LmufGgPA2,nefret
"93 yildir kurduklari kahpe saltanat yikildi diyemi kuduruyor rum,yahudi ve,chp, hdp ,gibileri.????????????????????????",nefret
"Son 15 yılda baskı gören dindar Müslümanlar özgürleşti

Seküler sınıf baskı görmedi, özgürlüğü iliklerine kadar yaşamaya devam ediyor 

Birçok yasağı yaşayan Kürtler özgürleşti

Potansiyel düşman olarak görülen Ermeniler, Rumlar vs. özgürleşti

Özgürlüğün mimarı da @RTErdogan'dır",nefret
squats.Türkey#Orosbucocuguahmetkural !!!!,nefret
kapatalim yahudi televizyonunu  #YalanciFOXTV,nefret
"#18martcanakkalezaferi
İngiltere Fransa Almanya İtalya ve bunlarsız hayatlarını idame edemeyen avrupa ülkeleri ,İsrail Amerikan yahudileri ve bunlara köpeklik eden bazı arap ülkeleri, Ermeniler Rumlar ve bunların arkasında duran Rusya,
Dünde,bugünde,yarında can düşmanımızdır.",nefret
"chp ülkedeki en büyük beka ve terör sorunudur,toplumu her türlü algiyla,yalanla,sahtekarlikla,eseklestirip semer vuran bu ingiliz tabelasi,terör ve teröristin logitik,kalekoludur,ülke bu tabeladan 1980 de kurtulmustu,yeniden hayat verenlere lanet olsun.... https://t.co/OQ4GV5Q5jc",nefret
Ermeni = cani hayvan dan da aşağı mahluk https://t.co/psTbKvrzF3,nefret
"Bir suriyeli terörist yüzünden bütün suriyeli'leri zan altında bırakamazsınız. Cılar burda mı?

Evet haklısınız. 9 milyon #suriyeli terörist yüzünden, 10 milyon suriyeliyi zan altına bırakamayız.
#MuhammedNurTutuklansın",nefret
Her olayda ülkeyi terketmeyi düşünen gençliğe hitabeden nasibini almamış dejenere gençliğin vatanını satan suriyeli araplardan aşağı kalır yanı yoktur.,nefret
"Ülkemizin en gelecek vaat eden öğrencilerini elin vatansız suriyelisine maskara ettiniz, bu vatanın öğrencilerini bombalamak ile halkı kin ve tahriğe yönlendiren haysiyetsiz, afedersiniz Suriyeli tutuklansın ! https://t.co/mL9Sg53gAU",nefret
"""Yunan tohumu"" dedigimizde kiziyorlar. 

Türkiye Cumhuriyeti devletine kafa tutan ""Yunan tohumudur""...",nefret
ya adama bakar misiniz sanki babasinin evinin kapisini açiyor... insanlar rezil olmus rezillik paçalardan akiyor istemiyoruz sn cumhurbaskani ülkemizde suriyeli istemiyoruz bir halkina sor bakalim biz bunlari istemiyoruz!,nefret
"Artik bu kurnazliklari yok nevruz veya Newroz fark etmez mis t*rk ve Kurd bayramiymis,
Newroz Kurd bayrami, bi kere t*rk yok ki bayram olsun.
neyin basina t*rk koyulmussa bilinki
Ya Kurd den Rum dan ya da baska bir milletten çalmislar çaplari üretmeye yetmiyor yirtinmalar bundan LINK",nefret
"Müftü karısı diyorlar CHP'li yönetici çıkıyor 
Sade vatandaş diyorlar chp kadın kolları başkanı çıkıyor 
Bunu da Suriyeli diye çıkardılar
Bakın ne çıktı

Sen iflaf olmaz bir yalancısın Chp...

 https://t.co/uzFGQYwuBF",nefret
"Sn. RTE'nin din kardesleri, RTE'nin afisini yakmislar.
""Vatan sevgisini Suriyeli çocuklarin gözlerinden ögreneceksiniz."" demisti.
Maas, kira, gida, saglik vs. yardimlari yapti, yine yaranamadi.
Umarim Türk'ün Türkten baska dostu olmadigini anlamistir.
Anlamis midir? LINK",nefret
"Sonuç bildirgesine KKTC'li Rum seviciler ates püskürüyor. Esasinda onlar, Türkiye'nin söz sahibi olmasini hazmedemiyorlar LINK",nefret
Halk TV'nin izliyici kitlesi yada Yahudi foks ve vs yalan hucrenize işlediği için doğru yanlış sizin için fark etmez  izleyin gitsin ama onları izledikçe Ahaber de devam edecek #ahaberkapatılsın,nefret
sözde alevi arkadaşlarım her zaman gösterdiğiniz duyarın üçte birini tutulan oruçlara da saygı duyup tükettiğiniz alkollü içeceklerin fotoğraflarını paylaşmazsanız mı :),nefret
Az önce otogarda kara çarşaflı kız sevgilisiyle el ele biri de diyemiyo ki arap özentisi bunu Arabistanda yapsan kıcına 200 kırbacı yemistin. Almanyada yere çöp atmayıp Türkiyede atanlar ile aynı kafa https://t.co/plpcvYcZ3j,nefret
#türktelekom gibi bir şirketi Arap piçine bedavaya verirseniz böyle olur,nefret
Kardeşim şu şehre bi kurtuluş savaşı yapsanıza amk şehrin heryeri arap dolmuş şehir koca bir arabistan amk,nefret
Abi bu ne kari gibi poz veriyorsun sen erkeksin he burasida Türkiye,nefret
ben aynı tanrıya inandığımızı düşünmüyorum bu ne amk arap özentisi seni https://t.co/qsZa5MFIrp,nefret
#YalancıFOXTV Yahudi kanalından ne beklersin..,nefret
Trabzon şehrini seviyorum lakin elin Yunan gavurunun takımını bile Trabzonspor'dan daha çok seviyorum en azından düşmanı dışarda ararım !! Düşman içerde fetöcülerle kol kola yürüyüp Fetullah denen orosbu evladının kumpasını savunuyor Yazıklar olsun !!,nefret
"""Yunan tohumu"" dediğimizde kızıyorlar. 

Türkiye Cumhuriyeti devletine kafa tutan ""Yunan tohumudur""...",nefret
"Çoluk çocukla uğraşmayı bırak. 
AKP olarak başımıza sardığınız Suriyeli şerefsizlerin icabına bak Süleyman!

Sen bakmazsan bu millet çocuklarına uzatılan eli de dili de koparır.

İşini yap Süleyman, işini...

@suleymansoylu 

 #MuhammedNurTutuklansın",nefret
AHMET NECDET SEZER ATAMA YAPARKEN ÇIT YOK.ERDOGAN ATARKEN NEDEN BAGIRIYORSUNUZ.BEN SÖYLIYEYIM. ÇÜNKÜ YUNAN TOHUMUSUNUZ...,nefret
"Oralar tekrar ormanlastirilir, TÜRK ve Müslüman olmayan, çogu rus (laz, çerkez, gürcü, ermeni) rum, yahudi, arap,...asilli hain hirsizlar, sinsi kriptolar, arsiz yamyamlar defedilir.
Hesap vermeden olmaz!
Anlayanlara iyi geceler. LINK",nefret
"CHP-HDP-IP-ABD-AB-ISRAIL- INGILIZ-YUNAN-ERMENI ve NATO USAKLARI! Iyi tani ey yurdum insani iyi tani bunlari. Unutma, aslini, neslini! Ne mutlu Türküm diyene ve Türk kalabilene!",nefret
ben ermeni olsam internette bir sey yazmaya yüzüm olmaz. bunlar karabagi 2 ayda kaybettiginin farkinda mi,nefret
Yemeksepeti'nde bizim mahallenin muhtari Suriyeli... Siz yatin kalkin Reis'e dua edin.,nefret
"bu Vatan haini teröristlerin çogu alevi, fetöcü
hiristiyan, yahudi
ve baska kiriptolar LINK LINK",nefret
suriyeli picler kismi olmasaydi az kalsin inanacaktim ya LINK,nefret
"Hâla yok kudus yom israil yok filistin yok suriyeli 
Sikicem artik arap sevdanizi aq deprem oluyor sebeke çekmiyor
Artik biraz kendi ülkemize yogunlassak?",nefret
TÜRK MİLLETİ İLE DALGA GEÇEN BU EMPERYALİSTLERİN ARAP VERSİYONU SOYSUZLARIN ARPASI KESİLMİŞ HALLERİ 33 OLSA BİLE HİÇ ÇEKİLMİYOR https://t.co/Lca1vidDHC,nefret
Gizli Ermeni Canan Kaftancıoğlu 1 yıl ceza almış.Ermenistan kurtarsın seni.,nefret
AL BİR MASTÜRBASYON HADİSESİ DAHA. ULAN ARAP İLE AYDIN KELİMESİ YAN YANA GELEBİLİR Mİ? ASLINA BAKARSAN TÜRK AYDINLARIN AKLI BAŞINDA OLANLARI DA ARTIK TÜRKİYE'DE DEĞİL. YOK YANİ ORTADOĞU COĞRAFYASINDA AYDIN NESLİ TÜKENDİ. https://t.co/zwHRhAKQNX,nefret
Lan ayi oynatan çingene ananin amina gitsene artik orospunun sektirdigi,nefret
"dünya'da en iyi masal uyduran millet arap'lar, 
bu masallari en iyi anlatanlar acem'ler, bu masallara en çok inanlar da türk'lerdir çünkü ... 
LINK",nefret
Alt-üst soy bilgisi sorgulama baslayali epey zaman oldu. Simdi vakit soyadi kanunu ile hangi soysuzun kendine Türk / Müslüman soyadi aldigini ifsa etme vakti. Surasi kesin ki bugünkü sözde elit sinifin çok büyük çogunlugu selanikli yahudi veya kansiz ermeni çikacaktir.,nefret
ulan kürt olup yoldan geçen kari kiza bakmak vardi izmir bizi ibne yapti götümüze baktiriyoruz,nefret
"Budur.
Ancak, TÜRK ve TÜRKİYE için YABANCILAR DEFOLUN kuralının uygulanmasının gerekliliği, son 70 yıldır, TÜRK ve Müslüman olmayan, çoğu rus asıllı yahudi, hristiyan hain, hırsız, cani siyasi, bürokrat, iş ve din adamlarının soylarıyla kanıtlanmıştır.
TÜRKİYE TÜRKLEŞMELİDİR! https://t.co/KJkHaeblAs",nefret
"Türk Devleti Gücünü Milletinden Alir
Gavur döllerinden degil.
#DevletiminYanindayim 
#BORSA",nefret
Konya'da kayip olan 21 yasindaki S.B.A'nin Suriyeli fuhus çetesi tarafindan kaçirildigi ortaya çikti. Genç kiz polisin operasyonuyla kurtarildi. LINK,nefret
"Canan Kaftancıoğlu benim gözümde dağdaki teröristten farkı yoktur.

Tipine bakinca da zaten Ermeni olduğunu anlarsınız.

Devlete karşı her hainliği yapacak din ile dalga geçecek askerimize laf uzatacak kadar alçalacaksin ama bu devlet sessiz kalacak.

Ermeni artığı vatan hainisin https://t.co/yVOC7xoOFp",nefret
suriyeliler için kapıları açılıyor yüzbinlerce geliyorlar ülkemde suriyeli istemiyorum #yenikapı,nefret
songul.koc Bu sarki bir Italyan pirinç tarlasinda çalisan isçinin sabah ise giderken esine söylenmis bir sarkidir sonrasinda fasistlik karsiti devrimci halklar bunu mars haline getirmistir vecde bu bir sosyalist mars olarak tarihe kazinmistir bir çok dilde de söylenmistir. Türkçesi de mevcuttur grup yorum Türkçesini söylüyor. Bu marsi bu tarz popileritelik adina kullanilmasi büyük bir yanlistir bir an önce bu yanlisa dur demek lazim. Poposunu göstererek bu marsi kullanmasi hiç olmamis.,nefret
"Toplamı 40-50 kişi olan Suriyeli gruplar kavga ediyor, bir motorda iki polis müdahaleye geliyor. Mahalleli bıktık usandık şu binadakilerden diye polise serzenişte bulunuyor. Polisin cevabı müdahale edemeyiz, Valiliğe şikayetinizi bildirin.",nefret
"3.firka:Sünnilere ve si'ilere düsman olanlardir.(Vehhabi) ( necdî)denir.Bunlar müslümanlara müsrik demislerdir.
Müslümana kâfir diyene Peygamberimiz (sav) lanet etmistir.

Müslümanlari bu üç firkaya parçalayan yahudi ve ingilizler dir...

{ M.Siddik Gümüs }",nefret
arap ve arap sevicilerdeki terlik aşkı niye,nefret
Arap sevici olacaklarina neden japon sevici olamadi bu yoneticiler acep. Adamlar depremle yasama konusunda 1 numara.,nefret
Bu Ne amk her yer Arap??? LINK,nefret
ercan_kip Roman atif topal bunlardan acil kurtuzmassak bu takimdan bir bok olmaz Çocuk da cocukta yani ..baskan radikal kararlar almazsa gemi batiyo,nefret
"Bogazici ünv olaylarin arkasinda gizli servisler tarafindan yurt disinda kurulmus, Türkiyede demokrasi adi altinda sokak eylemlerini örgütleyen NGO'lar var basta Alman..Basina yansiyan 33 kisiden bir kismi Kavalaci Iletisim yazari olmasi tesadüf degil

#BirSilersinMilyonYazariz",nefret
"Bu senenin sinekleride 
Lambalarda bekleyen suriyeli gibi 
Amacına ulaşmadan gitmiyorlar 🙄🙄",nefret
ido koltuk seçimi yine mükemmel ötesi. arap yanı koridor 2 çocuk,nefret
Bu gün arap seviciligi yapan soyu bozuk veya mankurtlar Araplari asimile edip Türklestirecegi yerde asimile olanlar arap fasizmini araplarin elinden alip Türkleri Türklügü Türkçeyi Türk kültürünü Türk örf adet anenelerini Türk ahlakini Türkiye cumhuriyetini ve,nefret
"Sizce Dünyanın gelmiş geçmiş
En azılı At hırsızı kimdir ?
a) Teksas'li Rum David
b) Ohayo'lu Ermeni Abraham
c) Kasımpaşa'li Yahudi Recep https://t.co/R6BFR1rTHA",nefret
"Müslüman ülkede vatandaşa gavurun eziyetini yapmak, hemde sağ görüşlü parti gavur bıraktı biz yapıştık ölümcül maskeye bu ısrar niye? #AçıkHavadaMaskeGereksizdir",nefret
"#AnnelerDireniyor Allah korkusu olan ve bu korkuda samimi olan Kürtlere ""Ben bu orduya kiliç çekemem ve size istirak etmem"" diyen Nurslu Saidin sözlerine kulak verin ve Türk ordusu ve milletine silah çeken marksist,yahudi,mason örgütlerin elinden evlatlarinizi alin.Direnin.!!!",nefret
"Yunan isgali altinda bulunan bölgelerde akinci müfrezeleri kurulmasina dair yazilan telgrafa Mustafa Kemal Pasa'nin kendi el yazisi ile yazdigi
"" Tesekkür, pek muvafiktir. Refet'e verelim yaptirsin""
cevabi.
Sari ile isaretli bölüm Atatürk'ün kendi el yazisidir. LINK",nefret
77 seçimleri 5 haziranda yapılıyor 18 haziranda üç aylar başlıyor ramazan diye sallayamayınca üç aylar diye yutturmaya çalışıyor ateist yalancı kaymakam. 😂,nefret
"Derbi gelse de iki üç fransiz sömürgesi arap tokatlasak. Bakin galatasaraya fransiz demiyorum, sömürülmüs olan araplara diyorum yanlis yere çekmeyin.",nefret
"Bu kadının suçunu bile bile savunun kim varsa onunla aynı zihniyeti taşımaktadır. 
Terörist sevici,
Ermeni sevici,
Devlet düşmanı

İşte chpkk zihniyeti budur. Bunlar bu ülkenin baş belalarıdır.
Adalet dediğin böyle işler.

Bu arada Chpkk Hdpkklaştırılıyor...

Canan Kaftancıoğlu",nefret
"Çünkü, kendilerinin yolu ensar.dan geçmis, TÜRK, INSAN ve Müslüman olmayan, rus /rum yahudisi bir gürcü olmak, TÜRK için degil, tayyiban retö gibilere ve suçortaklarina uyar.
Sonlarinin geldigini, dünyanin cehennem olacagini görüyor, çogu rus asilli yahudi, hristiyan hirsizlar. LINK",nefret
melisaeylul_ozlem Kiz kurtarin beni diyor resmen,nefret
"Arap milletine karşı her vakit temkinli olmak şarttır.!

•
#Cumhurbaşkanıİstifa Fahrettin Altun #ErdoğanınYanındayız 
•

Suudi Arabistan, Türkiye'ye uyguladığı boykota devam ediyor.
https://t.co/WLe2tDcOjI",nefret
buna gecen gecmis bu islamdan gecse ne olur  bunlarin efendileri  yahudi tasmasiyla dolasiyor  zaten LINK,nefret
hakangene Yarragi yedik amk .. 1 ay Türkiye'nin gündemi bu olur artik... 2 tane kasarin mevzusu,nefret
"Katar’a Satılan Şirketlerimiz
1-Finansbank
2-Digiturk
3-Abank
4-Banvit
5-BOYNER
6-ANKAS
7-BMC
8-ERGO
9-TANK PALET
Toplam 121 ŞTİ

Boğaz’da 27 Yalı
22.000 km2 Arazi

İsrail’e Satılan
Filistin gibi
Vatanımız satılıyor

Şimdi de 2 milyon Suriyeli
Yeter artık
#suriyelileriistemiyoruz https://t.co/5CudT4EhN2",nefret
"Yahudi, Rum, asrap, kurması, Türk düşmanı kişilerin Türk tarihinden bahsetmeleri zaten algı operasyonu. 😂 😂 https://t.co/PjQrpztaUa",nefret
yrnsgnk@USER kendisi Türkiye'nin muhalefet lideri.. size göre bu bir bok olmuyor mu?,nefret
Suriyeli'leri basimiza iyice bela ettiniz Allah belanizi versin,nefret
"Azerbaycan, Ermeni işgalinden kurtarılan bölgelerin imarı için 2021 devlet bütçesinden 1,29 milyar dolar ayırdı...",nefret
"Noldulan damat? gitti isler düzelecekti hani! 
Bakan Albayrak'i mumla arasin mumla! 

Umarim anlamissindir meselesin damat? olmadigini! 

Türkiye öyle adimlar atti ki son bir haftada Gavur yine ekonomi ile tehdit etmeye basladi.

Ama elbet gelecegiz hakkinizdan!

#beratalbayrak",nefret
"“VoxjMnaluArvest”  “VOMA” terör örgütü.
Lideri Ermeni asıllı Rus Vladimir Vartanov 1965 doğumlu eski KGB ajanı.
VOMA terör örgütünü şu anda faaliyete PKK ve Asala’dan destek alıyor.

Kafkasya’da tutmayan PKK aşısına alternatif Ermeni terör örgütü.

#SelahattinDemirtaşTeröristtir",nefret
"LAN İNGİLİZ PİÇLERİ HİÇ ATATÜRK’E KARŞI ÇIKILIRMI,Ermeni Arap dölümüsünüz amk şerefsizleri #KemalizmEsaretineSon",nefret
247 gün Ermeni esaretinde - ‘Bebekleri kireç kuyularına atarak yakıyorlardı‘ - FOTOGALERİ | ASASMEDYA https://t.co/gI3EWdq0L6,nefret
#deprem yirmi beş yıl ist başındalar sonuç yeşili katledip betonu döktüler rant uğruna sonra arap doldurdular istambula boğdular katlettiler,nefret
Ekrem Imamoglu CHP TEMELLI GÂVUR OLMUS ERMENI OLMUS ... LINK,nefret
FATİH TERİME BU CEZAYI YUNAN COÇUĞU ALİ KOYUN VERDİRDİ HİÇ KİMSE ÜLKENİN EN BÜYÜK İŞVERENİ DEMESİN .,nefret
sahibi yahudi piçi #YalanciFOXTV,nefret
Türkiye'deki adalet! Iste bu yaziklar olsun tüm itibarimizi verdigimiz bu firsatlarla kaybettik senin gibi serefsizler böyle adaletten hukuktan yararlanirlar zaten amina kodumun yiyin birbirinizi vurun kesin siz zaten bundan anlarsiniz gece kulüplerinde eylenip eglenip serefsizlik yapanlarsiniz tayfanda yaninda zaten hazir yalaka hepside Söylenecek çok söz var ama kisacasi su burasi Türkiye toplumun ahlaki degerleri edep uslu kalmadi senin gibiler yüzünden ülkemizdeki sporcuya popçuya bakarsan zaten bes para etmez sen siritmaya devam et sümüklü bok !,nefret
"[2] Gavur, bizden farkli inanan degil; zalim, adaletsiz ve kin dolu insandir... Bu nedenle dedem, Müslümanim dese de kisinin söylemine degil eylemine bak, çünkü dilde ne söylerse söylesin kisi adalet ve hakkaniyetten ayrilmissa, zalimse  söylemi degil eylemi esastir derdi.",nefret
Yunan-Ingiliz-Fransiz yüzyil sonra yine karsimiza dikildi... Yanlarinda bir de ABD var Wilson ilkelerinin hayaliyle yasayan abi olarak. LINK,nefret
"Müslüman Kürt görünümlü kripto ermeni terör örgütü ASALA,PKK,PYD,YPG,SDF vs nin siyasi kanadı HDP tarafından çocukları kaçırılan anneler oturma eylemine devam ediyor Anneler elimizde çocuklarımızın HDP tarafından dağa kaçırıldığına dair ses kaydı var diyorlar",nefret
"Ey YUNAN Bozuntusu
El ATINA BINEN TEZ INER
BILESIN.
Ey YUNAN TÜRK le ugras
ma????

Kathimerini gazetesi ise. Fransa'nin uçak gemisi Charles de Gaulle'ü Türkiye'ye karsi Dogu Akdeniz'e gönderecegini ilan etmesinin ardindan Ingiltere'nin de benzer bir adima hazirlandigini bildiriyor LINK",nefret
"YA ÖZGÜRLÜK YA ÖLÜM MKA????Ülkemizi kusatan Amerikan Ingiliz yahudi çomarlarini siktir edecegiz cemaat tarikat ne varsa uçuracagiz ???????
TEK MILLET TEK YÜREK #AsagiBakmayacagiz",nefret
"Mevcut siyasi partilerden bir fayda beklemek; 
safliktir, ahmakliktir.

Onlarin derdi Türk milletinin bekasi ve refahi 
degil. Hepsi ihanet içinde.!
 
CHP, Kürtçü bölücü Ermeni kirmalarinin isgali 
altinda!",nefret
Türkiyenin 1 numarali topu,nefret
"Şampiyonlukları çaldınız,tezahüratlarımızı çaldınız sıra üçlüye mi geldi. Baklavayı çalan Yunan gibisiniz... #ÜçlüBeşiktaşınÜçünBiriGsnin",nefret
Hdp nin tek bir amaci vardir Kürdü kürde kirdirmak türkü kürde kürdü Türke kizrdirmak çünkü hdp ermeni bir partidir bakin içine bir tane Müslüman Kürt vekil yok tamamen Ermeni,nefret
SENIN BEN ANANIN AMINA ELEKTRIKLI TESTEREYLE GIREYIM METAFETISIST OROSPU EVLADI MAHALLE TAKIMINDA OYNAMIYOSUN SEN KOSKOCA FENERBAHÇE DE OYNUYOSUN KITAPSIZ OROSPU ÇOCUGU SENI TOPÇU YAPANIN DA ANASINI AVRADINI SIKEYIM SUURSUZ OROSPU EVLADI KANSER ETTIN BENI BAK YEMIN EDERIM UYUYAMIYORUM SEN VE ALLAHSIZ HASAN ALI YÜZÜNDEN SIKTIR GIT SU TAKIMDAN AMINA KODUMUN ÇINGENESI BABAN SENI ZEVK ALMADAN MI YAPMIS DA SEN BU HALE GELDIN SIKIK OROSPU ÇOCUGU ALDIGIN O PARALAR INSALLAH ANANIN AMINA GIRER HARAM ZIKKIM OLSUN.,nefret
"1.HOCALI'YI UNUTMA!..

Sene doksan ikide, yirmi altı şubatta,
Olanları Türk olan unutamaz hayatta!..

O gün var ya; Türk için, kara olan bir gündür!

O gün Türk'ün bağrında, yara olan bir gündür!

Hocalı'da kıyamet, koptuğu günün adı...
Ermeni'nin soykırım yaptığı günün adı...",nefret
"Kurt'un çobana
Türk'ün arap'a ihtiyaci yok..

Anladin?",nefret
oktaykarginn@USER arkandayiz reis Türkiye senin gibi adama kurban olsun. Siktir et takma su laflara kafana bile takma koy amina gitsin. Senin gibi aktör gelmez daha??????,nefret
Nargile daha çok Suriyeli vatan hainleri için satiliyor. Mühim degil ?? LINK,nefret
10 cgb rüsvet vererek dünkü rezaletin üstünü örtmek tamda zihniyetinizi yansitiyor. Burada Türk Telekoma laf yok ordaki yobaz yöneticilere lafimiz.lafimiz ordaki arap ve diger yabanci sömürgecilere. Türk Telekom birgün tekrar özgürlüge kavusacak. #AdamsinTelekom,nefret
gözümüz aydın yeni suriyeli akımı geliyor erdoğan kendi ağzı ile diyor #ibbyeboykot #israf #yenikapı #birkezolsuntepkikoyun #suriyelileristemiyoruz #suriyeliler,nefret
#AnnelerDireniyor fakir kürtlerin çocuklari mezarda ermeni dönmelerinin çocuklari plajlarda,nefret
AMINA KOYDUGUMUN ÇINGENESI TERKET KULÜBÜ,nefret
cduygu____Türkiyenin nesi meshur sorusuna artik yavsak Arda si deme time,nefret
"Buradan anlıyoruz ki 
Rumlar Yunanlılar 
Stres ve baskıyla 
Örf ve ananelerimizi bozmaya-aşındırmaya çalışıyor",nefret
#diyanetkapatilsin diyenlerin soy agacina bakilmasi gerek kesin Yunan kirmasi bunlar !!,nefret
"Büyük bir Yağma yaşanıyor.!
Milyonlarca suriyeli, afgan, ermeni, Türk milletinin kaynaklarını sömürüyor.
Bu iktidar Yabancılara ÜLKE yi peikeş çekiyor.! Türk vatandaşları Fakirlik, zulüm, Geçim sıkıntısı içinde ölüyor.! #COVID19 Bundan büyük ihanet Olur mu.??
#CHP #DEVAPARTİSİ",nefret
Gavur itin biri..bu tür gavurlara mantikli cümle kurmaya gerek yok..söveceksin..senin bireysel özgürlügünü de yasam biçimini de...   Diye baslayan cümleler.. ulan ben Müslümanim ve her olaya Islam açisindan bakiyorum var mi diyeceginiz.. varsa gelin kavga edelim savasalim. LINK,nefret
#nihatözdemir sana ve ailene lanet olsun #alikoç sende o yahudi lerin semsiyesi in altindan hiç çikma çikarsan 30 milyon birden bi.......... Neyse gerisini yüce Türk milletine birakiyorum,nefret
"Ermeni yeni bir oyun pesinde. 
Azerbaycan'li kardeslerimiz tüm gerekli önlemleri almali. LINK",nefret
"Ermeni sevici Din Düsmani Canan Kaftancioglu' na ,9yil 8 ay ceza verildi :))) LINK",nefret
"Kürt kardeslerimizi, aglayan anneleri gördükçe göz yaslarimi Tutamiyorum.  Yillarca kahrolasica pkk denilen ermeni &yahudi politikalari bu aziz , masum milleti birbirine düsürdü , aci çektirdi .. Kahhar ismi ile kahreylesin Rabbim.",nefret
Bunların amacı birlik olmuş büyük Galatasaray taraftarını zedelemek başka bi amaçları yok aq sanki Yunan takımıyız sayın @RTErdogan a sesleniyorum Avrupa’da ülkemizi temsil edecekken ülkemizde moralimizin bozulmasını İstemiyoruz!!#nihatözdemiristifa,nefret
bir irak'ta yasanilanlar bir suriye'de yasanilanlar vs islam ülkelerinde yasanilanlar kötü yola düsürülen bir müslüman kadin escinsel olan bir müslüman erkegin emperyalizme siyonizme boyun egmis islam devletlerin durumu hz. hüseyin'in durumundan ölüm seklinden çok daha acinasidir.,nefret
"Ateist inandığı gibi yaşıyor...
Kemalist öyle hristiyan yahudi öyle...
Müslümanlar da dinden taviz vere vere vere dini yüceltecekler akılları sıra...
Ya Rabbi, bu kardeşlerime akıl fikir ver...
Kulluk için gelmişler kulluk etseler kurtulacaklar hâlâ dinini satarak",nefret
"kripto yahudi chp'li aykan erdemir kiliçdaroglu'nun abd'de fetö'cülerle görüsmelerini saglayan kisi. esi tugba tanyeri erdemir de abd'nin en büyük yahudi örgütünün koordinatörü. ayni zamanda #odtü'de hoca. ""çocuklarimiz kripto yahudi ermeni ve mason chp'lilerin elinde""",nefret
"EMPERYALIST VE ARAP USAKLARI ATATÜRK'Ü NEDEN SEVMEZLER
Atatürk en büyük Türkçü, Cumhuriyetçi ve Türk milliyetçisidir.
Türk Milletinin kendi kendini yönetmesi için Türkiye Cumhuriyetini  kurmustur.
Türk'lügün Bagimsizligini, Baskaldirisini, Sahlanisini tüm dünyaya göstermistir...",nefret
"Saten bu kadın oyunculuk dışında her şeye muhalefet bu kesin RUM
SEVİMSİZ KADIN https://t.co/zcWWMJaOZK",nefret
"KONUYU BİRAZ DAHA YUKARI TAŞIYALIM
TÜRKİYE'Yİ ÖNÜMÜZDEKİ BEŞ YIL BOYUNCA
ÇAĞDAŞ MODERN EĞİTİMLİ VATANSEVER TÜRK HALKI OLAN LAİK ATATÜRK'ÜN YOLUNDAN GİDENLER YONETSİN 
TÜM BİRİMLER GERÇEK VATANSEVER TÜRK HALKINDAN SEÇİLSİN 
DEVSİRMELER ARAP KIÇI YALAYANLAR OLMASIN NE DERSİN PROFFF https://t.co/Wx2KbF1Y0Q",nefret
Devlet Kürt görünümlü Ermeni pkk örgütü ile müslüman vatansever Kürt kardeslerimizin arasina yikilmaz duvar örmelidir LINK,nefret
"5 Eylül 1922 Atça' nın Yunan işgalinden kurtuluşunun yıl dönümü

ALLAH bu millete bi daha Esaret yüzü göstemesin https://t.co/yLBwRTM91G",nefret
"suriyeli'leri maksimum bu kadar entegre edebilirsiniz.
Profesyonel bir dolandırıcı olacak kadar.
Daha fazlasını beklemeyin. https://t.co/I3Hs8V0dWl",nefret
"Ermeni vampirleri ve Hocali... 
@USER
LINK",nefret
"Boğaziçi Üniversitesini bombalamakla tehdit eden, Işid artığı Suriyeli şerefsiz o.ç.
#MuhammedNurTutuklansın",nefret
"#AnnelerleBeraberizYaSen
Türkiye Cumhuriyeti'nin %25'i hariç (Ermeni- Rum Yunan)  hepimiz onların arkasındayız.",nefret
Çünkü tarihi bilmiyoruz. Yeni Zelandada müslümanlari katleden hristiyan terörist içinde Ayasofyanin kini bile biriktirmisti. LINK,nefret
"Bu adi köpek ermeni tohumu için bir el atalım..
   @suleymansoylu 
@EmniyetGM https://t.co/i9KiV8HVo4",nefret
canan kaftancioglu yalan oldu gençligin bak talan da oldu darisi tüm türk düsmani ermeni sevicilerin basina.,nefret
Ingiliz kasigi ile Arap b*ku yiyenler beni takipten düssün hadi nas nass.,nefret
Ey yahudi kafir oğlu bu müslüman ülkesinden defol #KatilÇinTürkiyedenDefol,nefret
sahibi yahudi piçi #YalancıFOXTV,nefret
"O  yüzden eger görmek,  duymak  ve  dinlemek istiyorsan,  o  zaman  bütün  inanç  sistemlerini  birakman gerekir.  Bir  Hindu olamazsin. Bir Müslüman  olamazsin.  Bir  Hiristiyan  olamazsin.  Bu  tip  saçmaliklara yönelemezsin.  Inançsiz  olacak  kadar  akli  basinda  olmalisin.",nefret
Bu mesele Türk leri rahatsız eder yahudi ve Rum soyundan gelenleri değil https://t.co/f3ylwS417b,nefret
"Bu hainoglu hain RUM KIRMASI YUNAN DOLUNE haddini bildirecek,Ne mutlu TURKUM diyene diyebilen Bir TC savcisi yokmudur Allah askina.??? LINK",nefret
"Yahudi yapmaz yaptiginizi!
Tarlada bahçede 10 kurus markette 70 kurus!
Tarladan bahçeden üreticiden toplayip stok yap!
Yetmez patatesi domatesi sogani topraga göm sonra hem devlete hem millete fahis fiyat sun
Üreticiyi tüketiciyi Devleti zarara sok dinsiz imansiz #HaramiStokçular",nefret
"""Ermeni'nin, artık ebedî düşman olduğunu kabul ve teslim etmemiz gerekir. ""Maziyi unutalım, kardeş olalım!!"" demekle hiçbir mesele çözülmez; hiçbir düşmanlık giderilmez. Düşmanı dost sanmak kadar tehlikeli yanlış yoktur."" 
_/Atsız https://t.co/PBjV2vPSTk https://t.co/ay2Lu7ZyOM",nefret
"Bu yavşak Suriyeli galiba 
#MuhammedNurTutuklansin https://t.co/oJ3pwQFv8l",nefret
Türk gencinin siyasi görüşü ne olursa olsun gotu yanmış ermeni/yunan/slav gördüğünde neo-osmanlı olur,nefret
"Imamoglunu Maasli trolleri ,
milleti salak enayi saniyor bu Yunan Rum tohumu..?????? LINK",nefret
"ailemde türk töresi gereği 
arap bedevi atıkları gibi
amca
dayı
hala
teyze
gibi akraba evliliği adı altında ensest ilişki türü olmadığı için
dedelerim
rum
ermeni
kürt
çerkez 
kızları ile evlilik yapmıştır
bu yüzden
yörük rum ermeniyim kürdüm kısacası anadoluyum ben",nefret
Tatava Cengiz yazıp aklınca tiye alan suriyeli de net o.cocugudur. hırsızlık yapanın anasını avradını.........!! Gerçi siz keyif alırsınız ensest p.cleri.,nefret
Bu yahudi ermeni kırmaları kendilerini türk ten sayıyor bide kendilerini bişey sanıyor . Geç bunları geç . Biz merhametliyizde siz konuşuyorsunuz . 80 yıldır birikimlerinizde . Dinsizlik ahlaksızlık götverenlik . Onlarıda yıktık yıkacağız https://t.co/Rt5OaGag7L,nefret
"Budur.
Yahudi, hristiyan hirsiz caniler, herzaman, kana ve vahsete doymayan acimasiz mahluklar olmustur. 
1900'lü yillarin basinda, hicaz demiryolu ihalesini kaybeden ingiliz, rus devletlerine verilen dogu illerimizden birkaçini valiligi ile artan isyanlar unutulmamali. LINK",nefret
Artiklari kalmis artiklari ermeni mi desem yunan mi artigi kalmis #hasretyildirimtutuklansin LINK,nefret
Ülkemde suriyeli istemiyorum bro https://t.co/RL4ZJN3oHi,nefret
"1.HOCALI'YI UNUTMA!..

Sene doksan ikide, yirmi alti subatta,
Olanlari Türk olan unutamaz hayatta!..

O gün var ya; Türk için, kara olan bir gündür!

O gün Türk'ün bagrinda, yara olan bir gündür!

Hocali'da kiyamet, koptugu günün adi...
Ermeni'nin soykirim yaptigi günün adi...",nefret
"ABD,NATO,Avrupa Birliği Siyonizmin insanlar üzerinde kuracağı baskı ve sindirme amacıyla kullandığı silahlarıdır.Tüm insanların yahudi ırkının hizmetçisi, kölesi olacağı büyük devlet kuruluşuna hizmet etmek için dizayn edilmişlerdir.İSRAİLİN
çıkarlarına hizmet ederler.",nefret
"#ahaberkapatilsin ki Türk ve Türkiye düsmani yahudi mördakin #YalanciFOXTV'si rahat yalan söylesin 

 LINK",nefret
"pkk ve ermeni sevicisi olacaksin, ama hak, hukuk diyeceksin, o teröristlerin katlettigi, ermeni çetelerin katlettigi masumlarin hakkindan bahsetmedikçe hukuk kelimesini agzina alma.. . geçiniz.. LINK",nefret
Gizli Ermeni Canan Kaftancioglu 1 yil ceza almis.Ermenistan kurtarsin seni.,nefret
"Tag'a bak hizaya gel: Kemalim esaretine son..
Türk Bayraginin altinda kendinizi neden esir gibi hissediyorsunuz?
Siz Yunan misiniz, Ermeni mi, Fransiz mi Rus mu?
Zira Atatürk Kurtulus Savasinda bunlari ''Esir'' aldi.
Siz hangi milletin artigi, hangi gavurun tohumusunuz?
Hainler! LINK",nefret
Sözde siyasetçi is adami kimligi ile Büyüksehirlerde teröre maddi ve politik destek veren Amerikan   Ingiliz yahudi yalakasi vatan hainleri bitmedikçe dagdaki terörist bitmeyecek. Esas Katiller onlardir @USER @USER @USER  @USER,nefret
Lan amina koydugumun çingenesi seni bu takima getireni sikeyim defol git lan takimdan  yamyami yaninda h.ali denen yaratigimda götür düsün artik lan yakamizdan sikikler,nefret
Türkleri suçlamayan bi Ermeni arkadas bulmak mi Allahim nasip et,nefret
"Ermeniler aslinda Rus, Ingiliz ve Fransizlar tarafindan suistimal edilmistir. Ayrica Ermeni lobisi denilen olusum da Ermenistan'daki Ermenilerin daha iyi bir hayat yasamasi için ugrasmiyor.",nefret
"Fransizlara wc yi ögrettikleriyle ögünen kaskafalilar

Hala ciplak eliyle pilav yiyen Arap domuzlarin kiçini öpmekle gurur duyuyor utanma sikilma hakgetire LINK",nefret
"Topraklarımda #suriyeli istemiyorum.
#suriyelilersuriyeye https://t.co/9WTGSXyqUQ",nefret
Sonra da heeeegpimizzzz gardaaasizzzz diyor bu ermeni kirmalari...????? LINK,nefret
"Müslüman Kürt görünümlü kripto Ermeni terör örgütü ASALA,PKK,PYD,YPG,SDF vs nin siyasi kanadı HDP nin dağa kaçırdığı çocukların anneleri Her konuda tepki veren Tarkan, Yılmaz Erdoğan, Cem Yılmaz, Sezen Aksu vs sanatçılardan destek bekliyorlar Sanatcılar neden suskun diyorlar",nefret
"Taaaa, 97 yıl geriye gidelim…

Tarihi de vereyim…

9 Eylül 1922…

İzmir’de üç yıldan fazladır süren Yunan işgali sona eriyor…
https://t.co/bSIDRW4BII",nefret
Soylu bey sizin şu suriyeli kardeşleriniz sınırda bayrağımızı yakıyor düşüncelerinizi alabilirmiyiz,nefret
emeginize saglik. iste bu vatan hepimizin. tüm renklerle türk kürt laz çerkez arap sünni alevisiyle müslümanlar kardestir. tüm renklerle müslüman müslümanin kardesidir. irkçilik seytandandir. irkçilik yaptikça kafirler güçleniyor. irkçilik müslüman kafasi degil.,nefret
sevecen1iiAnca hava civa sallarsin! Türk ordusu seni ne yapsin anca alsinlar giderim diye salla dur. Bok gidersin!,nefret
"Bilemediniz bu Hınçak Ermeni dönmesinin kıymetini...
Adam ""Kürt sorunu var bu ülkede"" diyor ve Kürt kökenli (Kürt de değil Hınçak Ermenisi) bir Anamuhalefet partisi lideri olarak ülkenin B.Şehirlerini %70'i Devletin ona nasıl ona teslim ettiğini görmüyor!  https://t.co/4nWURHzGUc",nefret
"satilik yahudi ve ingiliz piyonlari görevlerini icra ediyor.sasirmamak lazim..
Lübnan'da Türk Büyükelçiligi'ne saldiri LINK",nefret
Bu ermeni oyununu KÜRT  Annelerimiz bozacak inşaallah ....#AnnelerDireniyor,nefret
Iki SEYTAN BI ARADA. Siiler tarihleri boyunca hiristiyan ve yahudilere köpeklik yapmislar. Buda bir kaniti LINK,nefret
"Aleviyle kafir arasindaki tek fark alevilerin kendilerini müslüman zannedip Islama saldirmalaridir.

Dikkat edin, en siddetli gavur bile müslümana saldirir, müslüman katleder ama bunlar direk islama, akaide düsmanlik ederler. LINK",nefret
"Ilk baskaniniz ermeni ALI SAMIYAN, renklerinizi bulan ermeni, okulunuz ermeni, kurtuluz savasinda köpegi olduklariniz ermeni siz hayirdir amk. Önce Türk k olun yarragimin kafalari #ÜçlüBesiktasinÜçünBiriGsnin",nefret
"Azerbaycan Cumhurbaşkanı İlham Aliyev geri alınan topraklarda olan Hıristiyan mabetler layıkınca korunacaktır diyor.
Sağır, kör ve topal anlayış içinde olan hep yıkan ve yakan Ermenilere duyurulur.",nefret
"Budur.
Dünyanin yönetimini kaybetmemek için yahudi hirsiz canilerin bir pustlugu olmasin bu salgin?
Sonuçta, TÜRKIYE'YI ve DÜNYAYI yönetip, soyan yahudi hirsiz caniler ve ülkelerin isbirlikçileridir.
Ülkeleri yönetenlerin soyuna bakin, sonuca varin.
Anlayanlara günaydin. LINK",nefret
"Budur.
TÜRKIYE'YI ve DÜNYAYI yönetip, soyan, kan ve gözyasina bogan yahudi hirsiz caniler ve ülkelerin isbirlikçi hainleridir.
Yahudi din uydurur, paraya tapar, dünyayi yönetip, soyar.
abd =rusya =çin=israil=.... birbirlerinden farkli anlayisi olmayan hirsiz cani, sinsi ülkeler! LINK",nefret
müslüman 300 yildir orucu tartisirken inege tapan Hindistan aya iniyor..,nefret
araçları #yenikapı'ya dizerek gündemde diyarbakır'daki mazlum annelerin feryatlarını millete unutturmaya çalışan yahudi uşağı imamoğlu!... senin bu algı oyunlarına bu milletin karnı tok... yemezler #yunanoğlu... #annelerdireniyor,nefret
Ne kadar ermeni tohumu varsa tweetin altına toplanmış. https://t.co/SCFvNBeECf,nefret
"oglu hdp tarafindan daga kaçirilan acili anne diyarbakir'dan haykiriyor ""bunlar kürt degil bunlar müslüman degil bunlarin din ve imanlari yok amerika'ya çalisiyorlar. bunlar gavur gavur."" #evlatnöbeti #annelerdireniyor #birkezolsuntepkikoyun",nefret
yaniliyorsun kürt halki bizzat hdp'yi provoke ediyor ayrica hdp il ilçe teskilatlarina yapilan herhangi bir provokasyon kürt halkini provoke etmek degildir.,nefret
Suriyeli'leri başımıza iyice bela ettiniz Allah belanızı versin,nefret
Farklı cinslere özenen terörist vari bir evladı olamaz bu ülkenin. Siz Yunan artıkları sahip çıkabilirsiniz onlara #HepsiBizimEvladımız,nefret
41 5816 sayili kanunla korunarak niçin gerçeklerin saklanma geregi duyuluyor... ve 5816 sayili koruma kanunu neden bir yahudi avukat tarafindan hazirlamistir...? 42 cumhuriyet rejimini kurduktan sonra neden hiç dis bir ülke ziyaretine gitmemistir...? #annelerledireniyoruz,nefret
Pubgde beni vuran suriyeli siktirgit kendi ülkende aynı performansı göster lan birinciliği kaybettimmm çok sinirliyim,nefret
Ulan bu sampiyonluk sayisi isini kim çikardiysa onun ben yedi ceddini oksiyim. Be karaktersizler madem böyle birsey vardi yillardir neredeydiniz? Ben acinizi söyleyeyim.O yahudi tohumu bakti ki yillardir bilek hakkiyla alamiyor yildizi ortaya böyle bir sey atti. #Hedef38,nefret
Hisimini sikmis ermeni gibi somurtmayin amk #BirKezOlsunTepkiKoyun,nefret
"Akp Ehvaninin Suriyeli muhalifler dedigi,radikal islamci canilerdir",nefret
3 yıl 3 ay yunan işgali altında kalan efeler diyarı AYDIN ınımızın kurtuluşu kutlu olsun https://t.co/VaCYc79tWB,nefret
"Ankara'da kendisini doktor olarak tanıtan Suriyeli kadın, evini merdiven altı muayenehaneye, babasının evini ise ecza deposuna çevirdi. Yabancılara olumsuz koşullarda sağlık hizmeti veren Suriye uyruklu 3 kişi yakalandı. 

-sptnk-",nefret
Ülkenin yarisi Arap dolmus Aksaray Taksim resmen fethedilmis Imamoglu Kürtçe dil egitimine sicak bakiyor diye adama laf ediyorlar Çözüm süreci ? Arapçadan bize ne ? Kürtler bu ülke vatandasi degil mi ?,nefret
siktir git lan artik saçina sakalina tukurdugum insan da az utanma olur amk cingenesi,nefret
nurd.trkk Kiz ne anlasin türküden amk????,nefret
benthe00Yaa diziyi izlemiyorsunuz bari yazmak için yazmayin ya. Izlemeyenlerin hepsi de dizinin adina takilip kalmis. Dizi Gerçek hayattan alinma ve kilise bir dizi degil aq. gidin siz fakir kiz zengin erkekaskdizilerini izleyin. Sonra neden Türkiye gelismiyor,nefret
bu kitabı okumadan islam'ın psikanalizi ve islam'ın mücadelesi kimse akp'yi faslı müslüman gençlerin hayatta ilk defa gördükleri avrupalı kadınların kafasını kesmesini anlayamaz. tesettür çok ciddi bir psikolojik baskı aracıdır. tr'nin işi çok zor kitap da atatürk de var.,nefret
adam 200 metre mesafe için şoförlü araç kiraladı arap yoğurdu bol buldu mu... neyse,nefret
"Hoca vaazinda suriyeli sevdasindan bahsediyor,,!! iyi güzel de kafani bir çevir de bak bakalim cemaate kaç suriyeli var..",nefret
değerli canlar canan kaftancıoğlu yalnız kalmayacak yahudi lobisine canan kaftancıoğlu'nu teslim edemeyiz insanlık suçu işleyenlerin ise sonu kaddafi saddam hüseyin gibi olacak abd en iyi müttefikinin başkanını halka idam ettirir,nefret
"Biride çıkıp demiyor ki Anne'cim Baba'cım oğlun kendi vatanı icin şehit olmadı ki vatan sağ olacak.

Elin Suriyeli mültecisi savaşmaktan korktugu icin geldi onlar cafede filan türk kızlarına laf atarken oglunuz orda çatıştı.",nefret
Kardesim su sehre bi kurtulus savasi yapsaniza amk sehrin heryeri arap dolmus sehir koca bir arabistan amk,nefret
ermeni temizleme hattı https://t.co/v6Ge6ylNss,nefret
"Giderayak cezayirli ablamiz havaalaninda yanaklarimi sikti arap sevmiyoz dedikce basimiza gelenlere bak, yumurulduk",nefret
ISIN KÖTÜSÜ BU YALANCI KRIPTO YUNAN EKREM'E INANAN BIR SÜRÜ INSAN VAR. LINK,nefret
"Uzun menzilli Yunan kadinlari en az Iran kadinlari ve Çinli kadinlar kadar tehlikeli. Suyun içinde dahi yanan Rum atesi bir güvenlik sorunudur. ??

Imparatorluk yiktirip sifirdan devlet kurmak zorunda biraktilar bizi... Aman diyeyim ?? LINK LINK",nefret
"yunan baklavayı yoğurdu çalar, galatasaray üçlümüzü..

tamam lan gol olsun.

 #ÜçlüBeşiktaşınÜçünBiriGsnin",nefret
"Yunanlar, Mora İsyanı'nın 200. yılını kutluyorlar. Rumlar Güney Kıbrıs'taki tarihi Osmanlı camisinin duvarlarına ""1821-2021 Bütün Türklere Ölüm"" yazıları yazmışlar... Uygar Rum vandalizminden örnekler... https://t.co/ZkvTW3cGFD",nefret
"II
kadar kafaları çalışmıyor mu!
Mes'ele gayet açık!
Haham diyor:""Büyük İsraili kurmak için kürdleri türklerle çarpıştıracağız.""
Elliden önce:
Halis ermeni olan İnöni:""Kürd diye birşey yok;hepimiz türküz!"" diye kürdü ASİMİLE etmeye çalı
şan İnönünün kızkardeşinin torunuolanSezai",nefret
"Anladıysam Arap olayım dicemmmmm Arap sevmiyorum amk. 
Anlıyan anlamayana anlatsın bu teneke ne ses çıkardı şimdi. https://t.co/2TcZsYIXt0",nefret
sen de arap maymununa benzemişsin,nefret
mardin'den gelen emine kaya hdp bizim yüreğimizi yaktı. allah da hdp'nin yüreğini yaksın! bu kürtlük davası değil amerika davası. hepsi şerefsiz! müslüman değil gavur bunlar! onların çocukları abd'de bizim çocuklarımız dağda! çocuklarımızı hdp kandil'e götürdü. kandil hdp'dir!,nefret
İşte Arap’la iş yaparsan en ufak bi durumda seni böyle satar.. ulan söyleyin şunlara deprem bitti bitti kardeş yalakalığına kaldığınız yerden devam edebilirsiniz  #türktelekom,nefret
Medya maymunu I.S elestirdik diye tweter hesabimi kapatmisti.demekk ki neymis yahudi köpegi olunca nasilda birbirlerini destekliyorlar.Seytan bile sizle terketti,nefret
kafirler domuz yer müslümanlar yetiştirir kafirler de faiz yer müslümanlar da faiz yer kafirler de insan öldürür müslümanlar da zina eşcinsellik şiddet yolsuzluk adaletsizlik müslüman kime denir müslüman...? mesele neydi ne oldu hacı .?,nefret
"#MuhammedNurTutaklansın @TC_icisleri @EmniyetGM
Neredesiniz elin Suriyeli piçinin yaptığı yoruma bak. Devran döndüğünde ne yapacaksınız https://t.co/cFPYOKz770",nefret
"28 Ocak 1982 tarihinde Türkiyenin Los Angeles Baskonsolosu Kemal Arikan, Ermeni Terör örgütü JCAG üyeleri tarafindan Sehit edildi. Cenabi Hakk rahmet eylesin mekani cennet olsun Insaallah. LINK",nefret
benim gibi ateist yapsa dinsiz gavur dersiniz bunu yapan namazında orucunda abdestinde olup cumaları kaçırmayan şahıslar. kul hakkı? o kısım öğretilirken tuvalete gitmişler. uyan ak partiye sımsıkı sarılan vatandaş uyann artık. memleketin soyulmadık yeri kalmadı! #yenikapı,nefret
Niye Vanli degilsin pis çinli cevap ver @USER,nefret
Rum fırsatçılığını suçüstü yapmak https://t.co/6VuKuwFmde,nefret
"Yunan işgalindeki ada ve adacıkların haberini yapmadığınız sürece bu yaptığınız haber değil, sadece algı değiştirme çabasıdır, millet bilsin. https://t.co/OfoeixLDWo",nefret
"Birisi gidince ne kadar Arap, Katarlı, Suriyeli yabancı varsa hepsini Ülke'de dehlemeli bir tanesinin esamesi okunmasın",nefret
gavur dedikleri avrupa'da 25 çocuğa 5 yıl tecavüz edildiği ortaya çıksa yer yerinden oynardı bizim müslümanlarda tık yok...,nefret
Sn.soylu şu Suriyeli misafirlere de bir ayar yada rest çekmeyi düşünüyormusunuz?????,nefret
Eski piyasaya bak aq hitler alman arabasinin bu kadar degerlenecegini bilse yahudi sikmez araba sikerdi LINK,nefret
#İMAMOĞLU Benim paramla Suriyeli işe alınacak.Alana da teşvik verilecek.Bu yahudi uşaklığı değil de ne?,nefret
"Eyyy CHP terör örgütü,önce sizi sonra yahudi babalarınızı toprağa gömmek için ayetlerin sonuna geliyoruz,ayetlerin rahmeti tüm İslam'a hayırlı olsun,artık kâfirlerin sonu geliyor,ALLAHU AKBAR",nefret
Herkes bu bedelin yaptırım olacağını düşünüyor lakin kendi görüşüm yakın tarihte cereyan edecek Donbass Savaşı'nda Ukrayna ile ABD taraf olup Rus işgalinden ülkenin doğusunu kurtaracaktır. Bunun üzerine Kırım dolayısıyla yaptırımlar artacaktır ve Ukrayna NATO müttefiki olacaktır. https://t.co/Pejd6CC7wH,nefret
"Budur.
MİT DEVLET DEMEKTİR!
MİT çerkezde/rus, hükümet gürcüde/rus.
70 yıldır, hain, hırsız, cani, sinsi soyubozuk siyasetçisiyle, bürokratıyla, iş ve din adamlarıyla yönetilen ülkemizde, kendi yarattıkları sorunlarla sözde mağdur olan TÜRK düşmanı rus, rum, yahudi,...kahrolsun! https://t.co/EuGuVQnOFZ",nefret
Rivayete göre Balıkesir Yunan işgalindeyken devriye gezen Yunan askerleri tabakhane işçilerini görüp korkmuşlar. Balıkesir Kuvva-i Milliyesi bu durumu haber alınca tabakhanede çalışan deri ustalarına geceleri kurum sürünerek Yunanları korkutmalarını istemişler. https://t.co/YfTOi9YQLP,nefret
cüneyt özdemir cevapsiz birakilacak bir kaç soru sordu. neden susuyorsunuz. ya kürtlere olan nefretten ya da hdp'ye olan sevgiden. hakkari'de van'da sirnak'ta diyarbakir'da binlerce çocuk kaçirildi hepsine sustunuz hdp pkk,nefret
"Mq mun suriyeli terörist p*çine bak!!!

Gelmiş benim ülkemde şeriat diye eylem yapıyor, 
benim ülkemin rejimini çoluğunu çocuğunu tehdit ediyor
Kendi ülkesine ihanet edenden bu topraklara ne fazda gelir.. BOP un  piçleri https://t.co/FS5IWCnaK7",nefret
arap puştu zengin piçleri ile dürüstlük mü yaptı acaba?,nefret
"#DinAfyondur diyenler:

-Gizli Ermeni çocuklari
-Gizli Yunan tohumlari
-Sabetay Sevi'nin yahudi dönme Beyaz Türkleri
-Islam'la sorunlu Dinsiz Aleviler
-Yörüngeyi kaybetmis Silhocu kürtler
-Marksist,Leninist,komünist dinsiz marjinal gençler

Biz de devletini milletini sevenler????",nefret
Sizde gelin kininiz hala diri müslümanlara karşı Şii köpekler topunuz gelin oğlum! sizlerin nasıl korkar olduğunu biliyoruz yahudi yalayacıları https://t.co/vc1Y2yvFjm,nefret
"Üstelik, bu çogu rus (laz, çerkez, gürcü, ermeni) yahudi, hristiyan hain hirsizlar, dinbaz sarlatanlar dinde olmayan mezhep, tarikat, seyhlik, sihlik gibi uydurma özelliklerle TÜRK halkini bölüp, aldatip, çatistiriyorlar.
Zaten, din dayatanlara soylarini sorun, susarlar. LINK",nefret
bir gün gelicek hepinizin karisini kizini bacisini sikmeye çalisicak bunlar maliniza caniniza göz koyucaklar o zaman görücem ümmet sevdanizi hümanistliginizi he su var hakkedenlere suriyeli arap sevicilere yapsinlar çok sevinirim LINK,nefret
"Suriyeli fuhus çetesinin eline düsen kayip genç kizi polis kurtardi

LINK",nefret
Osmanli'nin bütün belgeleri satildi yakildi kaçirildi soyadi kanunu ile bütün yahudi ermeni kriptolari aramizda bizde diyoruz ki bu kadar vatan haini nasil olur   #TTBKapatilsin,nefret
#SevgiliSelahattinDemirtaş pkk sözcülüğü yapmayı tercih ederek aslında Kürt halkına kötülük yapmıştır onların oylarına ihanet etmiştir aslı Kürt olan vatandaşlarımıza onlar bu ülkenin asli unsuru birde içlerinde ne idüğü belli olmayan ermeni yahudi tohumları ortalık karıştırıyor,nefret
"YUNAN İŞGALİNDEN SONRA ALAŞEHİR'İN HİÇ GÖRÜLMEMİŞ FOTOĞRAFLARI
https://t.co/sspiE3Fvbk https://t.co/Mc3bXxPIwP",nefret
Sizin gibi geri zekalılar önce yahudi oyuncağı olmaktan kurtulun#KabeyiSavunacağız,nefret
Dolayisiyla müslüman mahallesinde salyangoz satamadilarindan zaman artik siktir olup gitme zamani. Biz ümmet birligine dogru yürürken sizde agababalariniza dogru siktirin gidin sümsük sünepe gavur tohumlari.,nefret
geçen arabın birisi seni takipçi grubuna ekleyeyim mi dedi. ekleme ag.rum senin dedim. arap hesapları lütfen beni takipçi grubuna eklemeyin.,nefret
"Çünkü, kendilerinin yolu ensar.dan geçmiş, TÜRK, İNSAN ve Müslüman olmayan, rus /rum yahudisi bir gürcü olmak, TÜRK için değil, tayyiban retö gibilere ve suçortaklarına uyar.
Sonlarının geldiğini, dünyanın cehennem olacağını görüyor, çoğu rus asıllı yahudi, hristiyan hırsızlar. https://t.co/DflMMwOimH",nefret
"Canan Kaftancıoğlu’na yaklaşık 10 yıl hapis cezası verildi, ses yine ne kadar ermeni yahudi ateist putperest müptezel varsa onlardan çıktı ! 

Canan’ı savunanların alayı pkk sevicilerdir ! 

Bu kadının Türkiye ile, chp ile zaten bir alakası yoktu ! 

Neyse hapiste helal et yer 😄",nefret
"çözüm arzusuyla bilinen lideriniz mustafa akinci bile rum kesiminin simarikligindan dem vuruyor ""kibris türklerinin güvenlik ve egemenlik kaygilari göz ardi edildigi müddetçe çözüm olamaz"" diyor. türkiye karsitligi kibris'a huzur getirmez sevgili dostum emin ol bundan.",nefret
"ÇAPA TIP'IN TASI,TOPRAGI,BILUMUM NEYI VARSA ANANIZIN AM#NA GIRSIN ARAP SEVICI GÖT OGLANLARI",nefret
Lan bir siktir git amik yeteneksizi aldigin parayi hak ediyonmu musluman olacak bide soytari atifida al defol git,nefret
dalga geçiyor resmen kadin. bu hdp'li vekiller ermeni ve yahudi. duyarsizliklari bundan. e be kadin senin de evladin var. senin de farkli sekilde cigerin yanar.,nefret
"yobazlara, suriyeli capulculara gosteri serbest, kendi evlatlarimiza dayak ve gozalti ! https://t.co/6IvovYOKVe",nefret
"Bir Arabistan, bir İran’dır gidiyor! Bunlara “Yunan dölü” veya “gavur dölü” diyen büyüklerim haklıymış yahu..! Ananemin en baba kızgınlık lafı mesela. 😉 https://t.co/l8dsFvFu58",nefret
ülkenin %50'si ya hırsız... ya da hırsızlığa göz yumuyor ama sorsan %90 müslüman bir ülke ve cuma'yı da hiç kaçırmazlar,nefret
"Bir de 360° dönen firildaklar var. Mesela en bombasi yahudi bir profil. Yabanci ama bizi siki takip ediyor. Bakiyorsun Reis düsmani, sonra kalkiyor Reisi savunuyor. Veya Trump giderken ona saydiriyor, sonra Biden geliyor bu sefer ona saydirmaya basliyor.",nefret
"#DevletiminYanindayim diyenler
Gezi olaylarina ayikamadi 
15 Temmuz'un intikamini alamadi.

biden'in gelisi ile gaza gelip

 #AsagiBakmayacagiz diyenler
ATESLE OYNUYORSUNUZ.
YANARSINIZ.

Bizim kötümüz en fazla hirsizdir
Sizin gibi vatan haini degildir.
Dönme yahudi hiç degildir.",nefret
gulsum_57_sinop@USER kürdü türkümü var adamin uçkuru gevsek iste bu sekilde adlandirmayalim yoksa sana yürür herkes canim ????,nefret
"Bu Karaköyü bak. Yahudi provokatör.. boyutu bakınız, Boğaziçideki işgal girişimi uluslararası bir boyutu sahip. 
#UyanTurkiyeDüşmanİçimizde https://t.co/ktSkjNqWvn",nefret
"Hoca vaazında suriyeli sevdasından bahsediyor,,!! iyi güzel de kafanı bir çevir de bak bakalım cemaate kaç suriyeli var..",nefret
halkımızın gafil olduğu ciddi bir mesele sabetaycılar… az buz değil 700 bin ila 1 milyon arası yahudi kökenli türk var bu ülkede. çoğu osmanlı zamanı getirildi bir kısmı cumhuriyetin kuruluşundan sonra. hani şu beyaz türkler denen... osmanlıyı yıkan da bunlar. #uefayaselamsöyleyin,nefret
israil gerçekten zavalli bir ülke... gelecegi yok. israil halki büyük ölçüde ateist. fuhus kumar alkol ve uyusturucu batakligina saplanmis bir halk...,nefret
Yunan tohumuna tepki koy diyorsun! Olmaz! Türkiye'den yana tavir almaz. #BirKezOlsunTepkiKoyun,nefret
Yer yarilir da insallah bütün Çinli serefsizler içine girer,nefret
"Uygur Türk'tür.
Suriyeli yüktür. https://t.co/3y4HXNql9C",nefret
"Ey pervin soytarısı siz ermeni uşağısınız, biz bu milletin uşağıyız. 🇹🇷

#UşakGecilmez https://t.co/ptiWN6DaeF",nefret
anaların feryadı hdp ve pkk yı bitirir. 81 ilde bütün pkk hdp il başkanlık binalarının önünde kürt analar eylem yapmalıdır. pkk hdp 81 ilde kepenk indirmek zorunda kalmalıdır. bir kürt olarak çocuğu kürt anaları hacire ana gibi eyleme davet ediyorum.,nefret
canan kaftancioglu'na verilen ceza çok az. böyle ermeni ve pkk sevicilere daha agir cezalar verilmeli ki diger devlet düsmanlari cesaretlenemesin,nefret
"sayin engin ardiç kardesim.son derece önemli bir konuya deginmissin.bu alçaklar sürüsünün akil hocasi haçli/yahudi'dir.sahipleri,içimizdeki kuklalara ""saldir co""deyince hep bir agizdan yalan ve iftiralarla saldiriyorlar.yakinda içlerinden birisini kurban ederlerse sasirmayin LINK",nefret
"Dün din, hocaefendilerinin günüydü! Bugün artık Laiklik ve bilim insanlarının günü! Biz hâlâ bu arap cellatlarıyla dünde kaldık! Batı bilim insanlarına sırtımızı döndük!Ama onlarsız yapamıyoruz!Gün gelip darbe yapıyorlar! Cahal bırakanlarda onlar!Sömürmek için insan herşey yapar! https://t.co/T2V3UqG7cw",nefret
"Gölmarmara Ilçemiz 22 Haziran 1920den kurtulus tarihine kadar yunan isgaline ugramistir. Tüm bu olumsuzluklara ragmen bagimsizliktan vazgeçilmemis, 6 Eylül 1922de Gölmarmara Ilçemiz düsman isgalinden kurtarilmistir. Aziz sehitlerimizi rahmetle aniyoruz. 
#Manisa #Gölmarmara LINK",nefret
#KYKÖğrenciLehineKararVermeli ücrtsiz gitmemz gereken yurtlra para veriyoruz ama bi suriyeli pislik ücretsiz gidiyor bu artık saçmalık ötesi bişi ayrıca bizede kredi değil burs vermeli kyk borçlarımzı silmli artık yeter siyaseti her şeye karıştırdınız siyasitin eğtimde ne işi var,nefret
"eeeyyy rubin? 3,5 milyon suriyeli ülkesini terk edip türkiye'ye geldi. bu şu demek abd ve kürtler bölgede etnik temizlik yaptı demek. bölgeyi kontrol etme hakkı suriyededir o yapamıyorsa türkiye'dedir. orada abd'nin kürdün ne işi var?...",nefret
"Birlesik Anadolu emirlikleri kürt halki 29 kürt isyan bastirmayi sinesinde söndürür, BASKAnimiz merdogan 1. Yardimci selahaddin eyyubi Torunu demirtas TÜRK kürt kandavasi sonlanir, gavur  avucunu yalar, kürt halklari GAVURA asla güvenmez, GAVURUN derdi k dev kur degil,sürekli kan",nefret
durin_arbel Emrah sacini ayakkabi boyasiyla boyamaya devam et..Ha bu arada bence oyuncusun yillarca acilarin çocugu olarak ne emekler çektin satilan ananini umumhanelerden kurtarmak için..,nefret
"DIŞARDA GAVUR'LARLA, İÇERDE TOHUMLARIYLA SAVAŞIYORUZ.

SEN BİZLERİ MUZAFFER KIL ALLAH'IM...
#türkiye https://t.co/CYwTeFNfgM",nefret
"UNUTMA🇹🇷
Emperyalist'lerin,
Vatan hainleri'nin,
Kapitalist'lerin,
Din tüccarları'nın,
Pedofili'lerin,
Arap sevdalı'ların ortak düşmanı'dır ATATÜRK ve İstiklâl Savaşı kahramanlarımız.!

Baş eğmedik edâniye ikbâl-ü câh için Maziye,ırka,sancağadır iftiharımız..
Hüseyin Nihâl Atsız.! https://t.co/U1pccpPtJp",nefret
"Arapça : Allah
Farsça : Rab
İngilizce : God
Fransızca : Dieu
Almanca : Gottheit
Bunların söylenmesinde hiçbir sakınca yok ama
Türkçe : TANRI dediğimiz zaman yanlış öylemi!..
Hadi oradan Arap seviciler, biz Türk'üz ve öyle kalacağız.
Türkçe konuşun.",nefret
"Kürt Anneler uyandi gerçekleri gördüler. Çocuklarini dogurup ABD'nin, Ingilizin, Fransizin kisacasi Haçlilarin hizmetine, usakligina gönderen, Evlat degeri bilmeyen Annelerden, Evladlarinin kiymetini bilen Kahramanca haykiran, Evlatlarini düsünen duyarli annelere geçis hizlaniyor LINK",nefret
"Ermeniler
Sehit Talat Pasa'nin 
katili
Kancik Ermeni'nin heykelini 
diktilerse
biz de
Asalayi yok eden
Kahraman Çatli Reis'in
dev gibi bir heykelini 
dikelim!
Hem de tam Ermenistan sinirina.
Bakip bakip titresinler!
""Yarin elbet bizim, elbet bizimdir!""",nefret
sokakta vs suriyeli erkek görünce kafasini bedeninden ayirasim geliyo aq hicret diye bir sey var evet de kadina çocuga yasliya var genç adamsin göt savassana,nefret
"Ermenistan'dan Laçin koridoruna erişim, Rusya'nın FSB'sinin Sınır Servisi tarafından Azerbaycan'ın yetkili makamlarıyla işbirliği içinde düzenlenmelidir aksi takdirde Erivan, Dağlık Karabağ'ı yasadışı silahlı gruplarla ve Ortadoğu'dan Ermeni teröristlerle doldurur
@i_korotchenko",nefret
Bafra’da Ehliyetsiz Araç Kullanan Suriyeli Ceza Yedi https://t.co/WAYuT0jrSn,nefret
99 yilinda deprem oldugundan yok askeriyede dansöz oynattilar ondan oldu dediniz. Yil 2019 5.8 büyüklügünde bir depremde sadece minare yikildi sebebi Kur-an kurslarinda vakiflarda çocuklara tecavüz etmeniz olabilir mi? Biktik örümcek beyinlerinizden bilim düsmani arap yalaklari.,nefret
"Sizler yahudi köpeğisiniz,tv'ye çıkan her muhafazakâra Kamalı sormasanız olmaz",nefret
Pkk Kürt kavgasi vermiyor. Kürt kimliginin kavgasini vermiyor. 1915in intikamini alan ermeni usakligini yapiyor.  #AnnelerDireniyor LINK,nefret
"İzmir'in düşman (Yunan) işgalinden kurtuluşunun 97. Yılı
 Ve CHP'nin 96. Yaş günü🙄

O değilde!!
Nasıl dek getirdiniz tam 1 sene sonrasına😮
 9 Eylül'e dikkat 
CHP ve  İzmir yaş günlerini kutlayacaklar🤔",nefret
??Bizi Osmanli'dan koparan Yahudi ile Rusa lanetler olsun buna göre ki Türkler in hepsi Rusya yi suçluyor halbuki o dönemde Ruslar in ne kadar suçu varsa Rusya da yasayan yahudilerin de o kadar suçu vardir buna göre Ussr zamanindaki yahudilere bakmak gerek tarih bilmezler??,nefret
ünlü ateist yazar profesör richard dawkins'in yapamadigini bütün okullari imam hatipe en çok atama ve bütçeyi diyanet baskanligina vermesine ragmen 17 yillik akp iktidari yapmis ülkede ateist sayisi %700 artmis... onlar konusur aq partisi yapar!,nefret
Fox haber yalanin merkezi Fox anlami tilki demek sahibi Ingiliz tam bir yahudi usagi baska söze gerek varmi #YalanciFOXTV,nefret
Bu Ülke'de Suriyeli değilsen bir hiçsin! https://t.co/ENDxsYAEPg,nefret
limonlu su iciyorum çinli bir orospu çocuğu olsaydim yarasa corbasi icerdim,nefret
"Bereketli ve bereketsiz 
Irk larin oldugunu tespit ettim,
Ermeni'ler 
Yahudi'ler
Rum'lar

Bu irklar millattan önce 600 yillarda var olan irk lardir,

Allah bu irklara bereketi almis çogalmiyorlar,

Allahim sen çok büyüksün 
Bunlar çogalsaydi dünyayi tarumar edeceklerdi.",nefret
"Atamı sevmeyen yunan çocukları şunu unutmayın 
Biz Atamızın izindeyiz biz ölmedikçe ne bayrak iner ne ezan susar ne de size buna fırsat veririz
Yaşa MUSTAFA KEMAL PAŞA 
https://t.co/SVSu2cnh4H",nefret
"yahudi türkiyeyi çok sevdigi içinmi tgrt yi satin alip fox yapti silin tv nizden #YalanciFOXTV
yi kurtulun",nefret
"BİR DOKTORUN İTİRAFI  YAHUDİ TUZAĞI, DÖNER SERMAYE, KANSER ve KEMOTERAPİ.. https://t.co/L7EYOD9XFI @SamsunHaberMrkz aracılığıyla",nefret
bizim imamoğlu'nun da şu yaptığı işe bak ünlü müslümanlar gavur katolik fransız markası clio marka arabaya biniyormuşlar 100 kilometrede de 63 litre yakıyorlarmış elhamdulillah maşallah!,nefret
"emreercisin hesabi fetö amerika yahudi isbirligiyle kapatildi. Sayin @USER sayin @USER  lütden destek verin, dis güçlerin oyunlarini yikmaya yardim edin.Emre bey arastirmalarini anlatsin halk göremedigi gerçekleri görsün..",nefret
senin ne kinali kafani sikeyimyeteneksiz anan daha iyi oynar yüzsüz karaktersiz senin gibi müsluman olmaz olsun hakkimizi haram ettik para köpegi seni oynatanida sikeyim,nefret
"Türk dünyasının onlarca sorunu varken, Türk dünyasınının lideri Türkiyeyi,arap davalarına peşkeş çekmek vahim bir hatadır.
Güçlü bir Türk dünyası, tüm dünya mazlumlarının dertlerine derman olur.
Türkiyeyi, tembel ve güvenilmez araplar için feda etmemeliyiz...",nefret
"Ölünüzü dirinizi, her gün birinizi, bir gün hepinizi Canan Kaftancıoğlu gibi kodese tıkamayı bilir bu devlet...

İnsanların inancına kin kus 
Cumhurbaşkanına hakaret et
Terörü öv savun
Ermeni soykırımı de
Sonra devlet kulağından tutunca bağır çağır.

Hadi ordan 4/1 domuz yiyici..",nefret
"Pkk yani hdp kürt olusunu degildir ermeni olusumudur. Amac 1915 de ermenilere devlet kurmasina izin vermeyib onlari foguya gömen kürtlerden intikam almak ve Türkleri zayiflatmakdir
#DiyarbakirliAnnelereSesVer",nefret
açık açık pkk terör örgütüne destek veren ve ermeni sevicisi canan kaftancıoğlu'na işleyen adalete sözümüz yok yalnız aynı durumu paylaşan binlercesine de işletilsin ki adalete olan güvenimiz sarsılmasın,nefret
"ilkel arap kültürü bulunca fazlasini kara kiçina sürer. buralar tamamen suudilesmis asiret lagimi bölgeler. egitim, sanat, sanayi, tarimi bittiginde suudi arabi gibi olursun. iste bu igrenç durum tayibin ümmet rejimi fotografidir https://t.co/7rwKchC7SC",nefret
"1915’te Van’da, 1992 ‘de Hocalı’da katliam ve Soykırım yapanlar aynı. Ermeni Katiller yaptıklarının hesabını bir gün mutlaka verecek.
Hocalı Katliamının 29.yılında Hayatlarını kaybeden Soydaşlarımızı Rahmet’le anıyoruz.
Mekanları Cennet Olsun. https://t.co/4rInBNEVOe",nefret
"Elinde firsat olsa Izmir'den girip Anadolu'da katliam yapacak Yunan'a
Hocali'da katliam yapamasin diye Ermeni'ye
Kibris'ta 1963 katliamlari yasanmasin diye Rumlara
Denizlerimizdeki kaynaklari korumak için Emperyalist devletlere karsi.

Dogruya Dogru
Yanlisa Yanlis LINK",nefret
"Yüzsüz hain Suriyeli... 

AKP'nin mazlum ensar mağdur nidalarıyla ülkeye doldurduğu, Türk halkının  vergileriyle beslediği  Suriyeli https://t.co/l2Jx2Wu6gg",nefret
"Hıristiyan askerler, camilerimizi bombalarken, neden engel olmadınız?

-Hıristiyan askerler minarelerimizi kurşunlarken, Papalık ne yapıyordu?

-Hıristiyanlar adına, Irak'tan özür diler misiniz?

Böyle Iraklıyı, böyle Müslümanı Papa takar mı!",nefret
"Ahmet Türk denen teröristten ""TÜRK"" soyadi geri alınmalı 👏👏👏 
Ne Türk ne kürt olamazsin yahudi ermeni bozması ☝️",nefret
"#BirKezOlsunTepkiKoyun
KEMALIST OLMAK

Kabul etmezler heykelden BASKA,
Heykel diktikçe geldiler ASKA,
Soyu sopu katiksiz YUNAN.
Ülkesini batiya SUNAN.

""NURI PASA""",nefret
Bu Ne amk her yer Arap??? https://t.co/MKOdAedrZw,nefret
Evladina hayran bir annenin evladi olarak direnen bütün annelerimizin elinden öpüyorum bilin ki ben de annem de sizinle kalbimiz dualarimiz sizinle insallah evlatlarinizi hain ermeni dölü pkknin elinden kurtarirsiniz #AnnelerDireniyor,nefret
"4-11eylül 1919 #Sivaskongresi ülkemizin bütünlügü için atilmis bir adimdi. Ülkemizi 4,5 milyon #Suriyeli Arap isgal etti, A.B. geri gönderemezsiniz diyor, yeni isgalciler gelecek. #CHP #Kürt etnikitesinin alt yapisini hazirliyor.
Bugün 4eylül 2019, Sivaskongresi'nin 100.yili LINK",nefret
G.B gibi ne yazik ki toplumumuzda ahlaksizliklar ile gündeme zaman zaman gelen insanlar sanatçi diye adlandiriliyor. Mahallenizde bir kadin erkek nikahsiz yasamaya kalksa namussuz serefsiz diye adlandirilir ve barindirilmaz. Fakat sanatçi diye Türkiye gündemini mesgul eden isimler yapinca onlar sanatçi ya; onlara hersey mübah görülür ayibi olmaz...,nefret
"Bunların yaptığını Ermeni yapmaz, Rum yapmaz!. https://t.co/bvs5JyNtbC",nefret
1905zubeydeSenin cinsiyetin bile belli degil biz Türk kadinlarina laf atiyorsun. ??Yiyeside,nefret
Ermeni halkin zihin dünyasinin bozuklugunun göstergesi,nefret
"*Aynaya bakilir*

Oha suriyeli gibiyim
 
*Sakallar kesilir*

Tebrikler iyi bok yediniz artik sekiz yasindasiniz

*Bir kaç hafta sonra tekrar edilir*",nefret
Neymiş bu arap sevdası.herseyi araplara satmadan usanmadı bikmadi https://t.co/VwnXUtbSW0,nefret
"Haham Yaacov Perrin:""Bir milyon Arap, Yahudi tirnagina degmez."" LINK",nefret
"siz niye susuyorsunuz? ""bunlar kürt değil bunlar müslüman değil bunların din ve imanları yok amerika'ya çalışıyorlar. bunlar gavur gavur."" #evlatnöbeti #annelerdireniyor #birkezolsuntepkikoyun",nefret
"Hatirlatmak isterim ki:
     Irak, Suriye, Yemen, Filistin Afganistan ve Lübnan daki tüm insanlik suçlarinin müsebbibi Hristiyan Bati ile Siyonistlerdir. 
   Vatikan'daki Katolik Hristiyan örgütü ile ruhani lideri olan Papa ise isgal ve sömürgeci Hiristiyan cetelerin hamisidir.",nefret
TÜRK DONANMASI YUNAN'A RESTI ÇEKTI ''SAKIN YAKLASMA'' SESLERI ÇIKMADI LINK,nefret
"devlet,asker polis,SEHIT düsmani pkk,ermeni sevici asagilik insan sana az bile verildi",nefret
Emredersin yahudi dönmesi. LINK,nefret
"Neymis, sirket arapa satildigi an terk edilmeliymis.. yazik!#türktelekom",nefret
suriyeli piç #MuhammedNurTutuklansin,nefret
"Emine Gülbaran sözde @USER : 

Anadolu topraklari sefkat, sevgi ve bizim ailemizde  bulunmayan yüksek ahlaki degerlerle mayalanmistir 'dedi !

Müslüman Kilikli Koltugunu Güvende Tutmak için,eski kocasinin HER istegi YERINE GETIREN ,
Babadan Ermeni Sabetayist Yahudi kari.",nefret
Cananın şiirler bunlar mı? Hakkaten güzel şiirler.kadın ermeni kürt sevici Türk düşmanı. https://t.co/o9msbO5tHI,nefret
*ermeni teror orgutu https://t.co/34oQxmmZ2H,nefret
Hadi burhan hoca yanlis söylemis. Ama sizde Mithat pasa kim sizin gibi sizin hizmet ettiginiz gibi darbeci pasa! Abdülaziz tahttan indirin tayfadan. Sonra devletine 2. defa itlik yapan ingiliz usagi Mithat Rusyayla savas için destek koplayandir. Sonra sürgüne yollaniyor.++,nefret
"Sans eseri açik olan televizyonda (tv8) sunucu bozuntusu kadin; Arabik köken mesela Dubaili, Türk dedi. Birisi Türk ile Arap arasinda köken bagi olmadigini, Araplarin genellikle Türk irkindan nefret ettigini hatirlatsin.",nefret
Bu hükumetin verdigi zarari yunan ingiliz ermeni vermedi bu ulkeye #CoğrafyaDersiZorunluOlsun,nefret
sanırım tsli olıcam benya çok yakısıklı topçular var nerede çingene suriyeli tipli adam varsa gsde mq,nefret
"Bereketli ve bereketsiz 
Irk ların olduğunu tespit ettim,
Ermeni'ler 
Yahudi'ler
Rum'lar

Bu ırklar millattan önce 600 yıllarda var olan ırk lardır,

Allah bu ırklara bereketi almış çoğalmıyorlar,

Allahım sen çok büyüksün 
Bunlar çoğalsaydı dünyayı tarumar edeceklerdi.",nefret
"Muhterem ecdadıma: dedelerim osmanlıya laf atanlara şöyle bir göz attım kim bunlar diye,
      Baktımki ya yunan gavuru, ya ermeni gavuru, ya yahudi dönmesi yada cumhuriyetin çöpten çıkarıp yetiştirdikleri cumhuriyet piçleri olduklarını esefle gördüm ve müşahade ettim!",nefret
LINK Ne diyorsun lan it oglu it soyu serefsizin çocugu Yahudi baro tohumu senin ocagina cehennem atesi düssün sen geber,nefret
"Mesele Recep Tayyip Erdogan'in Türkiye'yi yönetememesi degil, asil mesele gavurun Recep Tayyip Erdogan'i ve Türkiye'yi yönetememesi!.

Bunu da anlayamayacak kadar gerizekâliysaniz, demek ki o gavur sizin aklinizi yönetiyor!!!",nefret
"Yabancılar!
Özellikle, ruslar (laz, çerkez, gürcü, ermeni)!
Ülkemizden DEFOLUN! https://t.co/W1QohDSPtg",nefret
"Neyse arkasinda RTE var ya ondan buna bir bok olmaz. Ceza almaz tam tersi hükümet danismani olur bu pust... Yeni Türkiye gümbür gümbür geliyor, geldi bile ????????????",nefret
#SevgiliSelahattinDemirtas  bu Kürtleri hem öldürüp hemde namusnu kirletenlere bak bu kizlar bu ermeni pic..leirne meze olmus sizler müslüman olsaydiniz namsunuzu daga çikarmaz ve bir müslümana kursun sikmzadiniz LINK,nefret
Bu özelleştirmeden sonra çivi çakmadan 4.7 milyar dolar parayı bize kitleyip 21 milyar doları çöpe indiren şerefsiz Arap nerede #türktelekom altyapısı çöp yapılanması yıllar sürer,nefret
"Hem bir Imam konusuyor hem de Ayasofya Caminin imami konusuyor , tabi sinirlenecek kripto rumlar hahaha",nefret
"7 Eylül 1922 - Efeler diyarı Aydın Yunan işgalinden kurtuldu.

#şanışer https://t.co/MI44j59nL2",nefret
"Ermeni teröristin Talat Paşa'nın kafasını ayakları altına alan heykeline verilen,verilmeyen tepki vatanseverliğin,yurtseverliğin göstergesidir.PkkHdp nin siyasal ortakları ,sözüm ona solcular,aydın kırıntıları Türk milletinin tarihine kör ve sağırlar.",nefret
Siktir git bu takimdan lan silik çingene,nefret
Siktir  çingenesi senin gibi çöp görmedim ,nefret
"Kalbimizi çaldin reis??Sen çok yasa, sen çok yasa ki kudurmaya devam etsin yahudi dölleri #HirsizTayyip LINK",nefret
Bülent Orakoğlu 35. Madde gitti diyor harp dairesi KAZIM KARABEKİR misyonunda adamı Ermeni den aşağı görürler.,nefret
"Bu ateist saçmalığına verilen bir destek:

“Senin yaşam şekline saldıran birileri varken, onları kontrol altına almak gerekmez mi?”

Biz de soralım:

Bu soruyu dindar biri neden soramıyor?

Sorduğunda neden ortalık karışıyor?

Kimler kimleri neye göre kontrol altına alabilir? https://t.co/DGzw5phu57",nefret
çagdaslik adi altinda erkek erkege evliligi kürtaji savunanlar tecavüz vakalarini müslümanlara yikmaya çalisiyor! her aksam travestiye giden adamlar eli esinden baskasina degmemisleri sapik gibi göstermek istiyor? yemezler sapik olan sizsiniz! mahkum ekimde af bekliyor,nefret
"Suriyeli ve Afganlar bedavaya,
Katarlı ve çinliler parayla ülkeyi işgal ediyor.
Bir ulusun yok ediliş hikayesinin tam da içindeyiz.
Ama derdimiz üniversiteler 
Okumuş toplumdan neden bu kadar korkuyorsunuz yezid soyları",nefret
"Tarihte bugün
Kanuni Sultan Süleyman'in Vefati 1566
Aydin'in Yunan Isgalinden Kurtulusu 1922",nefret
"Papa hazretleri İslam Coğrafyasını dolaşıyor. Son 20 yılda 3 milyondan fazla Müslümanı katleden hıristiyan-Yahudi batı emperyalizmi Papaya bölgedeki hıristiyan-Yahudilere, barış içinde yaşayın dedirtiyor. Kçları o kadar açıktaki insanın acı acı gülesi geliyor.",nefret
Savcıların çoğu CHP HDP İP SP PKK yanlısı çünkü bunlar ermeni çocukları Müslüman kılıklı münafıklardır https://t.co/vrbbBNY7tY,nefret
"Biz bu vatanin ekmegini yiyen,
suyunu içen,
havasini soluyan herkesi kendimiz gibi vatansever saniyoruz..
Halbuki kimi ermeni,
kimi yahudi,
kimi hristiyan kimi bilmem ne?..
Hepsinin kimligi gizli,
kini asikar!
Allah kinlerinde bogsun #KatilPKK  diyemeyenleri....",nefret
"Demek ki en basindan beri pkk nin tarafindaymissiniz !

Siz var ya !
ne TÜRKSÜNÜZ
ne MILLIYETÇI
ne de MÜSLÜMAN !

Siz olsa olsa, soyadi kanunu ile içimize sizan 
ermeni ve yahudi TOHUMUSUNUZ !

BASKA IZAHI YOK!
BU HAINLIGINIZIN BASKA IZAHI YOK!
ANLADINIZ MI ?",nefret
"Her onurlu kürdün ermeni, alevi,türkmen, arap, rum dışında, zulüm altında dünyaya seslerini duyurmayan tek kadim halk belucilerin mücadelesine destek olması  gerekir hatta şarttır ötekiler beni ırgalamaz kürtler onurluysa belucileri sahiplensin öteki satılık ırkları değil 😏 https://t.co/SmIaOiBS94",nefret
"Ben bu Ermeni atıklarına kızmıyorum
Neden mi inançlarını yaşıyorlar davalarına sahip çıkıyorlar
Ama hocamın davasımı güttüklerini izinden gittiklerini söyleyenler
Bu Ermeni atıklarının bugünkü döküntüleri ile beraber kol kola yan yana değiller mi
İşte Benim kinim bunlara😠 https://t.co/Okxg4L0mS2",nefret
Müslüman ülkesinde gavur bayramının tatiline izin vermeyeceğiz!,nefret
"#KahrolsunPKK
A*ap sevici Yahudi hükümet
Yas ilan edermi acaba? Edemez çünkü onlar Türk lafını duyunca rahatsız olan kişiler. Ölen a*ap yarim adasinin primatlari olsa ederler",nefret
romantic_macho Agzina fiskirttigim,nefret
"Oysa yahudilerin anadoluya gelişi Fatih devri o da ticari maksatlı.
Şahruh Oğuz soyu ile değil Moğol Cengiz soyu ile övünür,temel tarihi bilgilerden yoksun. Türk Timur ve oğulları Moğol siyasetini tercih etmiş yazdık bilgiselde

Tarihimize açık düşmanlık yahudi severlik var https://t.co/n5uOuTMd6F",nefret
#SanatçilarDiyarbakira asla gitmezler hiçbiri vatansever degil hepsi devlet düsmani çogu ya Yunan ya da Ermeni tohumu biz de onlari besliyoruz,nefret
Lüplanın ermeni cumhur başkanını osmanlı hakkında  yapmış olduğu acıklamalardan dolayı şitdetle kınıyorum ve naletliyorum,nefret
"Arap kici yalayanindan amerikan ingiliz fransiz siyonist gubresiyle beslenenine o kadar cok hainin varki TURKIYEM
Sattilar surduler oldurduler varligini yagmaladilar hala uyanmadin Anlamadin SEN NASIL BIR MILLET OLDUN BOYLE
KALK DIRIL KALK
SANA SENDEN BASKA DOST YOK EY TURKOGLU LINK",nefret
geçmişteki chp'nin eğitim müfredatı yat ali yat uyu uyu yat uyu. ayşe sen de uyu dünkü chp darbelerden beslenen kaset komplosuyla gb değiştiren şimdiki chp solcu komünist ateist liboş domuz sever ezandan rahatsız olan hdppkk'ya selam gönderenlerden meydana gelmiş bir örgüt.,nefret
NABIL DIRAR BASKA TAKIMA SUAN TRANSFER OLACAK ARKADASLAR TAKIPTE KALIN BEGENIN ÜSTE ÇIKSIN SUAN YÖNETIM TOPLANMIS DURUMDA. KANSER ORUSPU EVLADINDAN KURTULUYORUZ,nefret
kürt kardeşlerimiz nur pkk pislik kahbe kalleştir lgbti'ye değil annelere destek,nefret
Ulan feribotta yanimda oturan suriyeli çocuk türk manita yapmis aq basimiza tas yagacak ??,nefret
#OneMinute #KırmızıOda  #ZkusagiBilmez  Türkiye Cumhuriyeti 18 yıldır organize suç örgütü tarafından esir alınmış durumda. Bu mafyanın başı Yahudi tohumu @RTErdogan  dır ve emperyal efendilerine hizmet etmektedir. Sığır olma uyan #Türkiye,nefret
Baslarim sizin kürdistan davaniza banane ben oglumu istiyorum banane kürtçe mi söyleyeyim türkçemi arapça mi banane ?  bizde kürtüz türkiyede yasiyoruz bunlar kimin hakkini kimden koruyor?  bunlar kürt degil bunlar müslüman degil bunlar gavur #AnnelerDireniyor LINK,nefret
"Ankaradayim, vakit geçirmek için Kizilayda bir internet cafeye geldim arkamda 3 tane suriyeli fortnite oynuyor ama iç savas sesleri çikariyolar bu nasi info vermek allahu ekber amk",nefret
Bu toplarin anasi babasi yokmu nasil izin veriolar aq yetr bunlarin yüzünden Türkiye küçümsenio kötülenio aq ytr da,nefret
"+ Kim bu herif ?
- Sırp.
+ Nasıl anladın ?
- Gördüğü her şeyi nesne olarak düşünür. İnsan, eşya, kadın, çocuk fark etmez onun için. Sadece vuracağı zamanı o belirler. Ve her zaman Sırplar, Rusların sadık tetikçileri olmuştur. https://t.co/ItvEI7qFtJ",nefret
"YA ÖZGÜRLÜK YA ÖLÜM MKA❤️❤️Ülkemizi kuşatan Amerikan İngiliz yahudi çomarlarını siktir edeceğiz cemaat tarikat ne varsa uçuracağız 👊👊✊✊✊
TEK MİLLET TEK YÜREK #AşağıBakmayacağız",nefret
"Çocugunuza arap isimleri koymak çocugunuzun iyi bir Müslüman olacagi anlamina gelmez.
Misal, suriyeli'lerin tamaminin adi, arapça isimler.",nefret
"Netflix gitsin, bein gelsin. Türk gitsin, Suriyeli gelsin...vb. Böylesi bir Araplasma yasanmamisti bu cografyada daha önce.",nefret
"#AnnelerDireniyor #Clio #BirKezOlsunTepkiKoyun #yenikapı HDP çocuklarımızı dağa  gönderiyor. PKK çocuklarımızı Yahudilerin hesabına kullanıyor.Yahudilerin davası için verecek bir tek insanımız yoktur. PKK,Yahudi çocuklarını dağa çıkarsın, yakışır. Kürtler PKK ile yollarını ayırdı https://t.co/yoXC33FQR6",nefret
demetbolat4067Orasina burasinin yaptirsinlar 10 kilo boya sürsünler yüzüne güzel diye karsimiza çikarsin lar sizlerin güzel dedigi boyaya batmis kizlar türkiyedeyim o kadar dogal güzel kizlar var ki bunlara güzel mi diyorsunuz bokunu çikardiniz her seyin,nefret
"Bu adama laf eden kahpe, ya ermeni, ya rum tohumudur. https://t.co/ampBZcSdTa",nefret
zeliha26es_esSedaya kurban ol pis dangalak nerden geldigin nereye gönderecen sizi Türk halki zaten geldigin yere gönderdi hortlak kendini bir bok sanma defol,nefret
200 liraya suriyeli eskort çağırırım https://t.co/39RXV6SIQb,nefret
"Yüce rabbim,
Yüzbinlerce, hirsiz, ahlaksiz, din sömürücüsü yobaz, Arap yalayici vatan haini, namussuz, serefsiz varken ölmesi gereken, neden yasamak için çirpinan bu güzel kizimizi yanina aldin ???????? LINK",nefret
Rivayete göre Balikesir Yunan isgalindeyken devriye gezen Yunan askerleri tabakhane isçilerini görüp korkmuslar. Balikesir Kuvva-i Milliyesi bu durumu haber alinca tabakhanede çalisan deri ustalarina geceleri kurum sürünerek Yunanlari korkutmalarini istemisler. LINK,nefret
Ülkeyi yönetenler arap çocugu için sümukleri ile aglar ama ülkemizde ki çocuk istismarina tecavüzüne sessiz  kalir çünkü bu pisligi yapanlari @USER @USER @USER @USER @USER koruyor besliyor çogu suriyeli  ahlaki olup istifa eden yok LINK,nefret
"Türkiyede Kürt sorunu yoktur.
Ermeni meselesi vardir.
Ermeni oldugu söyleyemeyen, gizleyen Kendilerini Kürtlerin sözümona sözcüsü, temsilcisi diye tanimlayan vahsi terör örgütü PKK ve onun siyasi uzantisi HDPnin 1071 Malazgirtten beri birikmis Türk ve müslüman düsmanligi var LINK",nefret
Bizde böyle her sene böyle volkana böyle koyariz sen sari kirmiziyla ugrasirsan baska bir sari kirmizi Türk takimi gelip koyar geçer ...,nefret
"Bu Suriyeli picin attigi mesaja bak...Esad anasini......kmemis, illa Türkler mi ,.....................? LINK",nefret
yaşlı bir dedem terbiyesi olmayanlara teknoloji ne gerek taktik tahrik terbiyesizlik olanlara lpgdtg.ö.t olanlara hıristiyan yahudi olmuş lut kavmi gibi ne farkeder ki i,nefret
ARAP TURİSTLERİN ZEVKİ SEFASI İÇİN SAPANCA'DA 3 BİN AĞAÇ KESİLECEK - Sakarya Medyası https://t.co/WMMOV7irQ1,nefret
"birini tanıştırırken alevilerde ""yabancı değil bizden"" sünnilerde ""gavur değil bizden"" yabancılarda ""not animal one of us""",nefret
diloo84_@USER niye lan ibne küfür edince Müslüman olunmuyor mu hadi ikile yorumunuda hemen sil seni savciliga verim yeminle bulurum efendimizi böyle kepazelerle karistirma her yerden çekiyorsun tipine baktin mi sen mal herif yorumu kaldir yoksa seni bulup göstercem o yorumu yazan ellerini kirdirtacak adi pislik,nefret
Caner'in namusunu kurtarmak sana mi düstü bok herif malin tekisin kafasi çalismayan angut,nefret
Biz yeri gelir hepimiz kürt oluruz🇹🇷 kurt oluruz🤘 asla baskaları gibi ermeni olmayız🇹🇷biz kardeşiz  #kürtler https://t.co/GKZRmSOjHg,nefret
"Yunan  tohumu...
Ulan şerefsiz ..
Düşman bilse 
ülke böyle  ibnelerle dolmuş 
2 günde ülkemizi işgal ederler. https://t.co/ujJNAQYRMg",nefret
"* Kripto dediğimiz bu 1 milyon yahudi ve ermeni kitle hiçbir zaman yırtık elbise giymek zorunda kalmadı.
* Hiçbir zaman açlık, susuzluk, yokluk veya yoksulluk çektirilmedi.
* Kimisi general yapıldı, ordu idare etti.
* Kimisi müdür yapıldı, okul idare etti.",nefret
"""Bu lâfa gücenecek Yahudi varsa cümle âlem havra meydaninin orta yerinde onun götünü siksin"" dese, normallesmeye katki yapmis ve bu tür tacizlerle yildirilamayacagini anlatmis olurdu.
Bir noktada ""dur hele"" demek lâzim.
LINK",nefret
Bu Suriyeli şerefsizi neden almıyor. Polis çok merak ediyorum https://t.co/l9UrRLAOL7,nefret
"#BirKezOlsunTepkiKoyun 
Evlatları ABD haydut devletinin piyonu ermeni terör örgütü PKK, PYD tarafından dağa kaldırılan,  alıkonulan eli öpülesi annelere destek verin. https://t.co/74PeBfLAkP",nefret
"Yahudi köpeği mason generallerimiz ve söz de muhafazakar kukla siyasetçilerimiz yüzünden Türkler ve Kürtler arasında sönmek bilmeyen fitne ateşi sürekli harlatılıyor..
CHP sahte muhalefetiyle bu ateşe su serpiyor gibi yapıp sürekli gaz'lıyor..",nefret
"çözüm arzusuyla bilinen lideriniz mustafa akıncı bile rum kesiminin şımarıklığından dem vuruyor ""kıbrıs türklerinin güvenlik ve egemenlik kaygıları göz ardı edildiği müddetçe çözüm olamaz"" diyor. türkiye karşıtlığı kıbrıs'a huzur getirmez sevgili dostum emin ol bundan.",nefret
Tarih sayfası ermeni tohumu https://t.co/hLCyS5A8Ty,nefret
arap görmek istemiyorum ve özellikle psg veya barca formalı arap görmeyi hic istemiyorum,nefret
bu kadar işsizlik varken 1 suriyeli 1 türk kampanyası nedir ya şaka mı?! yeni kampanya istiyoruz 1 türk 1 yeni mezun türk #1suriyeli,nefret
"Ibnelerin teminati,
Vatan hainlerinin sigortasi
Rum kalintisi
Yunan bozmasi
Bizans artigi
IBB Baskani Ekrem Imamoglu 'da tokat niteliginde ceza

Ohhh Ohhhh....",nefret
Acaba cöhöpö de kaç tane kripto ermeni var..? ??,nefret
"ya kürt bir aileden evlatlık alındıysam? Allah'ım nolur kürt arap ermeni yunan hariç nolur.
wallah kürt çıkarsam o dövlete diyecek iki çift lafım var.",nefret
brfnnr_brfnnr Bacaklarini kalçalarini kalinlastirmak tan bir haller oldu artik hadiseye.. bir kiçini kapatmis zaten . Kiyafet göremedim ortada totosunu kapatan yirtmaçli ceketi takmis sirtina. Türkiye'nin çakma beyonce' oldu çikti...,nefret
"Öncelikle güzel ülkem Türkiye'me selamlar. 
""Camide Suriyeli yok"" iddiasi var @USER hocam.
Iki satir karalarmi siniz? LINK",nefret
"Bir Osmanlı torunu Kürt Anamız çıktı HDPli, itlere öyle bir tokat vurdu ki güneydoğu'yu salladı, arkasından arkçı sarsıntılar geliyor, Allah yardım etsin. Işte böyle yürekli insanlara ihtiyacımız var bazı erkek bozuntuları na örnek olsun
#AnnelerleBeraberizYaSen https://t.co/ajvSmDpnSl",nefret
artan taciz tecavüz olaylarını müslümanlara bağlamaya çalışan sapık sözüm sana islam karşıtlarının işlediği cinsel suçların binde birini işlemez müslüman ve benim dinimizde tecavüzün cezası idamdır senin dininde 6-7 sene yatar kaldığı yerden devam eder. #annelernöbette,nefret
"#Kürtler çok geçte olsa #PKK ile aralarina mesafe koymaya ya da koyduklari mesafeyi gür bir sesle dile getirmeye basladilar.
Keske çok daha önce, çok daha gür bir ses ile tavir alabilselerdi. 
#AnnelerDireniyor 
#SanatçilarDiyarbakira LINK",nefret
"Bunu şuna istinaden  anlattım aslında, onca kültür farklılıklarıyla çeşitlenmiş bir soydan gelirken biz Atatürk'ü minnetle anıyoruz. Siz hangi ağaç kovuğundan çıktınız Atatürk'e laf ediyorsunuz Ermeni tohumları?",nefret
Seni doğuran yahudi kancığı sende müslümanlık ne ararmış babanda yahudi yahudi memleketinde gömüleceksin vatan haini alman köpeyi amerika iti israil piçi uzaklarda havlama sende zerre kadar cesaret varsa Türkiyeye gel havla  boynuna nasıl tasma takılacağı görürsün it köpeyi https://t.co/5M89GNA6xN,nefret
"Terör destekçisi, Devlet düşmanı, Domuzsever, Ermeni aşığı olan bu kadının hapislerde çürümesini yürekten diliyoruz. 

Seninle aynı ülkede yaşamaktan utanç duyuyoruz. Canan Kaftancıoğlu yalnızdır çünkü biz hain değiliz. #CananKaftancıoğlu https://t.co/9tZC0yMpA7",nefret
basit şeyler o kadar zor hale geldi ki çinli kahpelerin amınakoyim,nefret
"Türkiye de sanirim Türk yok ??, batiya yalanan Ermeni picleri , rumlar persler kürtler ve araplar ; kadro bu :D
?? Ek bilgi : Türkler aslinda müslüman yunanlarin araplasmaya yakinken pers olmus halidir ( kesin bilgi yayalim lütfen) #BahceliBastacimizdir LINK",nefret
aysuma_aysuma1453O zaman ne bok oldugunu söyle de millet bilsin Müslüman lik adi altinda yapma @USER,nefret
Ebrar topa Yunana vurur gibi vuruyor. Müthis motivasyon #FileninSultanlari ????,nefret
"Gölmarmara İlçemiz 22 Haziran 1920’den kurtuluş tarihine kadar yunan işgaline uğramıştır. Tüm bu olumsuzluklara rağmen bağımsızlıktan vazgeçilmemiş, 6 Eylül 1922’de Gölmarmara İlçemiz düşman işgalinden kurtarılmıştır. Aziz şehitlerimizi rahmetle anıyoruz. 
#Manisa #Gölmarmara https://t.co/3KSFXPx3ms",nefret
"Bu ne şimdi,bu rum bozuntularına giren çıkan ne şimdi https://t.co/aurM7XQwL2",nefret
"Maras bize mezar olmadan düsmana gülizar olmaz,kalesinde Türk Bayragi dalgalanmayan ülkemde Cuma Namazi kilinmaz diyerek Marasin Fransiz isgalinden kurtulmasi için dirilis harekatini baslatan Maras Ulu Cami imami Ridvan Hoca LINK",nefret
evcil hayvanınızla fotoğraf çekilmeyi nasıl başarıyorsunuz. benimki kamerayı görünce vergi görmüş suriyeli gibi kaçıyor da.,nefret
Akşam çayı pejmürdeler pontuslular yunan dölleri. https://t.co/Yy2OSMlnoi,nefret
"Suriyeli Açiz diyor
Neden
Bunlarda ahlak yok
Hadi ülkenize LINK",nefret
#HırsızTayyip Tayyip Erdoğan a dıkdator hırsız gibi laflar edenlere bakın nıck ısmı hep yabancıdır cunkı bunların cogu kripto ermeni Yahudi ye hizmet eden bu ulkenın bir adım ileriye gitmesini istemeyen tiplerdir,nefret
HDP ye oy vermek bölücü olmak terörist olmak hayin olmak vatansiz olmak namkör olmak demektir bunlarin kime hizmet ettikleri belli yahudi irkinin köleleri LINK,nefret
lan şu ülkede islam batsada japonlar gibi ateist birisi yönetse halk millet azcık refah yüzü görse,nefret
"En büyük aşkımız Konyaspor'dan bizi soğuttular ya Allah bildiği gibi yapsın bunları. Arap inşallah yönetimi de yer de el ele giderler bu şehirden
 #ismailkartalistifa
#Yönetimİstifa
@konyaspor",nefret
"Bende Arda ya inananlardanim, sanki berkay yine bir bok yiyip ""özlem beni bu durumdan kurtar"" demis gibi geliyor bana",nefret
"Fetö'cü pkk lı Vatan hainleri
Bir bir aklanir'ken 
İslama ve Müslüman olmayan
Yahudi terörist iL Başkanı
İstemiyor Mugla
Hainlerden dost olmaz
Unutmayınız
@erkankandemir 
@Akpart
@fuatoktay 
#
https://t.co/hGBgqWBtay
 #KabeyiSavunanFişleniyor https://t.co/SaEJrkCR4z",nefret
"Kendi ülkemizde, TÜRK olmayan, müslüman geçinen, çoğu rus asıllı yahudi /hristiyan hain hırsızlardan, sinsi canilerden, arsız yamyamlardan koruyacak duruma düştüysek, TÜRK ULUSU olarak, çok ama, çok düşünmeliyiz!
Herkes hırsızlarını, çaldıklarını, kaçırdıklarını teslim etsin! https://t.co/10EQxml8xL",nefret
Yunan salatası yunanı sevmeyiz ama salatsını satarız 🤣🤣🤣 https://t.co/FJeHhyYtfT,nefret
"1922 - Türk Kurtulus Savasi: Türk Ordusu, Yunan Isgali altindaki Manisa'ya girdi ve Yunan ordusu sel olmus kaçiyor Izmire dogru. Türk süvarileri dörtnala Izmire giriyor Izmirin daglarinda çiçekler açiyor ????",nefret
#AilemdenUzakDur türk milleti kendi kültürü ve inancıyla cinayetleri her geçen gün sıfır'a doğru götürürken yeminli türk düşmanı haçlı yahudi çetesi ve içerdeki piyonları fetö ve chdpkk pervin buldan eliyle meclisten bu melanet bir gece yarısı geçirildi ve cinayetler tavan yaptı! https://t.co/X3M4FQUcJu,nefret
"melihler bitmez. bu melih gider başka melih gelir. gerçek gündem, yoksulluk işsizlik çaresizlik bir de dışarda yunan bir takım  fenalıklar tasarlıyor",nefret
Diger tüm takimlar fetönün orasini burasini yalarken fetö ile tek mücadele eden takimdir @USER. Fetö sayesinde suriyeli @USER defalarca sampiyon yapilmistir bu buhün bir kez daha kanitlandi.,nefret
"Artik Suriyeli degil, gerçek öz evladin, alinteri ile çalisip yillarca primini ve vergisini devletine ödeyip kaymadeger saglayan biz #EYTninYanindaOlun @USER @USER @USER @USER @USER  @USER @USER @USER @USER",nefret
Sen önce kibleye dogru ören sonra dindarlar laf söyle cahil sefil mesnetsiz kukla Yahudi usagi LINK,nefret
5 EYLÜL SALİHLİNİN YUNAN İŞGALİNDEN KURTULUŞU https://t.co/DVqNds4buk @YouTube aracılığıyla,nefret
Sagim solum önüm arkam suriyeli!!,nefret
"Türk düsmanligi yaparak Islamci olamazsin. Gâvur olursun.
 
#AndimizIçinAntIçtik",nefret
"Şunun bunun gavur dölünün köpeği olmaktan onun sayesinde kurtulmadık mı? Buralara bir defa yüzünü görmek, ona sağ ol paşam! Demek için düştüm. Onu görmeden ölürsem gözlerim açık  gidecek. Sen efendi bir adama benziyon, bana bir yardım edive de Gazi Paşayı bulacağım yeri deyive.”",nefret
Ne kadin oldugu belli nede erkek yani sadece Turkiyenin utancisiniz ..,nefret
"Arap kardeşlerimiz, zerre yatırım yapmadan Türk Telekom'un anasını belleyip, kasaları boşaltıp şirketi iade edip gitmişler.. 2 saat oldu,, deprem İstanbul'da oldu biz Ankara'dayız hâla TTelekom hatlar çalışmıyor..
#deprem #Depremoldu #earthquake",nefret
hocam senin üstüne giydigin cübbeyi kafana taktigin sarigi sikeyim amina koydugumun arap sevicisi. senin kafanin içinde beyin yerine piknik tüpü var sapik piç,nefret
Forum İstanbul bence adını Arap İstanbul yapsın bu ne lan ! 🙊,nefret
"Gamsız
Arap
Topçu değil
Disiplinsiz
Ne oynuyor
Böyle on numara mı olur?

Gittiği yere kadar senciyiz @ynsbelhanda https://t.co/oMIgCgt8UC",nefret
#suriyeli istemiyorum ülkemde diyorum ya işte bunlar gibi #suriyeliistemiyorum https://t.co/BeGAYo7DqP,nefret
Ermeni Vahseti LINK,nefret
"Telekom da ring dönemi yaratin artik ya ortak baz istasyonlari olsun. @USER  @USER @USER  hele hele siz iki firma adiniz Türk ama içiniz arap gibi davraniyorsunuz. Ulasilmadik yer , çökmeyen düzen e geçin.",nefret
"#türktelekom stratejik önemdedir özellestirilemez  dedigimizde hiç umurunda olmayanlar... Nasilsiniz? Arap neyi almis da gelistirmis ki senin milli altyapini gelistirsin . Içine siçti sigdirdi gittiler, borcunu ödemesi de bize kaldi.",nefret
Suriyeli piçi burda ahkam kesiyo  #MuhammedNurTutuklansın,nefret
"Ne yaparsaniz yapin soykirimi unutmayin. Çünkü unutulan soykirim tekrarlanir....
 Aliya Izzetbegoviç

Ermeni teröristlerce çocuk, kadin, yasli demeden katledilerek sehit edilen 613 Azerbaycan Türkü kardesimizi rahmetle aniyoruz.

#HocaliKatliaminiUnutmadik LINK",nefret
bundan sonra müslüman ünlüleri savunacagiz kafirlerle araya ip katacagiz,nefret
Yahudi kanali Fox tv nin yalalarini yüzlerine vurdu diye mi abhaber kapatilsin diyorsunuz it sürüleri.  #ahaberkapatilsin,nefret
"Resmi açıklanan 4 milyon, gerçekte 7-8 milyon Suriyeli arap ile yaşamaya çalışırken 3,5 milyon Suriyeli kaçak daha bekleniyormuş. 
Memnuniyetinizi AKP'ye şikâyetinizi CHP'ye bildirirsiniz artık.",nefret
Serkan inciyi ben engellemisim tiviti önüme düsüp sinirim bozulmasin diye onun pesinden gitmekle suçlaniyorum. Yahu adamlarin daha önceki sarkilarinda yazdigi sözler ortada. Biri diyor en iyi ermeni ölü ermeni öteki diyor kürtlere ölüm öteki kiz arkadasina seni öldürürüm,nefret
"Ne kadar Ermeni tohumu varsa Temel beye Ingiliz diyor!!! 
                 #gururumuzbilgebaskan",nefret
"Recep Tayyip Erdoğan, sorusunu hazırlayan ""Kripto Ermeni, Bizans kondom kaçağı"" Babanın kim olduğunu ANANA SOR!",nefret
Hiç bir terörist LGBT destekçisi bizim evladımız değil . Zina artığı Yunan Ermeni kalıntısı pisliklerdir! Bu ülkeden dedeleri gibi defolup gideceklerdir! #HepsiBizimEvladımız,nefret
Alti üstü Eko belediye bsk. Halki tehdit ediyor. Belediye baskanisiniz tehdit ediyorsunuz. Olur da bu millet gaflete düser de iktidara gelir iseniz. Dinsiz imansiz üç yahudi den daha beterini yaparsiniz. LINK,nefret
"Bugün bütün olma günü Ermeni Kökenli hdPkkya karsi direnis günüdür.
Bir Annenin Su sözleri yüregimi dagladi.
Babam Yok,Okumam,yazmam yok pkkya karsi direnise geldim belki çocugum Televizyonda beni görür o canilerin elinden kaçar

 #AnnelerDireniyor
 #AnnelerleBeraberizYaSen LINK",nefret
Sen ne biçim bir adisin ya seni bu kadar severken nasil da nefret ettirdin. Yaziklar olsun sana bir daha Müslümanligin altina güzel Islamiyet'imize siginma yemeyiz. Sen ki Müslümanim diyerek geziyorsun ne isin var içkili barlarda içki tüm kötülüklerin anasidir demis Rasülallah. Bu saatten sonra degil Müslüman insan bile degilsin benim gözümde. Sakin ha cim bomuma leke sürme sakin ha cim bomuma gelme. Sapik sahtekar @USER turan @USER,nefret
"Sultan Abdülhamid'e karşı Ermeni teröristlerle işbirliği yapmaktan çekinmeyen Türk aydınları vardı.
Bugün de Erdoğan'a karşı Türk düşmanlarıyla kol kola olan sözde Türk aydınları var. https://t.co/JOF4E4HfnZ",nefret
Cürete bak ...Dağdan gelmiş bağdakini kovacak ...Kendine gel Suriyeli ...Burası Türkiye Cumhuriyeti ...Yerinizi haddinizi bilin ..🤬🤬 https://t.co/S3VEvgPKQV,nefret
trene arap turist yaşlı kadın bindi bastonla. kimse yer vermiyor koçlarım benim böyle böyle eğiteceğiz ihtiyarları,nefret
dalga geçiyor resmen kadın. bu hdp'li vekiller ermeni ve yahudi. duyarsızlıkları bundan. e be kadın senin de evladın var. senin de farklı şekilde ciğerin yanar.,nefret
"Ateist inandigi gibi yasiyor...
Kemalist öyle hristiyan yahudi öyle...
Müslümanlar da dinden taviz vere vere vere dini yüceltecekler akillari sira...
Ya Rabbi, bu kardeslerime akil fikir ver...
Kulluk için gelmisler kulluk etseler kurtulacaklar hâlâ dinini satarak",nefret
Asagilik bir Yahudi takimindan da bu beklenirdi LINK,nefret
Sabateist Adnan Oktar çetesi kanlarimizi toplayacak itibarda ve güvenilir degil..Internete bakinca tek bir isimle halki bu rezalete ikna etmisler baska bir Yahudi asilli Hülya Avsar kampanya yapiyor..Hülya para karsiliginda halkin kanlarinin satilmasi olayina girdigi görülüyor..,nefret
Biz Yunan takımı mıyız ? Açıklama saatine bak 19:05 yazıklar olsun resmen düşmanız biz size diyolar @MstfCngz1905 @yusuf_gunay @_AAlbayrakk @GalatasaraySK,nefret
"#ErdoğanınYanındayız  abd den yardım bekleyen fetö piçinin çocukları abd size de barış getirecek ırak gibi, hepiniz o ülkede gebereceksiniz kimse de sizi hatırlamayacak, hristiyan mezarlığında hep beraber yatacaksınız, gavur tohumları. o zaman stop nasıl oluyormuş görürsünüz.",nefret
"Yunanlar, Mora Isyani'nin 200. yilini kutluyorlar. Rumlar Güney Kibris'taki tarihi Osmanli camisinin duvarlarina ""1821-2021 Bütün Türklere Ölüm"" yazilari yazmislar... Uygar Rum vandalizminden örnekler... LINK",nefret
"-Çırpıcı mahallesinde torbacılara baskın cok sayıda silah ve yarım kıloya yakın uyusturucu bulundu.
-Yeşiltepe mahallesinde dehşet bir afgan uyruklunun boğazı kesildi
-veliefendi de bir evde kanada uyruklu üni. Öğrencisine 7 surıyelı 10 gun boyunca ıskence ettiği ortaya cıktı.",nefret
"Ermenistan'dan Laçin koridoruna erisim, Rusya'nin FSB'sinin Sinir Servisi tarafindan Azerbaycan'in yetkili makamlariyla isbirligi içinde düzenlenmelidir aksi takdirde Erivan, Daglik Karabag'i yasadisi silahli gruplarla ve Ortadogu'dan Ermeni teröristlerle doldurur
@USER",nefret
neden suriyeli ile birlikte türk ise alindiginda tesvik veriliyor. iyice adamlarin yaninda promosyon olduk. iki türk alinsin suriyeli de kendi memleketine dönsün.,nefret
domuz eti yiyen ekonomi devi almanya'da bu hareketi göremezsiniz! merkel tatile çikar koruma polisinin otel masrafini cebinden öder! toplantiya gider tarifeli uçaga biner! ya bizimkiler? müslümanim der cumaya gider elin alman'ina gavur der ama çatir çatir kul hakki yer! #yenikapi,nefret
"Konya'da Suriyeli erkek, Iraklı kadını fuhuşa zorladı! ""İşkence yapıp, boğazımı kesmekle tehdit ettiler"" https://t.co/kga3mOYU18",nefret
Ülkeye bak anasını satıyım ya zam geliyo ya da Suriyeli,nefret
beşiktaş bir türk kulübüdür ve başına kulübün değerini bilecek olanlar geçmelidir. doğu karadenizli laz rum dönmeleri balkan göçmeni çerkes kürt arap ve ermeni bu değeri anlayabilecek kapasitede değildir dolayısıyla başkan seçilirken bu durum göz önünde bulundurulmalı.,nefret
"LAN INGILIZ PIÇLERI HIÇ ATATÜRKE KARSI ÇIKILIRMI,Ermeni Arap dölümüsünüz amk serefsizleri #KemalizmEsaretineSon",nefret
"#AnnelerleBeraberizYaSen
Mazlum Anadolu çocuklarını ermeni terör örgütü HDPKK bırakmayacağız..! https://t.co/cACZH4lIAf",nefret
Allah karanlik sol örgütleri yok etsin perisan etsin.Zavalli Kürt çocuklardan ne istemisler. Kimbilir o çocuklari tecavüz mu ettiler ne yaptilar.Ahhh sahipsiz çocuklar.,nefret
"Hiristiyan abd'ingiliz'fransiz askerinin Milyonlarca masum ve Mazlumun katlettigi binlercesine iskencelerle zindanlarda zülmettigi ve binlerce kadina kiza tecavüz ettikleri Irak'ta Papa ne ariyor neyin pesinde
Nasil bir operasyon çekiliyor ve
Hangi yüzle oraya geliyor.",nefret
"Öncelikle benim sayfamda yazmak istiyorsanız Atatürk'ü büyük yazacaksınız! Cumhuriyet'i de. Daha sonra gireceksiniz sayfasına, araştıracaksınız. 23 Nisan'a gönderme yaparak ermeni yalanlarını (sözde katliamı) anan, gebertilen teröristleri anan ve savunan birinden bahsediyorsunuz. https://t.co/HXKxpeESo0",nefret
canan kaftancıoğlu şu soysuz ermeni tohumu kadına destek mesajı atan herkes vatan hainidir her şeye eyvallah ama askerime dil uzatmazsın git şimdi derdini farelere anlat soysuz pislik,nefret
Fenerbahçe sike yapmamistir diyenin karakter olarak irk olarak Ermeni Sükrü Saracoglundan farki yoktur Burasi Türkiye burada adalet yok Balik bastan kokarmis,nefret
"Bu yavsak Suriyeli galiba 
#MuhammedNurTutuklansin LINK",nefret
Suriyeli bir terörist! https://t.co/8euRT7vCTi,nefret
Yani demeye çalıştığım şey şu o son yarasayı yemeseydin iyiydi çinli orospu evladı cümleten hayırlı geceler .,nefret
#SevgiliSelahattinDemirtaş  bu Kürtleri hem öldürüp hemde namusnu kirletenlere bak bu kızlar bu ermeni pic..leirne meze olmuş sizler müslüman olsaydınız namsunuzu daga çıkarmaz ve bir müslümana kurşun sıkmzadınız https://t.co/B7L9kevnNa,nefret
Suriyeli piçi burda ahkam kesiyo  #MuhammedNurTutuklansin,nefret
"Dinsiz ermeni piçleri medyayı ele geçirirse, fitne doğar, fesat çıkar, kaos çıkar. Çok şükür, bunların Türk ve İslam düşmanı ermeni piçleri olduğunu bilmeyen az insan var. https://t.co/mCvcyj7pyF",nefret
"Alçaklığın resmi
Sizce #DinAfyondur tagı altında İslama saldıranlar ateist mi?
yoksa Hristiyan,Yahudi,Zerdüşt,Ezidi gibi İslam düşmanı inançlara sahip ikiyüzlülermi?
Aynı zamanda sapıklıklarıda normalleştirmeye çalışan bu kitle bu saldırganlıkları ile gençliğimizi afyonlamıyormu?",nefret
"bagimsiz müslüman ülkelerdeki müslümanlarin derdi ne? Niye çinli, taylandli, rus, yahudi, alman, amerikali, fransiz, ingiliz, yunan, ermeni, ve daha niceleri, müslümana zulmederken, bir müslüman batil hayatlarin özentisi içinde yasar?",nefret
"Bu tür haberlere hep şüphe ile bakıyorum, hele hele bütün kürt isyanlarının hamisi ingiliz söylüyorsa https://t.co/Nca47ZDxOL",nefret
cagan_000 Sizin gibi insanlarin ben amq. ??Adam gitmem dese vatan haini olur giderim dese baska kusur bulursunuz ??.Büyüklük yapmis giderim demis size ne dudagindan süsünden püsünden ibneliginden ??Her seye muhalefet olan ezik Türk halki Sizinle ayni ülkede yasamaktan utaniyorum amq .,nefret
"Su uyur bu rumlar uyumaz TAK !

#SamsunsporYalnizDegildir 
#samsunsporyalnizdegildir",nefret
Arap yancilarinin kucagina oturan mhplilere de bak sen. LINK,nefret
"KONUYU BIRAZ DAHA YUKARI TASIYALIM
TÜRKIYE'YI ÖNÜMÜZDEKI BES YIL BOYUNCA
ÇAGDAS MODERN EGITIMLI VATANSEVER TÜRK HALKI OLAN LAIK ATATÜRK'ÜN YOLUNDAN GIDENLER YONETSIN 
TÜM BIRIMLER GERÇEK VATANSEVER TÜRK HALKINDAN SEÇILSIN 
DEVSIRMELER ARAP KIÇI YALAYANLAR OLMASIN NE DERSIN PROFFF LINK",nefret
"#ErdoganinYanindayiz 
Bogaziçililer: ''Vazgeçmiyoruz, istifa istiyoruz''
1927den kalma,yahudi,rum,ermeni kriptolu torunlarin, maaslari acilen kesilmelidir... LINK",nefret
"Mustafa Akinci rum yanlisi,Türk düsmani haindir. Siyasi itlaftir

Memleket Hareketi karsitlarinin ortak özelligi Kibris'i rumlara, Mavi Vatan'i ab ve yunana, Karabag'i ermeni canilere peskes çekmek istemeleri

Bize AKP'li bile deseniz sizin gibi vatan topragindan vazgeçmeyecegiz LINK",nefret
"Sizin derdiniz Muhterem Ali Arbaş hocam değil,onun şahsında İslam ve Müslümanlar. Sizin cemaziyel Evvelinizi çok iyi biliyoruz.Sizi gidi gavur aşıkları.Kininizle gebenin.
#alierbasyalnızdeğildir",nefret
"Gavur agziyla Türk Milletine ve Gazi Mustafa Kemal Atatürk'e saldiran kani bozuklarla ayni havayi solumak aci da olsa Türküz, Türkçüyüz Atatürkçüyüz. #Sivas #ATATÜRK LINK",nefret
faydalı yerine faideli diyorum çünkü arap götü yalamayı seven aptal 1 orospu çocuğuyum,nefret
Yahu memleketin anası ağlamış hazine erimiş dış borç tavan yapmış ülke Suriyeli Arap işgali altında fetö kripto halde yine de faal heryerde ve siz hâlâ neyin kafasını yaşıyorsunuz ? Hangi dünya savaşı hazırlığı yahu bir de emekli askersiniz. https://t.co/MqG13vr3QT,nefret
Isgalcileri dize getiren devrimcinin emanetini koruyamadik.100 Yillik Ingiliz projesi Isbirlikçi Dinci hain; ülkeyi teslim aldi. sanayisini çökertti üretimini bitirdi.Kalan varliklari Ingiliz  Kolni'si KATAR Varlik Fonu'nu yöneten Ing/Yahudi'si ROTHSCHILD Yatirim Fonu'na  satiyor LINK LINK,nefret
"serrefsiz,Suriyeli kiligina girip milleti kiskirtiyor yetmiyor türk kiligina girip Suriyelileri istemiyoruz diyor.yunan tohumunun kalintisi utanmaz arlanmaz LINK",nefret
"analarin feryadi hdp ve pkk'yi bitirir. akit'e konusan kürt siyasetçiler ""kürt analar hdp pkk'yi 81 ilde kapatmaya hazirlaniyor"" dedi.",nefret
'Tüm dinler karanliktir. Islam zifiri karanliktir. Henüz aklin tezgahinda hiç zimparalanmamistir. Zimparaya ihtiyacinin olmadigi yanilgisi yüzünden yeryüzünün en tehlikeli dinidir. 7.yy arap sosyal yasamini kitlelere dayatir.''@USER LINK,nefret
Oruspuçocugusun!!!! (ask roman what it means),nefret
Sizlerin âlayi korkak elin hristiyan yahudi kâfir milletlerden korktunuz.Allah c.c korkun kullarindan neden korkuyorsunuz?,nefret
#AhlaksizsinFOX muhalefette bilirki fox tv bir Yahudi kanaldir ve bizde öyle bir muhalefet varki erdogani yikmak için yahudiye bile sarilir,nefret
Kılıçtaroglu daha ne desin. Suriyeli ıere kızmayın onları ulkeye gstirenlere kızın diyor fakat Suriye de yangına körükle giden  AKP li şerefsizlere niye böyle yapıyorsun diyen AKP li mi var  kalkarlar kılıçtaroglu  na şimdi köpek gibi saldırırlar.,nefret
"Sizde farkettiniz mi Araplar fena halde Türk kizlarina takmis durumda

Bknz Seyma Subasi. Sevval Sahin. Iksinin de sevgilisi kendisinden kisa boylu ve Arap.",nefret
Lübnana satılan kaç kurum var bu konuşma gucünü verdiniz onlara arkasında muhakkak ingiliz yada israil vardır .. araplar kadar kalleş pislik ırk yok .. https://t.co/eGtyhsRC4x,nefret
lan türko birak yenikapi'yi clio'yu suriyeli kardeslerin geliyor eller ceplere,nefret
Çünkü tarihi bilmiyoruz. Yeni Zelanda’da müslümanları katleden hristiyan terörist içinde Ayasofya’nın kini bile biriktirmişti. https://t.co/iMqj00FG1L,nefret
Insanlik tan nasibini almamis ermeni ve destekçileri Dünyanin gözü önünde kardes Azerbaycan da#HocaliKatliami yaptilar ölen kardeslerimizi rahmetle aniyorum,nefret
"Yahudi ne kadar plan yaparsa yapsın,Türkiye'yi yıkmak için 5 nci kol çapulcuları,başaramayacaksınız...",nefret
telli baba-muskalı baba-bilmem ne baba türbesine gider dilek tutar sonra Türkün ilk inancı Şamanlar ağaçlara çaput bağlıyor diye Türkleri putperest der bu arap bozmaları...,nefret
esraesraav ciyaz bitti popo görmekten kurtulduk derken bu da nerden çikti,nefret
"Oglu Müslüman Kürt görünümlü kripto Ermeni terör örgütü ASALA,PKK,PYD,YPG vs nin siyasi kanadi HDP tarafindan daga kaçirilan Fevziye Çetinkaya'nin ailesi baslarim sizin kürdistan davaniza,fakirin çocuklari daga,sizin çocuklariniz özel okula,sizse koltuklara diyerek tepki gösterdi",nefret
Bu Ülke'de Suriyeli degilsen bir hiçsin! LINK,nefret
kürt müslümana gavur eziyeti !,nefret
Reise muhalif olan soysuz gavur...70-80 Ve 90 lı Yıllarda Tren kompartmanlarında dolaşan böcekler pislikler yüzünden trene binemeyen köpek herif şimdi #Reisin yaptırdığı metro hızlı tren ve Marmara’ya binmek için kıçını yırtıyor....Gavurun dölü adi herif sen müslüman olmazsın...,nefret
"I. Dünya Savaşı ve Kurtuluş Savaşı sıralarında; Rum ve Ermenilerin aksine Yahudi vatandaşlarımız isyan etmemiş, devletine düşmanlık yapmamıştır.

Nusret Kılıçoğlu",nefret
"#AilemdenUzakDur bu melaneti yahudi bize niçin yutturdu ve bütün lobileriyle, para, sanayi, siyaset, mason+lions+rotary, ab, ta bm'ye kadar bu melanet devam etsin diye bastiriyor? çünkü dert, milleti devletinden sogutmak ve savas gücümüzü kirmak ??
LINK",nefret
Ülkemde suriyeli dilencilerle/korkaklarla doluverdi bütün sahil.,nefret
"Yahudi dönmesi, iktidara yürürken istifa ettiler.",nefret
"Ezan okunmasından rahatsız olan, Vatan düşmanı, Türk düşmanı, Ermeni sevdalısı Chp'li Canan Kaftancıoğlu 'na 9 yıl hapis cezası verildi. Az değil mi? https://t.co/jQ3du46vW0",nefret
"Bunlara makam aracı diyenlerde diyenlere inananlarda vatan haini ermeni picidir 
Valiler bütün CHP belediyelerinden araç sergisi istesin görelim asıl saltanatı ve hırsızlığı https://t.co/QgC1Bq7Ug7",nefret
"vatanima ugramis yaban eli
kimi suriyeli kimi bilmem nereli
ulkemde garib oldum
suriyeliye ben bu hakki vereni...
#söylememgerek",nefret
Ya Ülkemizde nekadar gavur varmış siz bitiremezsiniz bizi biz Allaha inanırız puta değil bu toprakları alan atatürk değil Osmanlıdır İstanbul'u fet eden Fatih Sultan Mehmet dir . Onlar olmasaydı Türkiye olmazdı  #MustafaKemalAtatürk,nefret
senin BEN KARINI SIKIYIM ORUL ORUK orospuUU çocuguUUU ANINA SOKTUGUMUN CINGENESI siktir git BU TAKIMDAN !!!!! @USER,nefret
"Telekom da ring dönemi yaratın artık ya ortak baz istasyonları olsun. @Turkcell  @VodafoneTR @TurkTelekom  hele hele siz iki firma adınız Türk ama içiniz arap gibi davranıyorsunuz. Ulaşılmadık yer , çökmeyen düzen e geçin.",nefret
"anasının dizinden tahrik olan
öz kızına şehvet duyan
bedevi arap atıkları sevdalıları hepiniz zerefsiz onursuz yavşak hepiniz veledi zinasınız",nefret
"HDPKKnın kürt kardeşlerimizi savunduğu,temsil ettiği KOCA bir yalan/algı dır.PKK ve siyasi uzantısı HDP kripto Ermeni ve siyonist Yahudilerden oluşan münafık/ikiyüzlü,yalancı,sapmış bir topluluktur Esas mücadele inananlar, toplumlar arasında değil, tağuta karşıdır. https://t.co/EdLiYeVv4d",nefret
"#TÜRK KADINI OLMANIN AĞIRLIĞINI HER BEÝİN TAŞIYAMAZ ŞİMDİNİN ÖRÜMCEK BEYİNLİ ARAP AŞIGI OLANLAR(ASLINDA O ÖRTÜNME ŞEKLİ FANATİK YAHUDİLERİNDİR,İSLAM ÖNCESİ ARAP KADINLARI BİLE SİZİN GİBİ ÖRTÜNMÜYORDU=YAHUDİ ÖZENTİSİSİNİZ)#TÜRK OL IRKININ ÖZELLİKLERİNİ ÖĞREN VE UYGULA KAYBETMEZSİN https://t.co/GNh14vVy4j",nefret
"Ermeni teröristin cigerine biçagi saplayip; ""Sana Kürsad'in kinini getirdim"" diye kulagina fisildayan Abdullah Çatli'yi ariyor gözler...
#birannebirdevrimdogurur LINK",nefret
Nasıl da unuttuk amk suriyeli bıyıklısını https://t.co/1yse4DOpcG,nefret
"nazilerin, yahudilere yaptiklari karsisinda yahudi
yahudilerin de filistinlilere yaptiklari karsisinda filistinli olabilmeli insan.",nefret
hayatları ruma yaranmakla geçti hala bugün bile maraş konusunda rum ile aynı görüşü paylaşırlar rumun tezlerini destekleyici araştırmalar çalışmalarla uğraşırlar. bir arpa boyu bunlarda değişiklik göremezsin. bunlarda zihniyet hiç değişmez. rumla hedefleri aynıdır. maraş açılmasın.,nefret
"ermeni MECLISINDE HIÇ TÜRK YOK,BIZIM MECLIS SAGLI SOLLU ERMENI TIYNETLI DOLU, BU ÜLKE DÜZELIR MI?OSMANLI DA ÖYLE BATMADI MI !",nefret
"Mevcut iktidar başımızdan gidip,milliyeçilik narası atıp, arap sevicilerle ittifak yapanlar yok olunca,Türk gibi yaşayıp,Türk gibi davranmaya başlayınca,hepsi olur hocam. https://t.co/REnpJEmoC0",nefret
"Yahudi dizisi izliyorum.
O kadar akilli, uyaniklar ki anlatamam.
Bir o kadar da ahlaksiz ve edepsiz...",nefret
"yavşak suriyeli'ye bak mk, akplilerden daha iyi türkçe öğrenmiş.
#MuhammedNurTutaklansın https://t.co/5i91uTRirW",nefret
Türkiye'de üretimi düsmeyen ve her geçen gün artan tek sey var oda Suriyeli vatandaslarin üremesi. Enflasyonu da bunlar düsürüyorlar sanirim yalniz bunlari ihraç edebilsek ihracat rekorlari da kirariz hani,nefret
m.reha34Ulann ne tipik reklam yarisi ampulcü belli degil mi peki ey isine gelmeyen ampul yandaslari partidekilerin kaç tane türk amk??,nefret
müslümana gavur eziyeti dedikleri bu LINK,nefret
"#GüçlüİradeGüçlüDemokrasi yunan tohumlariyla , gizli yahudilerle , ermeni pijleriyle değil , bu vatanın evlatlarıyla hâkim şu an.",nefret
"Herzaman soylemisimdir,1920 yilinda bu memlekette 11 milyon Turk vardi hepsi fakirdi..1 milyon yahudi/ermeni vardi hepsi varlikli idi.bugun ulkemiz 90 milyon ve bunun 15 milyonu bu ermeni/yahudiler.halen gucluler.o yuzden saldiriyorlar! #HirsizBabanizdir",nefret
"Katara Satilan Sirketlerimiz
1-Finansbank
2-Digiturk
3-Abank
4-Banvit
5-BOYNER
6-ANKAS
7-BMC
8-ERGO
9-TANK PALET
Toplam 121 STI

Bogazda 27 Yali
22.000 km2 Arazi

Israile Satilan
Filistin gibi
Vatanimiz satiliyor

Simdi de 2 milyon Suriyeli
Yeter artik
#suriyelileriistemiyoruz LINK",nefret
bugün izmir'in kurtuluşunun 97. yıldönümü. büyük taarruz sonucu türk ordusu yunan işgali altındaki izmir'e 9 eylül 1922'de halkın sevinç gözyaşları içerisinde girerek düşman işgalinden kurtardı.,nefret
"Papa hazretleri Islam Cografyasini dolasiyor. Son 20 yilda 3 milyondan fazla Müslümani katleden hiristiyan-Yahudi bati emperyalizmi Papaya bölgedeki hiristiyan-Yahudilere, baris içinde yasayin dedirtiyor. Kçlari o kadar açiktaki insanin aci aci gülesi geliyor.",nefret
Benim dini bütün müslüman kardeslerim yiyin ha yiyin utanmaz arlanmazlar LINK,nefret
Hocali tanigi Ermeni mezalimini dünyaya aglayarak anlatti LINK LINK,nefret
öyle bir gasp şebekesi ile karşı karşıya devlet ve türk milleti. ne olduğu kim olduğu belirsiz yığınlara da yoksul halkın parası ile kiralık araç clio tahsis edilmiş. bundan sonra sırada suriyeliler olabilir hatta arap ermeni yahudi yakınlarınızı da bekliyoruz. lütfen!,nefret
"Aynen basimiz sagolsun sehidimize Allahtan rahmet dileyelim kapatalim konuyu bu kadar basit di mi. Ülkede 5 milyon tane ise yaramaz Suriyeli yesin içsin gezsin bizde gidip onlarin pisligini temizleyelim, kisa bi bas sagligi mesaji yayinlayalim konuyu kapatalim valla güzel dünya LINK",nefret
oabt.TürkDa harem istiyorsan baska yerde barin.  sapik ,nefret
Rumlar ve Yunanlilar alismislar zahmetsiz kazanmaya bakanlari bile dolandirici nasilsa Avrupanin keriz devletleri veriyor miçoda ona buna yalakalik yapip para dileniyor ????????????,nefret
"biri pedofil finansörü
birine arap tecavüz etmiş yataktan canı istediğinde çıkıyo
birinin zaten normalde kendine hayrı yok.

Hah işte beni bu üçünden birini seçmek zorunda bırakan eyy kozmoz ben sana ne diyim 

Ne ettik La biz sana",nefret
Diyar belediyesi önündeki çocuklarını arayan anneleri destekliyoruz o insanlar biliyorlar ki kurtluk ile bu işin alakası yok ermeni ve yahudi işi  oy vermeyin kurt kardeşlerimiz sizi acımayan hizmet etmeyen geçiminiz ile ilgilenmeyen bir parti değil niyetleri belli,nefret
Sadece Arap takımlarından oluşan bir kupon yaptım arabın hayrını burada da göremezsem sikerler böyle kardeşliği,nefret
Ne kadar boş konular.Yok falcoa yok transfr yok futbol yok basketbol.ya bir doktor nöbetini para karşılığı suriyeli bir doktora sattı.o da küçück bebeğe antibiyotk verip öldürdü.bndan daha önemli ne olabilr.yrn sizn de veya sizn çocuğnzn da başına glbr  #aliemiricinadalet,nefret
"Tweet'i Atan Şerefsizin Profili 😡
Ülkemde Suriyeli İstemiyorum ‼️ https://t.co/qGG8Jr4EV2 https://t.co/1Q8wxdKeMo",nefret
"siz niye susuyorsunuz? ""bunlar kürt degil bunlar müslüman degil bunlarin din ve imanlari yok amerika'ya çalisiyorlar. bunlar gavur gavur."" #evlatnöbeti #annelerdireniyor #birkezolsuntepkikoyun",nefret
Arap seviciler siktir olsun gitsin arabistana.Türkiye’nin dili Türkçe’dir. #TürkDilBayramı,nefret
"cigdem.er.TürkPara ?? gibi olunca, nereye harcayani bilememis, inanilir gibi degil ya?",nefret
Suriyeli kardeşlerimiz derken?? Kardeş mi? Abimin kafasını kesen kardeş mi?? Çöller de Askerlerimize kan kusturan kardeş mi?? Boğaziçin de Bombalama yapalım diyen kardeş mi?? 5 yaşında ki erkek çocuğa tecavüz edip ölmesine sebep olan kardeş mi?? Seni Barındırmayız Haberin olsun.. https://t.co/e9arA8e9zC https://t.co/4f6UGlB0gB,nefret
"Alasehir Ilçemiz, 22 Haziran 1920'de Yunan isgaline ugramis, 2 yil 2 ay 13 gün isgal altinda kalan Alasehir halki büyük kayip vermistir. Tüm zorluklara ragmen 5 Eylül 1922de özgürlügüne kavusmustur. Aziz sehitlerimizi rahmet ve minnetle aniyoruz. 
#Manisa #Alasehir LINK",nefret
"29 yil önce Hocali'da Ermeni isgalcilerin vahsi katliaminda, hayatlarini kaybeden 613 Azerbaycanli kardesimize Allah'tan rahmet diliyorum. Unutmadik, unutturmayacagiz... #HocaliKatliami #hocalikatliamiinsanliginutançgecesi LINK",nefret
gizli yahudi ve mason teşkilatının servet ve hakimiyetiyle mühim rol oynadığı fransız inkılabı aslında basit halk hakimiyeti ve terörden başka bir şey barındırmamıştır.,nefret
Ne kadar ermeni tohumu varsa tweetin altina toplanmis. LINK,nefret
"Ateistlerin, dindarlara dedigi, ""sizin Allah'inizi kabul etmiyoruz"" itirazindan baska bisey degildir. Sanki o ""mitos"" varmis da, Ateist nâm züppeler onu reddederek kendilerine kisilik sagliyorlarmis gibi bir sey... Çüss ulan, bu züppeligi kimse yemez...",nefret
Eeee HDP siçtiginizin resmidir bu. Simdi neyi savunacaksiniz terörist ermeni tohumlari. #AnnelerleBeraberizYaSen,nefret
Rum çocuğu diyor ki milleti baristiracam sen kimsin lan alçak şerefsiz türk kürt kardeştir sen kimi baristiriyorsun. Rumları diyorsan onlar senin dostun git barış.,nefret
"ailemde türk töresi geregi 
arap bedevi atiklari gibi
amca
dayi
hala
teyze
gibi akraba evliligi adi altinda ensest iliski türü olmadigi için
dedelerim
rum
ermeni
kürt
çerkez 
kizlari ile evlilik yapmistir
bu yüzden
yörük rum ermeniyim kürdüm kisacasi anadoluyum ben",nefret
"Atami sevmeyen yunan çocuklari sunu unutmayin 
Biz Atamizin izindeyiz biz ölmedikçe ne bayrak iner ne ezan susar ne de size buna firsat veririz
Yasa MUSTAFA KEMAL PASA 
LINK",nefret
Su Kibris dizisi eger güzel olursa Yunanlar ve Rumlar iyi zirlayacak belli ki,nefret
hatun sen Allahindan bul bunu Türkiye affetmez silinirsin insallah bu piyasadan ellerin kirilsin adi herif sen ne tür bir sapik mahluksun ??be bok oldugunu zaten biliyorduk nihayet Sila da söyledi ne kadar adi oldugunu,nefret
Bir müslüman da hirsizlik yapmasa ya.. LINK,nefret
"Suriyeli yavsaklarada beklerdik bu muameleyi.
#AsagiBakmayacagiz... LINK",nefret
"#AnnelerDireniyor hdp pkk'ya terörist yetistirmek için ,onlara saf gariban kürt çocuklarini kandirip daga kaçirmak için kurulmus kravatli teröristler toplulugudur,pkk'nin siyasî kanadidir.Hdp'de müslüman kürt yoktur alayi ya ateist yada ermenidir. LINK",nefret
"Sikeyim Filistininizi de Arap aşkınızı da 
Hiç bir Arap benim hiç bir şeyim değil amk çocukları ..Yeter ulan ...Akıllı olsalarmış ta işgal ettirmeselermiş ülkelerini ..Bir daha Filistin yazan olursa anasından girer bacısından çıkarım ..",nefret
gyl_fer @USER yok pezevenkler den kadin kurtarirdi ??,nefret
"Türkler'in sefkat, merhametini gören üç binden fazla Frank'in Müslüman oldugu rivayet ediliyor. Rumlar'in hiyanetini ve Türkler'in insanligini anlatan Haçli yazar: ""Ey hiyanetten daha zalim olan merhamet!"" feryadiyla Türklerin sefkatle Hristiyanlarin dinini satin aldigini yazar.",nefret
Besiktasin basina bu hukumet sayesinde rant saglayip para bulan sonradan gorme arap gelecegine kapatin klubu kepenklerini @USER LINK,nefret
Kripto ermeni piçi,nefret
"Eger bir müslümana bütün haçli,yahudi,emperyalist ve içimizdeki artiklari saldiriyorsa bilinki o dogru yoldadir.",nefret
"#Falcao için #Galatasaray ve taraftarlari ile dalga geçip videolarinda kahkahalar attiktan sonra""Göt""olan @USER
Ayni zamanda yumusak yunan tohumu oldugunu gösterdi. Üzerindeki paok yunan formasi kaniti.
Delikanli adam bir takim tutar
Deligikanli da yunani tutar. LINK",nefret
Bugün Kuvayi Milliyenin temelinin atildigi Balikesirin yunan isgalinden kurtulusu. Kutlu olsun @USER @USER LINK,nefret
 _furkannkorkmaz keske cinconlu olsa bu bildigin çöl den gelen arap amk????,nefret
Türkiye Basketbol Takiminin sarkisini niye suriyeli bir kürt söylüyor?,nefret
suriyeli teröristleri besleyip ögrencilere terörist demek nasil bir ironi. #AsagiBakmayacagiz,nefret
"#AnnelerDireniyor Allah yardimcilari olsun insallah

 hdpkk kapatilana kadar  devam Ermeni usaklari vatan hainleri bölücüler",nefret
yasemin.ile.cihan Türkiye seni niye en güvenilir ismi yapmadi hadi canim hadi kendi tekkende yüz kimseyi sen biyere bir halta gönderemesin milletin ekmegini parasini sen veriyorsan senin himayende ise dogrudur gönderirsin sidikli seni iyisin sen olsaydin Türkiye'nin en güvenilir ismi o okul yaptirdi seda sayan Aysel gülsaçar sen ne yaptirdin eski cumhurbaskani Abdullah gül açilisi yapti ve plaket verdi Arnavut kisisi n madem bir yara,nefret
lan türko bırak yenikapı'yı clio'yu suriyeli kardeşlerin geliyor eller ceplere,nefret
duygu_burakk_ay tabi torpilin var öyle babami da Türkiye güzeli seçerler. Özgüven patlamasi kim kaldiriyor bunlarin kiçini ya??????,nefret
"Sakazuki, Sengoku, Yamato... Olum japon isimleri çok karizmatik değil mi ya (Yazıldığı gibi okunuyorlar). Bize bak hüseyin ahmet hasan... Aq arap isimlerinin. Söylerken hava bile ciddiye almıyor aq.",nefret
Siz Türkiye'nin kara yüzüsünüz ermeni kanlılar @TFF_Org,nefret
"13 kişinin öldüğü 13 Mart 99 Mavi Çarşı, 6 kişinin öldüğü 30 Mayıs 07 Anafartalar Çarşısı, 18 kişinin öldüğü 27 Temmuz 08 Güngören PKK saldırılarını da, 7 Ağustos 82 Esenboğa, 15 Temmuz 83 Orly Asala saldırılarını da anmaz. Her halde ölenler Türk öldürenler Kürt/Ermeni olduğundan",nefret
Ne kadar suriyeli varsa anasini sikeyim...,nefret
"4 Milyon insani IRAK ta Katleden 
YÜZ BINLERCE KADINA TECAVÜZ EDEN Hiristiyan aleminin Lideri PAPA 
Simdi Irakta Baris ve Kardeslik mesaji veriyor.

Ve bu ziyaret Irakta Büyük Cosku içinde karsilandi.

En küçük bir pretesto yapildigini duyan gören varmi? LINK",nefret
sabah akşam namaz kılıp dua edip ülkemizi soyan müslüman hırsızlık çetesi #türkiyeningeleceği hakkında konuşamaz,nefret
British exit sonrasi Ankara anlasmasi ne olacak Avrupa birligi ile is için giden Türklerin durumu ne olacak?! Ingiltere ekonomide küçülmeye giden Avrupa'nin karsisinda brexit ile akillica davrandi. Tembel Yunan ve boktan Bulgarlari beslemeye devam edin,nefret
"Balıkesir’de Suriyeli Açıkgöz sahte dolarlarla ceviz fidanı almaya kalkarken yakalandı.

Allah Suriyelilere Türkiye’ye getirenlerden binlerce razı olsun Çünkü onlar dolandırıcılığa da başladı

 https://t.co/qUFw19FCgt, https://t.co/rvpvwC0fbQ ve https://t.co/DCqiCs48Tr da  Okuyun https://t.co/1k2kl1SMpk",nefret
Bu ülke Arap ve Suriyelilerin topyekün nargile fosurttattigi mekanlarla dolu ve bir çogu ruhsatsiz.gördügünüz yerde bikmadan sikayet edin bu nargilecileri.arap soysuzlarina nargile serbest ama bize sigara yasak.yok öyle #sigara,nefret
"Türk nesli geçtigimiz yüzyilda bir çok kez budandi: Ermeni soykiriminda, Yunan isgalinde çetelerce, Sarikamis'da, Çanakkale'de,sag-sol çatismasi görünümlü amerikan iç savasinda, daga çikarilarak pkk adi altinda Kürt gençlerinin hedef haline getirilmesi ile,#BirKezOlsunTepkiKoyun.",nefret
Derhal Nihat Özdemir’i görevinden alın bu adam çok tehlikeli Galatasaray ın başını yakmaya gelmiştir suç işliyor şu an yahudi kılıklılar,nefret
yilmazzer Türk siktir git..,nefret
Bu Suriyeli karilarin götü neden büyük acaba vay amk,nefret
Bide suriyeli o.ç LINK,nefret
"Müslüman'im diyen birinin ,yahudi kanaliyla beslenmesi akla ziyan bir durum#YalanciFOXTV",nefret
"Bu Millet ne çektiyse hep Kripto Ermenilerden çekti..
Cumhuriyetin ilk yıllarında, sessiz sedasız yüz binlerce ermeni Türk vatandaşlığına getirildi.. Soyları araştırılsın, Devlet görevi verilmesin, Alevi ve Sünnilerin içlerinden ayıklansınlar! #28Şubat",nefret
yarin 9 eylül izmir'imizin yunan isgalinden kurtulusunun yildönümü... türkiye cumhuriyeti'mize kutlu olsun...,nefret
Türk milleti ne zaman asagi bakti yahudi tezekleri?? #AsagiBakmayacagiz,nefret
"HDP ye destek veren,onlara kucak açan, mağdurmuş gibi gösteren herkes ama herkes, bu ülkenin başına bela, birer yahudi tohumudur.
Ya bismillahsız gelmiştir dünyaya,ya haram ile büyümüştür..
 https://t.co/BwS8XXKYf0",nefret
"??Sadi SOMUNCUOGLU yazdi:
Avrupa Parlamentosu 1987de, yargi karari olmadan, oylamayla, Ermeni yalani soykirimi kabul etmemizi istedi. Oysa, 87 yil önce, 1920de uluslararasi yargilama için Ingiltere Kraliyet Bassavcisi görevlendirilmisti
LINK",nefret
Akp nin kocalaridir suriyeli  picler LINK,nefret
#muharrem önceden güneşe göre oruç açılırdı sahur falan olmaz yeme içme sınırlı idi iftar diye bir kelime geçmezdi iyice sünni dine uydular alevi kızılbaşlar yakında top da patlatılır kiminle gezersen ona benzersiniz,nefret
"Kendi çocukları en pahalı kolejlerde okurken,gariban analara ""sözde"" Kürdistan vadeden Ermeni bozuntularına #BirKezOlsunTepkiKoyun",nefret
"Bu yıl şubat ayında İstanbul'da temeli atılacak.

Hürriyet gazetesi 2 defa Suriye'den 2 milyon Ermeni'nin Suriyeli Arap kimliğiyle Türkiye'ye geldiğini yazdı, kimse umursamadı...?!

UYANDIN MI⁉️⁉️",nefret
artik devletin mali olacak simdi boku yedik yahudi tohumlari tohumlarimizi yok edecek,nefret
200 liraya suriyeli eskort çagiririm LINK,nefret
mavihuysus@USER beyefendi bu kerim Can ordususunuz Türk halkinin gözü sokan takim demet Akalin takimi evinde dibin de her an ay kiz diye diye korkum su ki bu kerim canin neyi güveniyor iç içekine ilaç atar Okan lan samimi poz verir delil yapar yemin lenf beklim de göz bile koymus dur sakit beyefendi sen biliyorsun tecrüben var izzet e deger verdin ne yapti düsmanin lan vurma çalisiyor o düsman da pörsü seren bu gay gizlin hiç bir lafina itimat edilmez bu kerim Can bir dans ediyor götünü tam ekran çekiyor lar tikiler Allah belasini diyor ayale baganima sikâyet ediyorum @USER sayan tiki ler temiz lensin sayin baganim gelme görmelerimizi muaf dediler sayiklar efendim,nefret
yasemin.ile.cihan@USER gündemde isiyle degildi satarak gündemde seda gibi vergi rekortmeni olaydi ya Türkiye'nin en güvenilir unvanina sahip tokatta Aysel gülsaçar tam programli okul açti Abdullah gül açilisini yapti plaket verdi bu yesim yapmis uzamlarin gelini oldugu dönemde de böyle millete satasa satasa biyere geldi ne yapmis yesim müptezel eskiden uyusturucu kullaniyordu ve esinden ayrildi 90 li yillarda bunun haberleriyle çalkalandi çocuklugum yesimin uyusturucu kullaniyor haberleriyle geçti,nefret
"Ermeni döl""leri #ÇocuklarımızıGeriVerHDPKK",nefret
Arap ülkelerine atadiklari kral gibi koydular basimiza yahudinin en krosunu. LINK,nefret
#SanatçılarDiyarbakıra asla gitmezler hiçbiri vatansever değil hepsi devlet düşmanı çoğu ya Yunan ya da Ermeni tohumu biz de onları besliyoruz,nefret
Kendi ülkemde bile suriyeli muamelesi görüyorum ana sayfam ful suriyeli. ??,nefret
#deprem sözde türk olan #turktelekom çalışmıyor elin ingilizinin #Vodafone nu zehir gibi. Arap a uyar iş yaparsan 5.8 de ortada kalırsın. Not: yer Kayseri,nefret
ALLAH’sız şerefsizler. Yahudi KOÇ’un Türk Milletini Futbol üzerinden ayrıştırmasını izlemeyeceğiz. O koltuklara sizi ters çevirip oturtacağız o.ç.’ları  #nihatözdemiristifa,nefret
"Ege’de Yunan oyununu bozan Türk!

Yunanistan’a adaların tahliyesi için “Nota” verdi! İngiltere’de yaşayan Türk hukukçu Kemal Gürpınar, Ege Denizi ve adalarda “Yunan oyunu”nu bozmak amacıyla Yunanistan’a adaları... https://t.co/g5ixsCp1x3",nefret
Ne kadar suriyeli varsa anasını sikeyim...,nefret
"1915te Vanda, 1992 de Hocalida katliam ve Soykirim yapanlar ayni. Ermeni Katiller yaptiklarinin hesabini bir gün mutlaka verecek.
Hocali Katliaminin 29.yilinda Hayatlarini kaybeden Soydaslarimizi Rahmetle aniyoruz.
Mekanlari Cennet Olsun. LINK",nefret
"Hümanist geçinen ve bizi irkçilikla suçlayan arkadaslar, caniniz yaninca mi anlayacaksiniz? Bu oyunu ne zaman göreceksiniz? Suriyeli mülteciler Türkiye'yi araplastirma projesidir. Önce Akp den , ardindan da acilen Suriyelilerden kurtulmamiz gerekiyor. Ülkelerine dönecekler",nefret
Ey arap Allah senin zevkininde kültürününde  seninde belani versin. Içimizde sana yasamina özeneninde .. LINK,nefret
"🖊Sadi SOMUNCUOĞLU yazdı:
Avrupa Parlamentosu 1987’de, yargı kararı olmadan, oylamayla, Ermeni yalanı “soykırımı” kabul etmemizi istedi. Oysa, 87 yıl önce, 1920’de uluslararası yargılama için İngiltere Kraliyet Başsavcısı görevlendirilmişti
https://t.co/MV2xdm7vQK",nefret
Kürt kardeslerim hdp size düşmandir... https://t.co/GWWO6PnmCc,nefret
"suriyeli hastanin irili ufakli 7 tane çocugu oldugunu gören yasli bir hastam ""kizim evlenip bunlardan fazla dogurmaniz lazim yoksa geçemeyecegiz bu amina koyduklarimi"" dedi. asfsada dayi bu bana yükledigin nasil bir sorumluluktur",nefret
"Memleketi öyle bi bataklığa soktular ki, ya zam geliyor yada Suriyeli geliyor..

Allah yar ve yardımcımız olsun..!!",nefret
"Yörük Ali'nin, Demirci'nin, Çete Ayse'nin Aydin'in daglarina ovalarina yazdigi bir destandir 7 Eylül. 
Yunan mezaliminden kurtulusun simgesidir 7 Eylül.
Mustafa Kemal Atatürk ve Aydin'in Efelerine selam olsun.
Ne Mutlu Türküm Diyene !#7EylülAydininKurtulusu",nefret
"Evlerde öğrenci #yokmușgibi
Çalışan insan #yokmușgibi
Ülkede canlı #yokmuşgibi
Gidip suriyeli ye desdek vermek ne demektir
Ülkemizde 4 milyon suriyeli neden duruyor
Biz asgari ücretle çalışıyorken
Sarayın adamları neden 4 yerden aylık alıyor
Ülkeden insan #yokmuşgibi",nefret
#Susamam Bu susamayanlar susmayın tabi ama bazı gerçekleride görün.mesela hdp önünde bekleyen anneleri görün hain pkk ya ve hdp ye terörist demeyenleride görün.ermeni soykırımını unutmadık diyenleride görün görün vatan hainlerinide artık onlarada susmayın vatana sahip cikalim,nefret
"anaların feryadı hdp ve pkk'yı bitirir. akit'e konuşan kürt siyasetçiler ""kürt analar hdp pkk'yı 81 ilde kapatmaya hazırlanıyor"" dedi.",nefret
"Çukurova’da Fransız İşgali ve Ermeni Zulmü – 1. Bölüm 
https://t.co/IpCTUfnnA6 https://t.co/83YEzfONzc",nefret
bir de profesyonel yazmis siktir git bu takimdan  çingenesi istenmiyorsun siktir git yeter lan,nefret
ruveyda.vural@USER Siz isterseniz agziniza degil baska tarafiniza sokabilirsiniz o çatali. Asil sokaktaki canlar biz insanoglunun pisliginden mikrop kapiyorlar hadsizler Müslümaniz diye dolanirsiniz ortada Rabbimin yarattigi çatal kullanmis diye af kurursunuz önce götünüzü yikamayi ögrenin.,nefret
hükümet diye devleti yıkmaya çalışan terörist canan kurtarsın üzüldüğün ermeni vatandaşların yaradana sığınırız sizin gibi bölücü teröristlerden,nefret
"Bu ne simdi,bu rum bozuntularina giren çikan ne simdi LINK",nefret
"300,400 senedir bu topraklarda killarina dokunulmadan yasamis,bu ülkenin her seyinden faydalanmis Ermeniler,yahudiler,rumlarin dölleri suan Polisimize ve Devletimize saldirmaktadir.

Merhamet güzeldir lakin fazla merhamet yüzsüzlük getirir.

#DevletiminYanimdayim",nefret
"Bunlar kürt değil zaten Ermeni. İkiyüzlülük, hainlik kanınıza işlemiş. Pkk veya hdp kendini bilen vatanını seven, hiçbir yurttaşın sesi olamaz..",nefret
"Haydi hayırlısı ermeni başı deccal aponun karayılanı bayik 
Kıstırildi müjdeli haber https://t.co/ysnORDr8pz",nefret
"Keske hepsi bu kadar yürekli cesur olabilseydiler simdilerde bu ermeni pkk sorunu çok farkli boyutlarda olabilirdi !!! 
InsaAllah bu dirayetle devletimizinde mücadelesiyle bitecektir !!! LINK",nefret
ya adam çikmis hala 40 milyar dolar harcadik suriyelilere diyor yaaa millet aç aç banane senin suriyeli ensar kardeslerinden ben bunlari cuma namazinda bile görmüyorum ensarmis ben de osmanli torunuyum benim hakkimi neden vermiyor devlet neden gasp ediyor onun hesabini ver!,nefret
"#CumhurbaskaniIstifa

Suriye li Ammanli nerde issiz güçsüz sapik arap varsa ahira alir gibi ülkeye doldurdunuz dis politika da yere battiniz içerde ayrim yaptiniz ekonomide karsi devrim yaptiniz ülke sifiri tüketti zenginlestiniz vergi üstüne vergi soktunuz biktik da.",nefret
Hz osmanî şehid ettiren de hz Ali ile hz Aişe yi savastiran da hep yahudi oyunları idi. Müslüman rolüne girip binbir oyun yapmışlar şerefsizler.  Taa o vakitten başlamışlar bizle uğraşmaya ..,nefret
Türkiye'nin Suriyelileri adanalılardır. Kime sorsam ya Adanalı ya da Suriyeli,nefret
#TürkiyeninNabzi CHP demek yerine göre PKK yerine göre feto yerine göre Ermeni olur Türkiye'nin basina gelmis en büyük felakettir,nefret
Çarşaf yahudi seviciliğidir.,nefret
"1 Milyon Suriyeli Sinira Dayandi !  Halk Ne Diyor ? LINK via @USER
IPINI KOPARAN GELMIS
KENDI ÜLKESINE HAYRI OLMAYANLARI TÜRKIYENIN BASINA BELA ETTILER
SIMDI HERKES ISYAN EDIYOR
AMA ONLARI DOLDURANLARI IKTIDAR YAPANLARA AZ BILE",nefret
"Bilemediniz bu Hinçak Ermeni dönmesinin kiymetini...
Adam ""Kürt sorunu var bu ülkede"" diyor ve Kürt kökenli (Kürt de degil Hinçak Ermenisi) bir Anamuhalefet partisi lideri olarak ülkenin B.Sehirlerini %70'i Devletin ona nasil ona teslim ettigini görmüyor!  LINK",nefret
Boğaziçi üniversitesinde ki olayı basit görenler Ermeni yahudi ataistlerin döllenme lerinden oluşan  rafazı pçlmlrdr,nefret
Bu işgal deyilde ne ülkemde afgan suriyeli ıraklı pakistanlı Afrikalı toplam 13 milyon mülteci ve sığınmacı var bu işgal değilde ne ATATÜRK yaşasaydı Çanakkale savaşına girdiğine binmiş an olurdu,nefret
Moda Arap seviciligi yapmak https://t.co/d2g5P1Rg3M,nefret
Muhtesem bir miting düzenlemissin #EkremImamoglu baya baya Fransizlarin öncülerinde bir miting olmus. Ülkemizin paralari nerede görüyoruz biz yerli araba üretsek bile yine batinin ürettiklerinden vazgeçmeyiz. O kadar parayi fakir fukaraya ver hayir dua kazan?? Suriyeli kere degil,nefret
"suriyeli, şeriatçı, kafa kesme meraklısı, paragöz bir mülteci olsaydım daha fazla değer görürdüm ülkemde, aynen dewamkee...",nefret
"Pis sapik, senin gibi sapik görmedi Türkiye",nefret
"#AnnelerDireniyor Allah yardımcılari olsun inşallah

 hdpkk kapatilana kadar  devam Ermeni uşakları vatan hainleri bölücüler",nefret
"Rum tohumlari!!!
Maksat Cuma namazina gidilmesin.
Alçaklar!!! LINK",nefret
"Bunu yazan bir Suriyeli. Bir Türk yazsaydı sabaha karşı kapısında biterdi TEM polisleri haklı olarak.
Bu küstahın Suriyeli olması mı sizin harekete geçmenizi engelleyen?
@TC_icisleri 
@adalet_bakanlik https://t.co/QIdsdBNgii",nefret
geçen arabin birisi seni takipçi grubuna ekleyeyim mi dedi. ekleme ag.rum senin dedim. arap hesaplari lütfen beni takipçi grubuna eklemeyin.,nefret
sabah aksam namaz kilip dua edip ülkemizi soyan müslüman hirsizlik çetesi #türkiyeningelecegi hakkinda konusamaz,nefret
"Suan gündemde algi yapmak için diyaneti elestiriyorlar.
Bilmiyor ki serefsizler kendilerinin yunan ermeni tohumu olduklarini sonra diyanete laf ediyor ka....ler.
Rabbim dinsizleri donsuzlari insan olmayanlari islah etsin bu vatan bizim bu ülke bizim.
Ülke biterse biz biteriz.",nefret
#IMAMOGLU Benim paramla Suriyeli ise alinacak.Alana da tesvik verilecek.Bu yahudi usakligi degil de ne?,nefret
"Allahina kurban! Agzina saglik onlar;  ingiliz, yunan tohumlari.. LINK",nefret
Bu hükumetin verdigi zarari yunan ingiliz ermeni vermedi bu ulkeye #CografyaDersiZorunluOlsun,nefret
"Sana bir beyit yazdım @ekrem_imamoglu,
 Dikkatli ol Yunan evladı,
 Pejmürde olmana az kaldı.",nefret
"Sen kimsin Suriyeli serefsiz,gelmis benim ülkemin evlatlarina laf ediyorsun 
O kadar serefli gururluysan git ülkende savas ....

 #MuhammedNurTutuklansin
#AsagiBakmayacagiz LINK",nefret
"Safiye Ademoglu(35) Türkyilmaz,dünyanin en büyük yolcu uçagi Airbus A-380i uçuran ilk Türk kadin pilot oldu.
Dangalagin biri de çikmis, kadin""90 km.den fazla araba kullanamaz""
diyor.

Sen daha Türk kadinini taniyamamissin.??

Arap kadini ile 
karistirma.?? LINK",nefret
#Sustunuz çünkü siz yunan asigisiniz TÜRKIYE CUMHURIYETINI sevmiyorsunuz,nefret
"Budur.
Astim, nezle karisimi bir hastaligi, insan eliyle laboratuvar ortaminda üretip, virüs yaptilar.
Acaba, dünyayi yönetip, soyan yahudi, hirsiz caniler, dünyanin yönetimini kaybetmemek için her pustlugu sergilediklerine, terör, savas, kanli, kirli isler çevirdigine göre? LINK",nefret
#Kabe savunmak ilahi adalet #kabemize #saldiranlar içimizdeki yahudilerin tohumlarıdır #ismet #inönü  ilk diyanet işleri başkanlığına #yahudi din #adami #hahami göreve getirmiştir https://t.co/4vKP5zWmNL,nefret
besiktas bir türk kulübüdür ve basina kulübün degerini bilecek olanlar geçmelidir. dogu karadenizli laz rum dönmeleri balkan göçmeni çerkes kürt arap ve ermeni bu degeri anlayabilecek kapasitede degildir dolayisiyla baskan seçilirken bu durum göz önünde bulundurulmali.,nefret
"Bu PKK denilen kahpe evlatlari, yahudi dölleri, vatansizlar, kansizlar suçu günahi olmayan bebekleri, insanlari öldürürler.
#PKKExecutesCivilians",nefret
"Ben gs 'i Fransiz  bilirdim . Meger bunlar sürekli baklavayi , rakiyi , kahveyi çalmaya kalkan Yunan soyundan geliyormus. Zamaninda dedeleri de 3'ün 1'ini almislardi , simdi de alacaklari bu olur.
#ÜçlüBesiktasinÜçünBiriGsnin",nefret
"Aynen ben de, aynı şeyi yapıyorum. Mesela dün dayım ve yengem 'Afganlar, Suriyeliler ülkeyi mahvetti. Dün bir çocuğa Suriyeli tecavüz etti. Bunlar ülkeden def olmalı falan diyordu.'Yemekteydik,sofrayı bıraktım, arkama bakmadan koşa koşa evlerinden kaçtım. Yoksa fena patlayacaktım https://t.co/AbzXPBSZFi",nefret
"anasinin dizinden tahrik olan
öz kizina sehvet duyan
bedevi arap atiklari sevdalilari hepiniz zerefsiz onursuz yavsak hepiniz veledi zinasiniz",nefret
3 yil 3 ay yunan isgali altinda kalan efeler diyari AYDIN inimizin kurtulusu kutlu olsun LINK,nefret
"Susa'nin isgalden kurtuldugu gün..
Azerbaycan askerleri ve yerde yatan Isgalci Ermeni teröristi LINK",nefret
Suriyeli teröristler günü geldiginde islerini yapacak haberiniz olsun hiç bir ülke 5 milyon insani bosu bosuna beslemez,nefret
Sabateist Adnan Oktar çetesi kanlarımızı toplayacak itibarda ve güvenilir değil..İnternete bakınca tek bir isimle halkı bu rezalete ikna etmişler başka bir Yahudi asıllı Hülya Avşar kampanya yapıyor..Hülya para karşılığında halkın kanlarının satılması olayına girdiği görülüyor..,nefret
"Küçüktük güzeldi hayat
Büyüdükçe güzel günler gelecek dediler
Ne gelen var ne giden ??
Ya zam geliyo ya Suriyeli ??",nefret
Kentparkin üstündeki köprüden geçiyorum. Buram buram nargile ve Suriyeli kokusu.,nefret
yeni mağdurlar yaratılıyor ki abd'nin rotası belli... aklımda bugünkü mağdure ile ilgili seçimlerde kürtçülük yaptığıdır. kürtçülük abd mandacılığı ingiliz emperyalizmine hizmettir.,nefret
"Bugün Sirin Nazillimizin Yunan isgalinden ve zulmünden kurtaralisinin 97 yili, 5 Eylül, Cumhuriyetin ayak seslerinin geldigi yer, Nazilli, Büyük Bayram'in kutlu olsun",nefret
Ya seni bu takima alip getirenin ta aq ben bir kurtulamadik senden,nefret
"Oysa yahudilerin anadoluya gelisi Fatih devri o da ticari maksatli.
Sahruh Oguz soyu ile degil Mogol Cengiz soyu ile övünür,temel tarihi bilgilerden yoksun. Türk Timur ve ogullari Mogol siyasetini tercih etmis yazdik bilgiselde

Tarihimize açik düsmanlik yahudi severlik var LINK",nefret
"Kürdü, Lazi, Çerkezi, bir agacin dallari,
Bu agacin adi Türk, daha çoktur kollari. 
Agaca balta vuran Ermeni'nin dölleri.

Kürt, Ârif' 'in gardasi, bu gardaslik duracak. 
Ya bu kani durdurun, ya millet durduracak.

Ozan Ârif",nefret
Ege'nin #Yunan isgalinden kurtulusu haftasinda YeniCHP'li belediyeleri Dersimli #BakkalKemal izinde halka küfrediyor! #Kusadasi'nda #ÖmerGünel antik dönem #MegaloIdea merkezi Pan-Iyon'da belediye meclisi topluyor. #Selçuk'ta #FilizCeritoglu Yunan Müzik-Dans gösterisi. Alçaklar! LINK,nefret
"Tweet' ir #KahrolsunPKK tag'ina sansür koydu, tag kayip !

Köpeklerin Sahipleri rahatsiz oldu ....
Lakin itin sahibi de ayni olunca engelliyorlar..
Yahudi kirmasi hepsi....

#KahrolsunPKK",nefret
Su manzaralara sebep olan ermeni piçleri sonunuz yakindir. LINK,nefret
"Dogudaki o masum o dindar o vatansever Kürtler ermeni kirmalarina galip gelirlerse eger bu Hacire ananin Hacire analarin sayesinde olacaktir. Birgün Kürt kardeslerimiz hepbirlikte özlerine döndüklerinde Hacire ana, diger analara babalara cesaret veren büyük bir sembol olmali.",nefret
devlete silah doğrultan kürdün de islam'a söven türkün de gelmişmiş geçmişini. ne tesadüf her ikisi de sol kafa yahudi kafa. bok kafa.,nefret
suriyeli picler kismi olmasaydi az kalsin inanacaktim ya https://t.co/nzj2nZRNo1,nefret
"Atatürke dil uzatan SOY agacinda bile soyu belli olmayan Soysuz Ermeni ve Rum dönmelerinin yegâne hedefi Atatürk düsmanligi yaparak Türk düsmanligidir. 

Amaçlari Türk Yörükleri Anadolu topraklarindan elbirligi ile çikarip hayalleri olan Büyük Kürdistan ve Ermenistani kurmaktir LINK",nefret
"Bağrı yanmış anne babaların sesini kısmaya kimsenin gücü yetmez!

Türk - Kürt kardeştir nifak sokan Kürt ve Alevi kimliği ardına saklanan ASALACI ERMENİLER dir !

Destekleyenler ise
Başta İngiltere olmak üzere Avrupa
Abd
İtrail
Ve içimizde ki satılmış İT soylarıdır..!! https://t.co/oXZ8M29IT1",nefret
"Peki Aylan bebeklerin boğulup kıyıya vurmalarında başta PAPA olmak üzere Avrupanın, Amerikanın ve tüm hristiyan aleminin suçu yok mu? Bu Müslümanlar ne zaman akıllanacaklar. https://t.co/GW0mWhuwzM",nefret
Iste Trabzonspor sevgisinin tarifi efendiler Yillardir ermeni ve rus zulmüne serefli dik durusunu sergileyen Azerbeycanli bir kardesimizin temiz duygulari LINK,nefret
BAŞLARIM SİZİN kürdistan DAVANIZA... Bunu söyleyen kürt ana o maymun dan dönme ermeni artıkları iyi dinlesin #AnnelerDireniyor,nefret
KIZLAR SEVGILINIZIN DEGERINI BILIN HER GECEN GÜN AZALYORUZ DURUM ORTADA. ÖNCEDEN KURTLAR VADISI VARDI HERKES BABAYDI. SIMDI IBNELER VADISI VAR SONUMUZ HAYROLSUN,nefret
"OSMANLIYA BÜYÜK IFTIRA;
Lübnan'in Hristiyan Cumhurbaskani Michel Avn, Osmanli Devleti'ni hedef aldi. Skandal iftiralarda bulunan Avn, Osmanli boyundurugundan kurtulmaya çalisanlari masum gösterirken isyanlarin bastirilmasini çarpitarak katliam yapildigi iftirasini atti. LINK",nefret
"ecemtkknGavur,kafir, batiya özeniyorsun laflarina sinir oluyorum. Yahu madem kafirler birak elindeki gavur icadi telefonlari,bilgisayari,interneti git magaranda kendi bokunla oyna. Keske bati ahlakina sahip olabilsek. Saygiyi hosgörüyü ögrenir mutlu oluruz. Biz türkler milletin bir seyine karismaya çok merakliyiz. Su güzelim ülkede tartisilan konuya bak. Kafir dedikleriniz bir teknoloji gelistiriyor sonra alip biz de faydalaniyoruz sonra yok onlar gavur cehennemde yanacaklar. Hadi Oradan bedevi Arap özentileri sizi! Dünyaya tek bir faydasi olmayan siz mi cehennemliksiniz? Çiban gibi büyüdüler çagimizin vebasi! Kara cahiller! ??",nefret
içinde yasadigin devlete katil de olmayan ermeni soykirimini tani terörist seviciligi yap domuz eti ye sarap iç %99'u müslüman olan millete hakaret et sehitler için bir kere yürüme türklügü irkçilik olarak gör soran olursa ben kemalistim atatürkçüyüm de o da güzelmis valla,nefret
"sayın engin ardıç kardeşim.son derece önemli bir konuya değinmişsin.bu alçaklar sürüsünün akıl hocası haçlı/yahudi'dir.sahipleri,içimizdeki kuklalara ""saldır co""deyince hep bir ağızdan yalan ve iftiralarla saldırıyorlar.yakında içlerinden birisini kurban ederlerse şaşırmayın https://t.co/F7wFC1tMi0",nefret
"Hatirlatmak isterim ki:
     Irak, Suriye, Yemen, Filistin Afganistan ve Lübnan daki tüm insanlık suçlarının müsebbibi Hristiyan Batı ile Siyonistlerdir. 
   Vatikan'daki Katolik Hristiyan örgütü ile ruhani lideri olan Papa ise işgal ve sömürgeci Hiristiyan cetelerin hamisidir.",nefret
Kanı bozuk kripto ermeni (lerden) bir hain.. https://t.co/MH5pvsLpcu,nefret
Fazla ırkçılık yapmayayım diyerek güne başlıyorum. Gece saatlerinde bir tane ermeni geliyor bütün ayarımı bozuyor. Püh a*k ermenisi. Seni zürriyetsiz piç ananı yurdunu soyunu sopunu ısırayım!,nefret
Serefsiz Yahudi kanali ve Fetochpnin yalanci itleri LINK,nefret
ben hiç suriyeli çiftçi duymadım. ekip biçmek özveri ister çalışmak ister papatya ekmiyoruz. suriyeliler öğleden sonra uyanır sabah 5'te yatarlar. kim çiftçilik yapacak da ekip biçecek,nefret
"#ahaberkapatılsın diyen soysuzlar yahudi gazeteleri sözcü karar gibi gazetelere ses etmezler.
Çünkü bunlar dilleri müslüman kalpleri yahudi olan aşağı tabakadadırlar...",nefret
izmirden kaçarken şehri yakıp yıkan rumlar gibi aynı,nefret
"Suriyeli gençlere değil, Türk gençliğine önem verin",nefret
"Kitap okumayan, diş fırçalamayan, uyanınca yüz yıkamayan, düz siyah baba çorabı giyen, deve gibi ter kokan yıkık orospu çocukları hariç herkese günaydın. Atatürk düşmanlarının ve arap milletinin anasını sikeyim. Yalvarırım anti elit çökelek peynirleri bu tweete etkileşim yapmasın",nefret
Utanirsam arap olayim diyecegim de bu zaten bilinen bir gerçek... Istifa etmezse parsel parsel araplara satilacagiz. #CumhurbaskaniIstifa,nefret
"Budur.
Ortada çalacak para kalmayınca, hırsız soyubozuk şerefsizlerin sayısı da çok olunca, paylaşım kavgası çıkması normal.
Bu durum, abd, rusya arasında bile oluyor.
Ülkemizdeki hırsızların soyu da, zaten çoğu rus asıllı yahudi, hristiyan hain hırsızlar, sinsi kriptolardır. https://t.co/eNriv5ukg7",nefret
“Sözde Laikçilerin” bu milletin inanç ve değerlerine düşmanlığının bir nebzesini vatan düşmanı ermeni tohumu pkk ve fetö’ye karşı göremedik.   #28subat https://t.co/QHFB6T26PW,nefret
Burası müslüman bir ülke biz size değil siz bize ayak uyduracaksınız. Içimizde ki ermeni kırması yahudi tohumlarını bu biraz üzecek ama Rabbim sizin tuzaklarinizı başınıza yıkacak şüphesiz o tuzakları en iyi bozandir #AsımınNesliMeydanlarda,nefret
ünlü ateist yazar profesör richard dawkins'in yapamadığını bütün okulları imam hatipe en çok atama ve bütçeyi diyanet başkanlığına vermesine rağmen 17 yıllık akp iktidarı yapmış ülkede ateist sayısı %700 artmış... onlar konuşur aq partisi yapar!,nefret
ermeni kasari senin ben amk piç kurusu,nefret
"Çünkü Türkiye ilerlemesin, basini kaldirmasin. Türkiye'deki halklar birbirine düsman olsun. Hala Kürtler uyanmayacakmi? PKK HDP bir ermeni kurulusudur. Son olaylarda sizi ayiktirmadiysa sizinde Ermeniden bir farkiniz yok demektir.",nefret
"yalanci
yagmaci
hirsiz
tecavüzcü
pedofili
bedevi asigi
arap yalamasi
hiç bir siyasal i$l@USER kardesim degildir",nefret
"Yıllardır Kürt'ü, Türk'e düşman ettiler. 
Fakat Başaramadılar. 
Pkk Ermeni ve İnançsızdır, Kürtler ise müslüman ve inançlıdır
Kürt'lerle Anadolu'da 1000 yıldır kardeşiz  
bugünse gözümüzü diyarbakıra çevirmeli ve Ana'ların feryadlarına odaklanmalıyız...

#BirKezOlsunTepkiKoyun https://t.co/ELDrk1kK5a",nefret
"Dersimli #BakkalKemal'in #Kusadasi'na tayin ettigi Siverekli prensi #ÖmerGünel Kusadasi'nin #Yunan isgalinden kurtulusu haftasinda halkin akliyla böyle alay etme cüreti gösteriyor:

#KemalKiliçdaroglu #YeniCHP #7Eylül
Halk alçaklari kovacak! LINK",nefret
fakir kürt çocukları dağlara ölüme hdp'nin baronlarının çocukları fransa'ya eğitime,nefret
Reis 18 yilda ne yapti diyenlere tek cevap Ayasofyayi Cami yaparak ibadete açti dedigimizde içimizdeki ermeni çocuklari kuduruyor Allah ömrünü uzun etsin REIS LINK,nefret
Türkiye Cumhuriyetinin görmüs oldugu en büyük orospu çocugusun be ardacim????,nefret
Suriyeli sevgili yapicam en azindan gitmiyorlar amk,nefret
"Zaten Suriyeli piç galiba. Pek ciddiye almayin. ??

#MuhammedNurTutuklansin",nefret
"Tabi bunlar sadece düsünce. Böyle bir savasin uzamasi veyahut farkli silahlarin test edilmesi açisindan belki 3. bir dünya savasina bile yol açabilir. O nedenle dikkatli izlemek gerek...

Tek ümidim Ukrayna basta olmak üzere Rus isgalinin birçok yerde son bulmasidir.",nefret
"Güney Kıbrıs Rum Yönetimi’nin Limasol kentinde Irkçı/İslam düşmanı Rumlar tarafından camimize yapılan alçak saldırıyı şiddetle kınıyorum. 

Türklüğe ve İslamiyete düşman olan Rum zihniyetinin kaybetmesi mukadderdir. 

Bölgedeki soydaşlarımıza geçmiş olsun dileklerimi iletiyorum. https://t.co/PQVLhXsuXB",nefret
"Kıtlama çay
Hurmadan şekere
Mollalara rüşvetle döndü
Böyle bakın her meseleye
Din sömürüsünü gavur daima kullanır https://t.co/2VLLxRjxDV",nefret
Bu adamların bu ülkeye yaptığını yahudi yapmaz  #HakkımıHelalEtmiyorum,nefret
araplardan çektigimiz yetmiyor bi de arap levhasinin anadolu levhasini itmesi sonucu depremle ugrasiyoruz,nefret
"Suriyeli fuhus çetesi Irakli kizi kaçirdi, derdi Türk polisine düstü LINK @USER araciligiyla",nefret
"ERDOĞAN giderse;
Fransızlar Libya'yı
Yunanlılar Akdenizi
Rumlar Kıbrıs'ı
Ermeniler Karabağ'ı
PKK'lar Güneyimizi
Fetöcüler tüm TÜRKİYE'yi İşgal eder...
#DevletiminYanindayim",nefret
"Çanakkale'de Ingiliz'i yendik. Yunan'i denize döktük!
Tüm ecnebileri kovduk...
Ama yine de Osmanli yikildi!.
Tuhaf degil mi?..",nefret
"Arap sevici Diyanet Başkanımız...
Kendi vatandaşlarına bir öğün yardım yapmayan Türkiye Diyanet Vakfı, IŞİD militanlarının toplandığı İdlip'te 100 konut yapacakmış... https://t.co/pek4ki6dWj",nefret
Silktigimin çingenesi,nefret
"Bu seçimde ne yasadik Devlet in içinde Yahudi, Ermeni kriptolar kendilerine Devlet Akli diyorlar ittihatçilar ,
CHP de kökenleri çogu Türk degil, FETÖ, PKK Milli görüsçü ibneler hepsi birlesti, algiyi her koldan yaptilar tarikatleri yanlarina aldilar ve kurumlari ele geçirdiler",nefret
isinize gelince çok güzel susarsiniz chp'li solcu kemalist pkk sevici yahudi artiklari!,nefret
Zaten bu memleket yıllardır ne acı çektiyse  hep ermeni dölleri ve savununucularından çekmiştir. https://t.co/SJkJOdhA1Y,nefret
"Sizce Dünyanin gelmis geçmis
En azili At hirsizi kimdir ?
a) Teksas'li Rum David
b) Ohayo'lu Ermeni Abraham
c) Kasimpasa'li Yahudi Recep LINK",nefret
"Bu kadar issiz Türk genci varken, Suriyeli çalistirana neden tesvik olacak. Suriyelileri isyemiyoruz. Türkiye ekonomisinin çökme noktasinda olmasinin en büyük sebeplerinden biri Suriye'lilerdir. LINK",nefret
10 cgb rüşvet vererek dünkü rezaletin üstünü örtmek tamda zihniyetinizi yansıtıyor. Burada Türk Telekoma laf yok ordaki yobaz yöneticilere lafımız.lafımız ordaki arap ve diğer yabancı sömürgecilere. Türk Telekom birgün tekrar özgürlüğe kavuşacak. #AdamsınTelekom,nefret
senin amina koyayim Çingene orospu evladi siktir git takimdan artik,nefret
"Ermenileri bir millet olarak yeryüzünden silmediğim için gelecekte ya beni alkışlayacaklar, ya da lanetleyecekler.'' demiş Emir Timur Lanetliyorum seni keşke bir tane ermeni bırakmasaydın
#emirtimur #büyükhükümdar #katilermeniler #katilermenistan",nefret
"Her şeyleri algı, her şeyleri yalan.
Yahudi misali menfaatleri için dünyayı yakarlar.
ABD kanalı FOX'dan her gün, ""Millet Aç, Aç!"" diye bağıran bu spiker bozuntusu, yıllarca dayak atarak hayatını zindan ettiği eşine  1.250.000 tazmnat, 15.000'de nafaka ödeyecek.
Hani millet açtı. https://t.co/j24haecNj1",nefret
Bu yahudi dölü kuruyu fazla kaçırmış malûm iblisin kılığına girmiş hadsiz şerefsiz köpek 🐕🐶 https://t.co/aY1WZXP7WG,nefret
Ankara'da Suriyeli bir şahıstan 14 bin paket kaçak ilaç çıktı... #Ankara https://t.co/NEK55u5Dux,nefret
yahudi soykiriminin iç yüzüyle karsilastikça yahudilerle empati kurup üzülüyorum ama yahudiler de bugün hala kendi yedikleri haltlardan biraz utansalar keske,nefret
6 yildir PKK nin tuttugu rehinleri bilen varmi anlatan varmiydi yok yandas medya vur çatlasin patlasin misali aya çikiyoruz. Yezidin hep yaptigi yahudi taktigi magduru oynamak gördünüzmü sehitlerimiz var ayaklari konusma yüzü kalmadi valilere söyletiyor. Bunlari bilerek yapiyor.,nefret
https://t.co/cxI9vkeKPE. Ne diyorsun lan it oğlu it soyu şerefsizin çocuğu Yahudi baro tohumu senin ocağına cehennem ateşi düşsün sen geber,nefret
"Kendi ülkesinden kaçan Suriyeli Isid teröristi müptezele ne zaman islem yapacaksin @USER burasi Türkiye Cumhuriyeti Devleti canimiz sikiliyor! 
#MuhammedNurTutuklansin",nefret
"Suriyeli göçü yüzünden muhatap olduğumuz belayı ve iç savaş tehlikesini dile getirmeyi “dış güçler”e bağlamak ihanettir!

Demografik, mali, sosyal ve kültürel yapımızın dinamitlenmesine göz yummamız isteniyor. Sorunlar büyük, tehlike ise çok büyük!

@suriyelilers",nefret
"#carsamba 
Ermeni pkkli osman bayik 
Kadinlarla kazanacagiz demisti 

Lafin tamami ahmaga söylenir LINK",nefret
Yani demeye çalistigim sey su o son yarasayi yemeseydin iyiydi çinli orospu evladi cümleten hayirli geceler .,nefret
agzina SICIYIM AIKTIR git AMK ARAP CINGENESI,nefret
"Yahudi güdümünde çalisan , Dis mihrap'larin tetikçiligini yapan @USER kanali, yine  Izmirli çiftçi lere yardim yapilmiyor diye bir algi operasyonuna giristi, Bakanlik bu yalan belgelerle çürüttü, @USER'in Dis güçlerin kanali oldugu gerçegi ortaya çikmistir...",nefret
"FOX TV'nin haberinin yalan olduğu, belgelerle ve delîllerle ispat edildi.

FOX TV'nin kendisine âdet edindiği yalancılık, Türk ve İslâm düşmanlığı, her zamanki gibi kendisini göstermeye devâm ediyor.

Seni izleyene yazıklar olsun Yahudi Murdoch'un alçak kanalı! #YalancıFOXTV",nefret
Vahhabilik ve Arap sevicilik bizi bir arada tutmaz. Yaziklar olsun Türkmenistan Kirim dan söz etmeyenlere,nefret
"Ermeni Terör Örgütü'nün siyasi ayağını, yaptığı eylemle kapattıran,Anadolu'muzun yiğit annelerine selam olsun!

"" Başlarım sizin Kürdistan davanıza.
 Fakir fukaranın çocukları dağa, bunlar koltuklarda.Vermiyoruz, size verecek çocuğumuz yok."" https://t.co/TjnwbTRIOy",nefret
"Bu seçimde ne yaşadık Devlet in içinde Yahudi, Ermeni kriptolar kendilerine Devlet Aklı diyorlar ittihatçılar ,
CHP de kökenleri çoğu Türk değil, FETÖ, PKK Milli görüşçü ibneler hepsi birleşti, algıyı her koldan yaptılar tarikatleri yanlarına aldılar ve kurumları ele geçirdiler",nefret
"BÜYÜK TAARRUZ: 4-5 EYLÜL 1922

4 Eylül'de Türk Ordusu Söğüt ve Kula'yı Yunan işgalinden kurtardı.Yunanlılar Akşehir'i yakmış sivil vatandaşları alçakça katlettiler. Ordumuzun takibi ile kaçmışlardı.Aynı gün Mustafa Kemal Paşa Eşme'ye geldiğinde işgalciler barış istemişlerdi. https://t.co/m54uj8ZzBa",nefret
"Çok haklısında canım, hdp nin çocukları zorla dağa götürmelerine de bi söz et be annem. Kürt Analar babalar  feryat figan. Ermeni artığı PKK ve partisinin yaptıklarını da görsen. https://t.co/xcsWSgk607",nefret
"Hiristiyan abd'ingiliz'fransız askerinin Milyonlarca masum ve Mazlumun katlettiği binlercesine işkencelerle zindanlarda zülmettiği ve binlerce kadına kıza tecavüz ettikleri Irak'ta Papa ne arıyor neyin peşinde
Nasıl bir operasyon çekiliyor ve
Hangi yüzle oraya geliyor.",nefret
"Dün sifir arabamla, Konak, Alsancak bir gezeyim dedim.
Her taraf Suriyeli...
Imam bir arkadasa sordum,
""Din kardesleriniz camiiye geliyorlar mi?""
""Sen geliyor musun ki onlar gelsin"" deyip laf çakmaya kalkti.
Hoca bu durur mu:
""Lan onlarla sen din kardesisin, ben degilim ki..!???? LINK",nefret
"Barzani'yi, yahudi bir aileden geldigini için günahim kadar sevmem ama bu ülkeye faydasi kemalistlerden daha fazla olduguna adim gibi eminim! En azindan pkk'nin düsmani!",nefret
 fberkaykosar anladigi dilden konusuyorum ne büyüsü amq arapça senin götünü sikiyim ananin ami demek,nefret
sevda9265@USER türkiyedeki hukuku görüyoruz parasi olanin hukuku var parasi olmayaninda anasini aglatirlar.biz herkesin ne mal oldugunu biliyoruz bana haktan hukuktan dem vurma orospulari savunur hak hukuk türkiyede kanun diye bir sey yok hepsi lafta sen gel Avrupa'ya sana göstereyim hak hukuku anani aglatirlar zengin fakir tanimazlar Türki'deki gibi stilmis hukuk yok burada.,nefret
"LINK
YUNAN KAFALI USAKLARA VERIN DE KIÇLARINDA PATLASIN.",nefret
"Yıl olmuş 2021

Hala daha koronaya inanan varmı yaa ?
2019'un sonunda başladı
Zira siz inanmaya devam ederseniz 2022, 2023
Şeklinde devam edecek bu yahudi mason uydurması

#MaskeZorunluOlamaz",nefret
"Yeryüzünde dinler olmasaydi insanligin kaybedecegi tek bir sey söyleyebilir misiniz ?  Insanlari müslüman, hristiyan, musevi diye ayirip bir digerinden nefret ettiren ve hatta alevi sünni diye fisleyen din, tarihi kanla yazilmis din.",nefret
"BÖL-YÖNET-SOY taktiği!
Bir ülkeye zarar vermek istiyorsan, uygulanması gereken taktik Budur.
Yahudi bunu yapıyor. https://t.co/K6qobcYDLJ",nefret
"Yalanin merkezi, 
yahudi kanali
#YalanciFOXTV",nefret
"Erkeklere de fazla yüklenmeyin, kadının kadına yaptığını da gavur Müslümana yapmaz, öyle haller de var.",nefret
İlk iş hattı değiştirmek. Arap’tan hayır beklemek çölde yağmur beklemek gibi. #turktelekom,nefret
Bunlar devlet millet hayinleridir. Bunlar Türk düsmani Ermeni Yunan Amerika usaklaridir. Türkiyenin gelismesini. Camilerini istemiyen ama parasini yiyen ins kursaklarinda kalir. Tarla faresi çakallar serefsizler tecavüzcüler TERÖRISTIR geberiler #INSAALLAH #INSAALLAH LINK LINK,nefret
Mubariz Mansimov: benim şirketimde 3-cü nesil ermeni bile çalışamaz. #MubarizMansimovaAdalet https://t.co/VWcuSXiEzi,nefret
iremyilmaz9314 Seda Sayan kendimi sana ne zannediyorsun Lan pislik sen oraya gelince Kürtlerle evlenirsin Kürtlerin altina girersin olan o***** sen onu bunun karisi olan gitsem kalir bile senden kari güzel kaliyorsun ameliyat olan ulan seninle yüz kalmamis o kadar makyaj söylüyorsun ki sen o insanlarin pisligine yüzüne sürülen ondan iyidir Simdi de kalkiyorsunuz da askerlerden mi poz poz gösteriyorsunuz Ulan sonuçlari misin pislikleri sen kimsin lan sen bile dogru düzgün Türk degilsin Arnavut çingene piçleri ya siz kimsiniz ki ya aksama kadar Kürtlerin altina yapan yatin çocuk yapin pislikler Kürtlerin beline para kazanin Ondan sonra baskasinin topraklarina girmesi ile Cumhurbaskani kim olmus ya Kürtlerin sayesinde ya Kürtler bokunu,nefret
"Kürt kimliği, Kürtçe anadil Bayraktarlığı yapanların alayı Ermeni, Rum, Yahudi kırması..

Kendi kimlikleri gizliyken Kürtçülük yapan Ermeni, Rum, Yahudiler Kürtleri çok mu seviyorlar?
Kendi kimlikleri önemsiz mi?",nefret
Vatanimda suriyeli IS-TE-MI-YO-RUM. Defolun lan vatanimdan #VatandaslikVermeYolVer,nefret
Şerefsizler hainler Atamızı anmadı..Düşününki Musevi ve Hristiyan cemaatler andı Atasını. Utanın soysuz Arap soyları..,nefret
coco.1903haksiz olmak hakli olmaktan daha aci da nedir amk aveli. Tekme tokat kadin dövüp konusuyor musun bir de .. sirri Süreyya kankan kurtarsin simdi seni pis Hdp li,nefret
siz yalanci arap döllerisiniz @USER,nefret
hdp pkk'dir. kürtlerin destekçisi degil ermeni yahudileridir. gerçek yüzünüz ortaya çikti artik. #sanatçilardiyarbakira,nefret
Sevgililer günü ne kardeşim bırakın bu yahudi oyunlarını,nefret
lolo.Türki83Îkinizin tipini sikiyim,nefret
Kimi #kürdistan hayali kurar kimi rum kimi yunan hayali kurar . Bakin biz #türkler son kalana kadar nefesimizin son damlasina kadar savasiriz. Ya adam gibi durun ya da siktirin gidin.,nefret
Ermeni piclerin dislerinden ite tasma yapmalık hava...,nefret
"Yahudi dünyasi düsman, icerdeki müridleri düsman. LINK",nefret
"Yunanin dostu,
Türkün ve Islamin düsmanidir.
BU DEGISMEZ.
DOMUZDAN POST
YUNANDAN DOST OLMAZZZZZ.
Bosuna GAVUR demiyoruz.
Anadolu ISLAMindir
Bir Müslüman
Dünyaya bedeldir.

KUDÜS MÜSLÜMANDIR.
MESCIDI AKSA ILK KIBLEMIZDIR
MÜSLÜMANIN NAMUSUDUR.

LINK",nefret
ermeni kaşari senin ben amk piç kurusu,nefret
Dünyanın anasını siken o çinli piçe noldu bana biri bunu söylesin!,nefret
"pkkyı öven kim varsa onun yanında durup hdpli piçleri kim sıvazlıyorsa, az bekleyin Türkçüler gelecek. Sizi o televizyonlardan söküp alacaklar. Ağzınıza sıçtığım pis lağım ağızlı ermeni seviciler.",nefret
Lan bu Araplar harbi baş belası. Arap plakası bile deprem üretiyor.,nefret
"Müslümanları aptal yerine koyuyorlar halbuki aptal olan PAPA kendisi onu dinleyenlerde müslüman değil şia münafıkları 
Dünya ya kan kusturan hıristiyan yamyamlar emperyalist ve siyonist kan emiciler  barıştan kardeslikten bahsetme hakları yoktur https://t.co/sMHCR5TPJK",nefret
tff nin ici nekadar ibne nekadar kahpe nekadar orospu cocugu dolu gorun anasini yunan gavurlari siksin bunlari oyle orospu evlatlari ibnenenin belkemiginden yapilmislar,nefret
"#soyludanistanbul bu chpliler tam vatan haini olmuş, biri sakine ye destek olur ermeni soykırımı nı savunur destek olurlar, biri hdpyi destekler pkk ya para aktarsanız da yanınızdayım der, israf dan bahsedip herşeye zam yapar, ve de bu insanları destekleyenin zerre amacı yoktur",nefret
"M.kamalin, tc kimligi verdigi,rum,yahudi ve ermeni torunlari rahatsiz oluyor diye,kendi dinimizin ayetlerini açiklayan hocamizimi susturalim!

 #hepimizboynukaliniz",nefret
cizreli ermeni TÜRK dusmani alcak dini kendi bolucu amaclarina kullanarak ülkeyi bölmek istiyorlar bunun gibi hainlere dur diyelim iyi taniyalim dusmanlarimizi https://t.co/3ihIliW9ot,nefret
"#SanatçilarDiyarbakira
Sütü bozuk yunan dölleri farkli farkli alakasiz taglar açip olayi altta birakmaya çalisiyor.Bu orospu çocuklarina laf anlatmak çok zor çok  !!!",nefret
"Ermeni anlayışı böyle, kımıl zararlısı gibi.. https://t.co/xG2YqL79kP",nefret
bunlar da trenin son vagonlarina yetisenler görüntüde kemalistiz antiemperyalistiz ümmetiz kürt türk nasyonalistiz ifadesiz ruhsuz soysuz maskeler gerçekte kalpsiz globalist ibneler #susamam #annelerdireniyor,nefret
Sehitler ölmez onlar her zaman diridirler ama bunu kafirler asla bilemez kahrolsun yahudi piçleri LINK,nefret
"ANDOLSUN ki yeryüzünde bir tek yahudi,ve fetö cü kalmayacak👈 https://t.co/Rw5VjyxdRs",nefret
"Katil ABD'nin yeni başkanı Biden'in, Putin hakkındaki iddiaları doğrudur. O yüzden Türkiye'nin izlemesi gereken en akılcı yol bölgedeki diğer katillerden Mısır ve İsrail ile yakın ilişkiler geliştirmesidir. Böylece katil Yunan, Rum ve Ermenistan'ın da kontrolleri sağlanmış olur.",nefret
arap puta taparken türk göğe bakıyordu.... hayırlı cumalar,nefret
"#AnnelerDireniyor #Clio #BirKezOlsunTepkiKoyun #yenikapi HDP çocuklarimizi daga  gönderiyor. PKK çocuklarimizi Yahudilerin hesabina kullaniyor.Yahudilerin davasi için verecek bir tek insanimiz yoktur. PKK,Yahudi çocuklarini daga çikarsin, yakisir. Kürtler PKK ile yollarini ayirdi LINK",nefret
Bizi tankla tüfekle roketle yenemezler bu gavur hicbir tasin altını boş bırakmıyor. Demem o ki Şeytan imanımızı çalmaya çalışıyor.  Bu gavurda aileyi yıkarak ahlaksızlığı meşru göstererek. Turkiyeyi fakirleştirirek köle ülke haline getiriyor.,nefret
"Artik burasi Türkiye degil resmen suriye oldu ,
Türkten çok suriyeli görüyorum 
görmek istemiyorumm LINK",nefret
dinci yeşile düşmandır. tıpkı arap gibi. dinci bulunduğu yeri çöle dönüştürür. tıpkı arap gibi. sonra da içinde şaraptan ırmakların aktığı yeşilliklerle dolu bir cennet hayal eder. tıpkı arap gibi.,nefret
itsmesbl@USER sen siktir git dünün fetöcü yavsaklari gelmis burada hesap soruyor Ülkenin anasini sktiniz bu haci hoca geçinen tayfa Senin gibi pislikler ölse de kurtulsak,nefret
Haklisin ama bu is belhandayla bitmez. Bütün araplari ülkeden çikarip ülkeyi de arap sabunuyla yikamak tek çare. LINK,nefret
"Arda adamisin lan sen o oynadigin top varya hani o top senden daha serefli, geldigin yeri unutma Bayrampasadan Floryaya Floryadan Avrupaya, bir zamanlar Türkiyeyi temsil eden ARDA diye konusuluyordun ama bu saatten sonra karaktersiz ardasin irz düsmanisin baskada bir sey degilsin, TC devletinden defol git nerde ne halin varsa gör ama sunu da unutma ki bir gün gelecek yasattiklarini yasayacaksin hakkini fazlasiyla alacaksin müptezel",nefret
"Suriyeli 15159
Pakistanlı 680
Suudiarab 394
Afganlı 360 şirket kurdular ülkemizde..
Türk şirketlerde iflas ediyor 
Türkiye'mizin acı gerçeği 
Bu duruma düşürenler utansın🤬",nefret
"Kars,Erzurum ve Erzincan'da ki Ermeni mezalimlerini katliamlarıní da unutmadík
Hocalı katliamını da unutmayacağız,Allah onlara fırsat vermesin inşallah... https://t.co/prQxBvBxyn",nefret
Yahudi canana hapis kararı çıkmış darısı hain ermeni i’mamoğluna 👏,nefret
"bu transferleri şike ustası Ali K.O.Ç ve Acunun yahudi parasıyla usulsüz yapıldığını görmek istemeyip Futbol hayatı boyunca GALATASARAY dışında kupa kaldırmamış Emre Byi kahraman yapmalarını anlamıyorum YAZIK.
Zannediyorlar ki bu işe uefa el attığında da nihat abileri kurtaracak",nefret
Suriyeliler konusunda El Muhaberat kazigi burda .Tehlikenin boyutlari bu tweette. Suriyeli kardesleriniz ülke için beladan baska bir sey getirmeyecek .100 milyar dolar gitti böyle giderse bi 100 milyar dolar daha gider.Belkide ülke... LINK,nefret
"ermeni döli, gavur tohumi seni https://t.co/TTarRXZ68S",nefret
Soylu bey sizin su suriyeli kardesleriniz sinirda bayragimizi yakiyor düsüncelerinizi alabilirmiyiz,nefret
"Izmir'in düsman (Yunan) isgalinden kurtulusunun 97. Yili
 Ve CHP'nin 96. Yas günü??

O degilde!!
Nasil dek getirdiniz tam 1 sene sonrasina??
 9 Eylül'e dikkat 
CHP ve  Izmir yas günlerini kutlayacaklar??",nefret
Bu piyasayi bu Hale getirenler!! Siz Müslümansaniz ben sizi tanimiyorum!! Siz degil müslüman yahudi bile olamazsiniz  #aracalmiyoruz,nefret
"Tarihte Bugün ;
28 Ocak 1982 de ABD Los Angeles 
Bas Konsolusumuz Kemal Arikan  Ermeni Teröristlerce sehit edildi. 
Sehit Bas Konsolusumuzu  rahmetle aniyor , Aziz Milletimize ve Dis Isleri bakanligimiza Bas sagligi diliyorum. @USER LINK",nefret
"OSMANLIYA BÜYÜK İFTİRA;
Lübnan'ın Hristiyan Cumhurbaşkanı Michel Avn, Osmanlı Devleti'ni hedef aldı. Skandal iftiralarda bulunan Avn, Osmanlı boyunduruğundan kurtulmaya çalışanları masum gösterirken isyanların bastırılmasını çarpıtarak katliam yapıldığı iftirasını attı. https://t.co/BawQTUNye3",nefret
"MUSLUMAN ULKESINDE GAVUR EZIYETI CEKIYORUZZ..
#aracalamiyoruz",nefret
"Sunun bunun gavur dölünün köpegi olmaktan onun sayesinde kurtulmadik mi? Buralara bir defa yüzünü görmek, ona sag ol pasam! Demek için düstüm. Onu görmeden ölürsem gözlerim açik  gidecek. Sen efendi bir adama benziyon, bana bir yardim edive de Gazi Pasayi bulacagim yeri deyive.",nefret
Yanindakine soyle tarihi benden ögrensin 1inci inonu 2inonu conk bayiri kilitbahir kacatepe italyan ingiliz frnsiz italya  yunan buserefsuzlerle savasti senin halifen gemiye bindi kaçti,nefret
"Kars,Erzurum ve Erzincan'da ki Ermeni mezalimlerini katliamlariní da unutmadík
Hocali katliamini da unutmayacagiz,Allah onlara firsat vermesin insallah... LINK",nefret
"#MücahidinCenazesiniVerin
Kürt gençleri uyansin. Pkk ileri gelenleri genelde ermeni asilli ve çogu çocuklariniza dagda tecavüz ediyor. Kullanip öldürtüyor. Bu devlet hepimizin kimseye masa olmayin. Hdp=pkk=hain= terörist=ölüm",nefret
"Suriye de Suriye li lerle savaşan 
Ülkemizde  Suriyeli şerefsizleri 
Besleyen 
Tek 
Manyak 
Ülkeyiz
#suriyelileriistemiyoruz",nefret
Şuan Suriyeli olsam doktora girmiş çıkmıştım.,nefret
"Dünyada   iki  millet olma hakkınız  vardır

1- TÜRK  sünni HANEFİ  müslüman  karekter haya edep 

2- ingiliz amerikalı bir  gavur olmak  yalancılık ve ahlaksızlık https://t.co/Wh6OjaOdNo",nefret
ne çok osmanlı torunlarından korkan ermeni sevdalıları var güzel ülkemde... #canankaftancıoğlu,nefret
Yahudi tohumlari LINK,nefret
Bu devleti senin gibi Yahudi ve Ermeni piçlerine birakacagimizi sandin bu serefsizin atigi twit suçtur devletimiz geregini yapacaktir. LINK,nefret
"Arap seviciler! ;)
@USER LINK",nefret
Halk gorsun bunu biz kapisina gittik eyt olarak cift dendik yuhlandik ulkenin ekonomisini bile biz batirdik imasi ile bosis dediler bir tek o kaldi bizi suriyeye gonderin onlari alin nasil olsa biz ermeni yahudi zannettiniz siz secim zamani gorursunuz https://t.co/rWVwiSvtps,nefret
gul__agac__55Senin filmlerini izleyerek geldin bu haddeye sen bu millete bakin isinize diyemezsin kiçiniz kalkiyor az biraz eliniz para görünce ..vallaha bence sen bu sözlerine dikkat et bu millet çikarttigi gibi indirmesini de bilir..tipki suan nur yerlitasa yapildigi gibi !!!! Ha kisa not türk milletinin de seyindeydi senin yilbasi kutlayip kutlamaman ne haltin varsa ye,nefret
"Arap yobazı!
İslam olmadığı kesin de, dinin ne senin? Sen hangi toplumda yetiştin? Bu nasıl bir sapıklık seviyesi? https://t.co/rezCd0CWdH",nefret
"Bir Ermeni Artığı terör propagandası ndan 
9 yıl 9 ay cezaya çarptırıldı.  Anasından emdiği burnundan gelsin inşallah.",nefret
bir suriyeli tarafından taciz edilmediğim kalmıştı o da oldu kendi ülkemde mültecilerden çekiniyorum amk,nefret
Acaba cöhöpö de kaç tane kripto ermeni var..? 🤔,nefret
"Kökü disarida Ermeni ve Yahudi dönmeleri, soyunuz kesilsin.#BirDolarlikHainler",nefret
".
.
o göz oyan - Hocalı gibi - Annem gibi göz oyan ermeni şeytan < 'IN İŞİ HAK

HAK ETTİ.

ALLAH  bu hakkını ona teslim etti , gülün hadi? gülün bunun üstüne de gülün pasta kreması sürün öyle gülün Yetmediyse daha 

birlikte buna da gülün.",nefret
"TARIHTE BUGÜN

6 EYLÜL 1922 - Türk Ordusu, Yunan Isgali altindaki Balikesir, Bilecik ve Inegöl'e girdi.

BALIKESIR'IN KURTULUSU

Kuva-yi Milliye: Yanmis, ...yikilmis, isgal edilmis, düzenli ordulari için tasfiye... LINK",nefret
"#KemalizmEsaretineSon diyen dümbükler. Önce gidin Sevr’i imzalayanları öğrenin. Maddelerini ezber edin. Mustafa Kemal olmasa bugün Fransız, Yunan, Ermeni, İtalyan ya da İngiliz dölü olabilirdin. Baya bir seçenek var. Seçip beğenirsin artık.",nefret
"#KemalizmEsaretineSon diyenler, süzme ana rahminde yunana g...vererek dogan türk düsmanlari anonim dölleme artiklaridir.ataturk ve silah arkadaslarinin ANALARINI kurtaramadiklari ermeni rum artiklaridir. LINK",nefret
#SevgiliSelahattinDemirtaş senin ta aq ben Ermeni köpeği https://t.co/b9LDOVSGOy,nefret
Ey Müslüman Kürt kardeşim hdp denilen parti kesinlikle Kürt partisi değildir bu hdp kesinlikle Ermeni partisidir uyan Müslüman Kürt kardeşim uyan,nefret
"BİR ANANIN FERYADI...
KADINCAĞIZ NE GÜZEL ÇÖZMÜŞ OLANLARI...

PKK İÇİN BUNLAR KÜRT DEĞİL GAVUR DİYOR...
İBRET İÇİN DİNLEYİN...

BİLHASSA RİCA EDİYORUM SAĞDUYULU CHP’LİLER DİNLESİN... https://t.co/vExWAlJwJi",nefret
İşte o gün kendime “Bu müslümanlar neden mal böyle” diyip yahudi olmağa karar verdim,nefret
"alevi vatandaslarimizin yas tuttugu bir gunu tatli ile kutlamak, bu sunni fasizmini kiniyorum LINK",nefret
"Kürt temsilcisi bu ANALAR dır keşke anaları ziyaret edeydin.
PKK VE HDP Ermeni temsilcileridir @ekrem_imamoglu  ,TRABZONLU olarak hatırlatmak istedim... https://t.co/MOtLCPWlw4",nefret
"Rumlar, çirkin provokasyonlarına devam ediyorlar...

Güney Kıbrıs Rum Yönetimi’nin Limasol kentinde Irkçı/İslam düşmanı Rumlar tarafından camimize haç resmi çizip, Türklere ölüm tehditleri yazılan alçak saldırıyı şiddetle kınıyoruz. https://t.co/5scKx9W7Av",nefret
"#VatandaslikVermeYolVer

Suriyeli kadin saticisi
Suriyeli mafya
Suriyeli organ mafyasi
Suriyeli uyusturucu saticisi
Suiyeli silah kaçakçisi
Suriyeli hirsiz
Suriyeli gaspçi
Suriyeli terör gruplar

Suriyeli vs vs

Ülkemde Suriyeli IS TE MI YO RUM!",nefret
"25)iktidarı elinde tutanın eşi olabilmiştir.! 
YAHUDİ CASUSLUK ÖRGÜTÜ NİLİ
Emine Erdoğan’ın büyük ninesinin ismi olan Nili, kadim Yahudi isimlerindendir. I.Dünya Savaşı’nda Ortadoğu’da Osmanlı Devleti’ne karşı casusluk faaliyetinde bulunan Yahudi terör örgütünün adı da Nili’dir.",nefret
Türk gencinin siyasi görüsü ne olursa olsun gotu yanmis ermeni/yunan/slav gördügünde neo-osmanli olur,nefret
Örgütlenme kabiliyetinden dolayi Türk Ordusuna güç veren Türkçülügü bitirmek için Osmanlinin son zamanlarinda kripto ermeni ve rumlar özellikle ortak hareket ederek Türk düsmanligini hizlandirdilar...,nefret
"TÜRKSÜZ akpli, çoğu rus asıllı yahudi, hristiyan hain hırsızlar, sinsi kriptolar, arsız yamyamlar, ahlaksız sapkınlar, soyubozuk şerefsizler efsunlu, üfürüklü, aşılı olmalılar.
😂😂😂😂😂 https://t.co/V0RoRkMq4D",nefret
"#OneMinute
Kardeş devlet yine gündeme gelmiş em sevdiğim yenek fırında yahudi",nefret
"Yunan mezaliminin en siddetli yasandigi yerlerden biri olan Aydinin Kösk ilçesinde ilçenin düsman isgalinden kurtulusunun 97. Yil dönümünü hem çosku hem üzüntü ile kutlamaktayiz.
Yasasin cumhuriyet yasasin özgürlük.. LINK",nefret
"Müslüman Kürt görünümlü kripto Ermeni terör örgütü ASALA,PKK,PYD,YPG,SDF vs nin siyasi kanadi HDP nin daga kaçirdigi çocuklarin anneleri Her konuda tepki veren Tarkan, Yilmaz Erdogan, Cem Yilmaz, Sezen Aksu vs sanatçilardan destek bekliyorlar Sanatcilar neden suskun diyorlar",nefret
Ekrem İmamoğlu CHP TEMELLİ GÂVUR OLMUŞ ERMENİ OLMUŞ ... https://t.co/ZYfMFTiPxM,nefret
"Pkk yani hdp kürt oluşunu değildir ermeni oluşumudur. Amac 1915 de ermenilere devlet kurmasına izin vermeyib onları foğuya gömen kürtlerden intikam almak ve Türkleri zayiflatmakdır
#DiyarbakirliAnnelereSesVer",nefret
#AhlaksızsınFOX muhalefette bilirki fox tv bir Yahudi kanaldır ve bizde öyle bir muhalefet varki erdoganı yıkmak için yahudiye bile sarılır,nefret
Bizim göçmenimiz asi buluyor Suriyeli ler anca nargile içsin,nefret
"BÜYÜK TAARRUZ: 4-5 EYLÜL 1922

4 Eylül'de Türk Ordusu Sögüt ve Kula'yi Yunan isgalinden kurtardi.Yunanlilar Aksehir'i yakmis sivil vatandaslari alçakça katlettiler. Ordumuzun takibi ile kaçmislardi.Ayni gün Mustafa Kemal Pasa Esme'ye geldiginde isgalciler baris istemislerdi. LINK",nefret
Okyanusu olacak Güneydoğu'ya sıradağ itelemişler. İçinde Arap olan bir şeyin de şu ülkeye faydası olsun be kardeşim https://t.co/88D0d98dFh,nefret
koç grubu bak seni mason locaların dahi kurtaramaz. bu ülkede seni parasız gavur topraklarına kendi topraklarına gönderecek hazır daima hazır bir nesil var. bir yerleriniz oynamasın. lakin devlet yine uyuyor gibi yapıyor! #gezifinansörükoçunutmuyoruz,nefret
Lan Arda eskiyaca çiktin basimiza amk hastaneye silahla girmek nedir yavsak Adam gibi konusmasini bilmeyi korkudan silahini alip Berkay'i tehdit edecegini mi sandin? Burasi Türkiye lan cezani çekeceksin!! UTAN be utan,nefret
Mülteci çocuklara Yahudi tuzagi LINK,nefret
Hariri güzel devirmiş bizim yavşakları. Amk arap sevicileri sizi.. Yıkımlı deprem olsa yaralı olupta #türktelekom hattı kullanan herkes cennete gitmişlerdi. Tanrı belanızı versin orospu çocukları!!,nefret
#Sustunuz çünkü siz yunan aşığısınız TÜRKİYE CUMHURİYETİNİ sevmiyorsunuz,nefret
"Atatürk’e dil uzatan SOY ağacında bile soyu belli olmayan Soysuz Ermeni ve Rum dönmelerinin yegâne hedefi Atatürk düşmanlığı yaparak Türk düşmanlığıdır. 

Amaçları Türk Yörükleri Anadolu topraklarından elbirliği ile çıkarıp hayalleri olan Büyük Kürdistan ve Ermenistan’ı kurmaktır https://t.co/bLqgVQr8g0",nefret
"Ailesinin anlattigina göre Artur kendisine 2 Ermeni teröristi örnek aliyormus; Garegin Njde ve Monte Melkonyan.
Artur, Birinci Karabag Savasi'nda öldürülen Kaliforniya Ermenisi terörist Monte'nin mezarini sik sik ziyaret ediyor ve temizlik yapiyormus.",nefret
Suriyeli terörist.. Savas magduru diye bu teröristleri doldurdular ülkeye.. LINK,nefret
"Çanakkale'de İngiliz'i yendik. Yunan'ı denize döktük!
Tüm ecnebileri kovduk...
Ama yine de Osmanlı yıkıldı!.
Tuhaf değil mi?..",nefret
"burcuu1995Sürekli kadini asagiladiniz 2 gündür ne kadar günah ne kadar vicdansizca ya arkadas Türk insani baba profili zaten hep beyaz atletli bu bizim kültürümüzde var su dalga geçenlerin yarisindan çogunun ailesi bu tip aileden. ne olmus kadin kocasina sürpriz yapmis koçasida uykudan uyandigi haliyle fotoda çikmis ne olmus yani çiplak mi sanki emin olun birçogumuz gibi bir kültür yasiyorlar evlerinde her seye ukalaca güleceginize dönüp kendinize bakin kendi kültürünüzü alasagi ediyorsunuz özene özene. Çirilçiplak poz veren insanlara bedenini meta gibi kullananlari asagilamiyorsunuz burada niye bir aile babasini beyaz atlet giydi diye dilinize doladiniz. Utanmalisiniz hakikaten utanin komik Bir sey varsa sizin zihniyetiniz komik. Özenti ukalalar. Kadinda size gereken cevabi veriyor zaten ama nerde sizde o zeka! Ancak gülün baska bir bok yapmayin sakin bir iki hadis okumayin Mevlana okumayin daima kusurlari ört der, birbirinizi küçük düsürmeyin der ayetler. Siz hangi zihinden insanlarsiniz. Ucuzsunuz! Kendi babanizla kendi kültürünüzle mizah yapip küçülecek kadar zavallisiniz. Sizin adiniza ben utaniyorum yorumlara bakip. Nasil hasta insanlarsiniz ki",nefret
"DISARDA GAVUR'LARLA, IÇERDE TOHUMLARIYLA SAVASIYORUZ.

SEN BIZLERI MUZAFFER KIL ALLAH'IM...
#türkiye LINK",nefret
"Iste bu!!  Bizim kürt Annemiz Kardesimiz, canimiz, cigerimiz. Biz  bu annelerle kürt oluyoruz. Türk oluyoruz.Kürtler ne kadar Türk'se, Türklerde o kadar kürttür. (Aramiza sizdirilmis ermeni kürtleri de düsmanimiz) LINK",nefret
#Susamam ınşaallah müebbete döner ermeni sevici,nefret
AQdugumunun müslüman kazikçilari bak gavur indirimi nasil yapiyor 6.95 den 2.99 indirmisler LINK LINK,nefret
böyle bir suriyeli bulsam fena sikerim,nefret
"Boğaziçili yavruya plastik mermi ve cop...
 Suriyeli itlere müsamaha..
    Bu itlerin niye getirildiğini biliyoruz  yazık çok yazık...",nefret
"Sputnik'lerin ve RT'lerin genel yayin yönetmeni Ermeni asilli Margarita Simonyan bu görüntüler üzerine içindeki kinini kusmustu.
""Birisi bunu komsu devleti asagilamak için kasten yaparsa...""
""Rus bayrakli arabalar bu sekilde Ankara'da yollari kapatirsa merak ediyorum ne olur... "" LINK LINK",nefret
"Bir çok yabanci ailesi hiristiyan ama kendileri dinsiz olan arkadasim var ama hiçbiri bizim Türkiye'de kileri gibi azgin çirkef kudurmus kuduz gibi Islama saldirmiyor. 
Ben inanmiyorum diyor konuyu kapatiyor. #YenidenHilafet",nefret
Ateist kemalist putperestler neden hristiyanlığa yahudiliğe saldırmazlarda sadece İSLAM’a saldırırlar.......?,nefret
"Almanya'dan bomba Türkiye itirafi! Yunan rahatsiz oldu
Almanya eski Basbakani Gerhard Schröder'in Türkiye hakkindaki bomba itiraflari Yunanistan'i rahatsiz etti.LINK",nefret
"Lan Zina Mahsülü  @geertwilderspvv

Sen Avrupa’nın en Hızlı Fahişesinin 
Evladısın 
Yalnız Annen Seni Doğurmamış !

G🤨T🙄NDEN SIÇMIŞ 💩 

Yahudi Olan BaşDOMUZ Baban Anneni Çok Hor Kullanmış 
😒
 #TerrorsitGeertWilders 
Your Father 👇 https://t.co/ueqIud2l0Y",nefret
"Bir delikanlı da çıkıp demiyorki ülkemde Kürt,Suriyeli,Ermeni,Yahudi,Arap istemiyorum.",nefret
Derdimizi Türkçe Arapça anlatamam.. hangi dille anlatirim inan hiç bilmiyorum ama Allah'ini seversen git artik da çildirmayalim... Sikturing derhal,nefret
"Bu Ülkenin Sahipleri Müslüman Türk Milletidir. Sabataist Yahudiler Ermeni Dönmeler BIZANS kalintisi Rumlar Manukyanin torunlari Sorosun Beslemeleri Bu Aziz Millete söz söyleyemez.
Haddinizi bilin Islam Düsmani Vatan Hainleri. LINK",nefret
"Hâla yok kuduş yom israil yok filistin yok suriyeli 
Sikicem artık arap sevdanızı aq deprem oluyor şebeke çekmiyor
Artık biraz kendi ülkemize yoğunlaşsak?",nefret
FATIH TERIME BU CEZAYI YUNAN COÇUGU ALI KOYUN VERDIRDI HIÇ KIMSE ÜLKENIN EN BÜYÜK ISVERENI DEMESIN .,nefret
"Rize'nin Rus ve Ermeni işgalinden kurtuluşu (1918)
Ardahan'ın Posof ilçesinin Rus ve Ermeni işgalinden kurtuluşu (1921)🇹🇷",nefret
"Payitaht Abdülhamit, Kurulus Osman, Dirilis Ertugrul. Yunan 19 adaya asker çikarmis, isgal etmis, sen dizi izleyip vatan seviyorsun. Ertugrul Gazi dirilse seni odunla kovalardi.",nefret
Suriyeli bir piç çikip ülkemizin en zeki çocuklarinin okudugu okulu bombalamaktan bahsediyor.. Ve bu kansiz vatansiz serefsiz bu ülkede hala sokakta elini kolunu sallayarak geziyor... #MuhammedNurTutuklansin,nefret
"Biz yillardan beri milletçe neyin mücadelesini verdik? Yillardan beri bize attiklari ""Ermeni Soykirimi (!)"" iftirasini yok etmek için neler neler yaptik.Ermeni Soykirimi iddiasi bu ülkenin milli meselesidir.Bu iddiayi savunan herkes ya delidir ya da ERMENIDIR!
#CananKaftancioglu",nefret
"#MuhammedNurTutaklansin @USER @USER
Neredesiniz elin Suriyeli piçinin yaptigi yoruma bak. Devran döndügünde ne yapacaksiniz LINK",nefret
dogru senin gibi nonoslara giriyor zayen sana girenin hadi var hesabi yok piç ermeni dölü LINK,nefret
"Konya'da kayip olan 21 yasindaki S.B.A'nin Suriyeli arap fuhus çetesi tarafindan kaçirildigi ortaya çikti..

Mazlummu demistiler Suriyeliler için ?",nefret
bundan sonra müslüman ünlüleri savunacağız kafirlerle araya ip katacağız,nefret
Gözler üzerimdeydi bir zamanlar sonra çinli kahpeler virüs yaydi. Aah ahh LINK,nefret
"#Tutuştular çünkü gerçekten habersiz iddialar var! Gerçek ise #Turk Suvari Birliği'nin 5 Eylül'de, 1 günde 3 şehiri alarak Alasehir, Salihli ve Nazilli'yi ATATÜRK sayesinde Yunan zulmünden kurtarması! https://t.co/OqAoYZ3DRD",nefret
"Soyu ermeni olan nerden bilecek ki kürdü? 

#BirKezOlsunTepkiKoyun LINK",nefret
"İngilizler ve Yunanlıların tek derdi;
Osmanlı'yı yıkmaktı. 
Savaşıp ikisini de yendik
Osmanlı yıkıldı..

Yendik dedikleri ingiliz ve yunan duruyor...
İlginç.!???",nefret
Herkes bu bedelin yaptirim olacagini düsünüyor lakin kendi görüsüm yakin tarihte cereyan edecek Donbass Savasi'nda Ukrayna ile ABD taraf olup Rus isgalinden ülkenin dogusunu kurtaracaktir. Bunun üzerine Kirim dolayisiyla yaptirimlar artacaktir ve Ukrayna NATO müttefiki olacaktir. LINK,nefret
dünyada hiçbir hristiyan kiliseye ne gerek var demez bizdeki türk geçinen yerli hristiyanlar camiye ne gerek var diyor,nefret
"Türk Milleti için de nam bakidir ve sürüp gidecek. Elinde yıllarca tuttuğu rehinleri infaz eden, Hıristiyan ve Yahudi destekli uluslararası dini terör örgütü PKK ve onun gibilerine Türkiye Cumhuriyeti Devleti gereğini yapıyor ve yapacak.
Şehitlerimize Allah'tan rahmet diliyorum..",nefret
"Tam tespit ve cesurca ifade. Yeter ki biz AB, ABD, Yunan İsrail ve kurdukları şer  ittifakı karşısında Doğu Akdeniz ve Kıbrıs'ta geri adım atmayalım. Gücümüzün farkında olalım. Şu veya bu nedenle Geri adım atarsak Doğu Akdeniz ve Kıbrısı kaybederiz, Anadoluyu da savunamayız. https://t.co/rKFUs4Agfv",nefret
Orospu çocugu Israil sen bu maçi kazanamazsan yarin sokakta nasil Yahudi avliyorum iyi izle,nefret
Senin suçsuz oldugunu biliyoruz. Âmâ yaninda kimse yok çünkü sen 2011de bizden kaçtin ! 2016da bizimle alay ettin GALATASARAYIN. Metin Oktay dahil en büyük efsanesi olan FATIH Terime karsi çiktin.2018de devlet destekli emre piçinin oldugu akbil takimina gittin billah mese olayinda hakliydin.bu olayda haklisin ama bu bir sey ifade etmez arda biz BURAL(ARDA) degiliz artik. Sana olan sevgimizi güvenimizi bitirdin emre abin recep baskanin gelsin seni kurtarsin.,nefret
"O kadar haklisin ki,birileri artik bu durumu dillendirmeli.Sözde ermeni soykirimindan bahsedenlerin hiçbiri Ermenilerin yaptiklari zulümlerden bahsetmiyor maalesef.Bu konuda okudugum kitaplardaki ve bu duruma sahit olmus insanlarin anilarindaki iskence türleri vahsiligin ötesinde LINK",nefret
Hiç bir terörist LGBT destekçisi bizim evladimiz degil . Zina artigi Yunan Ermeni kalintisi pisliklerdir! Bu ülkeden dedeleri gibi defolup gideceklerdir! #HepsiBizimEvladimiz,nefret
Okuduğum kitaptan bile suriyeli çıktı https://t.co/QoZ3FLfgoS,nefret
Ülkemde Suriyeli istemiyorum  #MuhammedNurTutuklansin,nefret
müslüman olmayanlarla vakit geçirmek istemiyorum iğrençler demişti...,nefret
"Irakda abd üssü olan hava alanina füzemi  atmis 
Adi serefsiz pislik dememek için bir sebep yok 
Yahudi oyunlari hilelelerine aman  vermis",nefret
yan eve suriyeli tasinmis biktim artik suriyelilerden #suriyelileristemiyoruz,nefret
"Düsünsenize
Çocugumu anaokulda elimden aliyorlar!
Beyinlerini yikiyorlar!
Zihinlerini igdis ediyorlar!
Ruhlarini çaliyorlar!
Sonra
yabancilasmis
bu ülkenin medeniyetiyle
ruh kökleriyle kavgali
mankurtlasmis olarak gönderiyorlar bana!

Burasi sömürge ülkesi mi?Yunan mi isgal etti? LINK",nefret
Rumlar ve Yunanlılar alışmışlar zahmetsiz kazanmaya bakanları bile dolandırıcı nasılsa Avrupa’nın keriz devletleri veriyor miçoda ona buna yalakalık yapıp para dileniyor 🇹🇷🇹🇷🇹🇷,nefret
Ulan suriyeliler için din kardesi deniliyormus ben hiç camiye namaza gelen suriyeli görmedim ??,nefret
izmir marşından gocunan yunan artıkları ingiliz tohumları iyi ezberleyin izmir'in dağlarında çiçekler açar. yaşa mustafa kemal paşa yaşa! #9eylül,nefret
"Safiye Ademoğlu(35) Türkyılmaz,dünyanın en büyük yolcu uçağı Airbus A-380’i uçuran ilk Türk kadın pilot oldu.
Dangalağın biri de çıkmış, kadın""90 km.den fazla araba kullanamaz""
diyor.

Sen daha Türk kadınını tanıyamamışsın.❗❗

Arap kadını ile 
karıştırma.❗❗ https://t.co/B79mGfyy0y",nefret
reklamlarda suriyeli ve türk çocukların birlikte okuması için ab'nin 400 okul projesi ballandırılarak anlatılıyor allah'ın aşkına koyun gibi seyretmeyin ab ingiliz alman ve suriyeli çocuklarıyla birlikte okutacak okulları kendi ülkelerinde yapsın,nefret
Bu Suriyeli alçak korkudan vatanini terk etmemis mi acep LINK,nefret
senin gelmisini geçmisini tüm türkiye siksin üstünden geçsin,nefret
tugceszreis@USER zikkimin kökü dünyayi kurtardin simdi ??,nefret
"#Bu #millet,
5 milyon Suriyeli sürüsünün ülkeye doldurulmasinin @USER nun eseri oldugunu ögrendiginde ? LINK",nefret
Ye haramzade Yahudi hain LINK,nefret
Türkanhasanakin2462_ Siradan biri her kadindan bir çocuk peydahlasa serefsiz olur ama bu adamin durumuna özel hayat derler hadi Oradan lan sen saatçimsin benim sanatçim arif sag benim onurlu insanlar bu adam degil,nefret
ya adam çıkmış hala 40 milyar dolar harcadık suriyelilere diyor yaaa millet aç aç banane senin suriyeli ensar kardeşlerinden ben bunları cuma namazında bile görmüyorum ensarmış ben de osmanlı torunuyum benim hakkımı neden vermiyor devlet neden gasp ediyor onun hesabını ver!,nefret
Yahudi sizin kadar zulüm etmez  #ÖgrtSandiktaBekliyor,nefret
bir kadın kendini satabilir. anlaşılır bir durum. ya bir gazeteci ? ya bir gazete bir tv kendini nasıl bu kadar ucuza satar? türkiye dışında bu kadar alçalmayı kendine yakıştıran yayıncılık sektörü yoktur. peki dünyada satılık ve hala görev başında kaç cumhurbaşkanı vardır?,nefret
İçimizdeki kefereler #DinAfyondur demiş kimi ermeni kimi yahudi dönmesi nefretiniz ve kininizi sizlere armağan ediyorum sizlere İslamı hidayeti nasip etmeyen rabbime sonsuz şükürler olsun cehennemin daimi üyeleri....,nefret
"Terör ve terörist sevici, ermeni yalakası Canan Kaftancıoğlu artık hakettiği yerde yaşayacak;Kodes'te.",nefret
"https://t.co/8COrrPQVgK
  10 Kasım günü imzalanan anlaşma ile Hankendi ve civarının ermeni işgaline, geri kalan Dağlık Karabağ bölgesinde de Rus barış gücüne izin verilirken bu iki devletin iş birliği gözler önüne serildi. 

Ermenistan, inşaat işçisi adı altında Hankedi şehrine https://t.co/BpQd9aWyYI",nefret
".
.
o göz oyan - Hocali gibi - Annem gibi göz oyan ermeni seytan < 'IN ISI HAK

HAK ETTI.

ALLAH  bu hakkini ona teslim etti , gülün hadi? gülün bunun üstüne de gülün pasta kremasi sürün öyle gülün Yetmediyse daha 

birlikte buna da gülün.",nefret
Bir mualifin yaninda ingiliz fransiz rus var ise o mualif bilmelidirki gittigi yol yol degildir tuttugu el el degildir.Yarin iktidara geldiklerinde o tuttuklari el bunlara silah çekecektir #HayirliCumalar LINK,nefret
ah be her sago dinlediğimde kendimi şarkıdan çok neden ateist olduğunu sorgulamaya veriyorum. acı kaybımız olmuş resmen.,nefret
"Aynen ben de, ayni seyi yapiyorum. Mesela dün dayim ve yengem 'Afganlar, Suriyeliler ülkeyi mahvetti. Dün bir çocuga Suriyeli tecavüz etti. Bunlar ülkeden def olmali falan diyordu.'Yemekteydik,sofrayi biraktim, arkama bakmadan kosa kosa evlerinden kaçtim. Yoksa fena patlayacaktim LINK",nefret
Covid19 yahudi oyunu ile malesef Türkiye'mizdede çok önemli is adamlarimiz.Sehid edildi.yine topluma yön veren haydar bas Döngeloglu tasçioglu bazi eski komutanlar çok sir bilen siyasetçiler öldürüldü mason teskilatlari eliyle.asi ile 900 bin saglikçi kobay yapildi.imza ozaydin65 LINK,nefret
Sinir disi edemiyor muyuz hepsini?Suriyeli falan diye araya sikistiralim LINK,nefret
Akıllının abes bildiğiyle böyle akılsız Arap soyları övünür olmuşlar. https://t.co/b5M4XLY2Un,nefret
tugbasenol091Sen zengin çocugusun yaziktir incitme anani ver onsekiz bin lirani fakir kurtarir nasil olsa vatani,nefret
Galatasarayli olarak senden nefret ediyoruz. Çok sukurki senin gibi bir oyuncumuz yok defol git Türkiye den yavsak herif.,nefret
"Valla
Halbuki Firansa Atom Bombalarıyla Peygamberlik yayıyordu DÜNYAya

'hasikdir yahudi
'hasikdir macron https://t.co/45mpQLU06L",nefret
"“Versailles Anlaşması’nı imzalanmasından sonra silahsız bırakılan Alman milleti,içerdeki düşmanları yok edilmedikçe ve karakteri yaratılış itibarıyla bozuk olan,otuz altın karşılığında her şeye ve herkese ihanet edebilen Yahudi toplumu temizlenmedikçe hiçbir ilerleme sağlayamaz.”",nefret
"Ersin Tatar'dan Rumlar'i çildirtan sözler
LINK LINK",nefret
"#Turkcell
#türktelekom
Bu götverenlerin adı Arap Telekom Türk kelimesini çıkartsınlar",nefret
Defolup gitmelerini istiyorum. Dedemin 13 yıl savaşıp vatan yaptığı bu topraklarda ne Arap ne Ermeni’ye yer yok. Türkmenler kalsın. Vatanı savunmak ne zaman  nefret suçu oldu. Bunu söyleyen Türk ü arkadan vuran boğazını kesen Arap Ermenilerin torunu. Size yer yok. https://t.co/wzCrf1rdEk,nefret
"Arap sevicilerin din adı altında köleleştirdiği avrattan 

Türk kadınına eski değerini ve özgürlüğünü  
Atatürk Cumhuriyeti kurduğunda verdi zaten.",nefret
Ses ver Türkiye bakın hdpkklı eş başkanın oğlu maldivlerde tatilde garibim kürdün çocuda kandilde marada haydin kürt Türk sorunu Yoktur işte bu ermeni çocukları eş başkanlar ülkemizin başına beladır https://t.co/X92ygkNX15,nefret
"Kılıçdaroğlu'ndan AKP'ye 5
Düşman diler hep zevale ermeni
Maşa diye kullandığı Ermeni! 
Her an ister senin kayıp vermeni
Şimdi onlar verecektir inşallah!

Dışarıda bazı itler ürüyor
Sorun olmaz millet zaten görüyor
Kim ki bizi jurnal edip duruyor
O da hapse girecektir inşallah!",nefret
Neden Ingiliz fitnesinden kurtulamiyoruz? LINK,nefret
Böyle namussuzluk böyle serefsizlik hiç bir DAVA DA YOK GERÇEK KÜRT PKK ILE HDP ILE kendine kapi aramiyor BURDA KÜRT SORUNU YOK KURDU KULLANAN BIR GAVUR SORUNU VAR SOYLU'dan imamoglu,nefret
"Içimizdeki gâvur sevdalilari, cünüpseverler dernegi, frenk mukallidi beyler, bayanlar, merdivenden kayanlar, kaydiranlar..
Biz Türk kalacagiz ! LINK",nefret
içerdeki chp ibneler hep saadat bastan beri projelendirdikleri hiristiyan fetö köpegi serefsiz abd siyonist israil emperyalist sömürgeci ingiliz projeleri faal çalisiyor unuttuklari bir sey var! bu milletin adi türk ne arap ne de serefsiz ölümü serbet bilen bir tür,nefret
Siyaset ölsün artikin biktik.Saltanat geri gelsin ya da ATATÜRK diktatörlügü tekrar hakim olsun.Usandik biktik demokrasi TÜRK için degilmis bunu ögrendik.yunan piçinin milattan önceki uygulamasindan bize ne?Milliyetçilik ne ise yaramis. it gibi yasamak yerine Kurt gibi ölelim.,nefret
"anasini siktiler o istanbulun, aksaray'da Türk yok hep suriyeli, esenler, bagcilar esenyurt da ayni. LINK",nefret
"Meslektasimiz sayin @USER a  ermeni isgalinden kurtarilmis Azerbaycan torpaklardan yaptigi röportaj için tesekkür ederiz. #Karabakh #KarabakhisAzerbaijan #Fuzuli #Karabag #back2Karabakh 
LINK LINK",nefret
"Bu ülkenin olmazsa olmazlari Suriyeli katiller, isidli bir kaç öfkeli genç kadar koymetli olamadi nedense.

Isidlilere bile böyle müdahale edilmedi! @USER o katillere bile bir kaç öfkeli genç dedi. 

LINK",nefret
Biz yeri gelir hepimiz kürt oluruz???? kurt oluruz?? asla baskalari gibi ermeni olmayiz????biz kardesiz  #kürtler LINK,nefret
erkek erkeğe evliliği çağdaşlık olarak sunup teyze kızıyla evlenen müslümanı sapık göstermeye çalışan güruh haddinizi bilin. ha bir de tecavüz olayları üzerinden müslümanları karalama çabanız boş. islamda tecavüzün cezası idamdır. #susamam,nefret
"Ermeni Ruhunun Allah bin belasini versin. Ermeni Diasporanin Fransadan sonra ikinci Askeri Militan üssü. Her pislik var, her türlü tuzak ve cinayet odaklarinin toplandigi alan",nefret
"Kürt halkinin haklarini korudugunu iddia eden, hdpkk,
Kürtçe bilmez,Islâma düsman
Iyic arastirinca bir bakiyorsun Kürt degil Ermeni.
Hiç düsündünüz mü Ermeni bir örgüt niçin Kürt halkinin hakkini arasin.
#AnnelerDireniyor 
#BabalarÖlümOrucunda",nefret
"Anladiysam Arap olayim dicemmmmm Arap sevmiyorum amk. 
Anliyan anlamayana anlatsin bu teneke ne ses çikardi simdi. LINK",nefret
"1922 - Türk Kurtuluş Savaşı: Türk Ordusu, Yunan İşgali altındaki Manisa'ya girdi ve Yunan ordusu sel olmuş kaçıyor İzmir’e doğru. Türk süvarileri dörtnala İzmir’e giriyor İzmir’in dağlarında çiçekler açıyor 🇹🇷",nefret
"#türktelekom ve turkcell gümledi.💥
Hala ses seda yok.
Noldu? 🤔🤔

Arap'a, iş bilmeze satarsaniz işte böyle  acil durumda tosurarak haberleşiriz.💨",nefret
tebrikler sayın başkan bm konuşmanızda sandalyelerini popoları ile sağa sola çekmeye çalışarak şirin gözükmeye çalışan katil siyonist israil ve uşağı suudiler ve de ermeni ve rum'ları gömmenizden dolayı,nefret
böylece 1 suriyelinin yüzü gözü hürmetine bir türk iş sahibi olur. allah razı olsun suriyeli kardeşlerimizden. sayelerinde işsizlikle mücadele eden insanlar iş sahibi olacak,nefret
ne çin i ya.. çin kim lan. banane çinli köpeklerin güvenliginden. sen kendi vatandasinin kanuni güvenligini sagla #MaskeZorunluOlamaz LINK,nefret
küfürbaz_gaci Amk bizde olsa linç ediliriz. Ama suan buna bakan Türk Abazalari nasil yalarim diye düsünüyordur,nefret
"Madenciye; İsrail dölü,
 Vatandaşına; Afedersin Ermeni,
 Muhalife; Hain, 
 Oy vermeyene; Dinsiz,
 Atatürk ve Inönü'ye; Ayyas,
 Direnenlere; Capulcu-Vandal diyen biri,
Şuan sizce kimdir ?",nefret
yahudi ali koçumu savunuyor bu tff gezi olaylarını unuttunmu başkan tayyio erdoğan olaya el koysana kaos çıkaracaklar. #nihatözdemiristifa,nefret
evet bonzailenmis sizofrenler tipis tipis bunu savunuyorlar. bununla birlikte bölücü terör örgütü hdpkk'yi sözde ermeni seysi yalanini bölünüp parçalanmayi vs vs... neyse ki arada uyanip soru soranlar var. umutluyuz. komadan ya çikacaklar ya çikarilacaklar.,nefret
"#Hocalı'da 29 yıl önce yaşanan vahşet yürekleri dağlamaya devam ediyor. Umuyorum ki, Ermeni esareti altındaki ezeli Azerbaycan topraklarının azat edilmesi bu acılı yüreklere bir nebze olsun teselli olmuştur.

Ermeni zulmüne kurban giden şehitlerimizin ruhları şad olsun. https://t.co/xQBnXkGVQQ",nefret
adolf hitler görmüs bir yahudi gibi hayatim sikilmis ama hala kendi kendime espri yapip gülmeye çalisiyorum aq,nefret
Alt-üst soy bilgisi sorgulama başlayalı epey zaman oldu. Şimdi vakit soyadı kanunu ile hangi soysuzun kendine Türk / Müslüman soyadı aldığını ifşa etme vakti. Şurası kesin ki bugünkü sözde elit sınıfın çok büyük çoğunluğu selanikli yahudi veya kansız ermeni çıkacaktır.,nefret
"Ülkemde suriyeli, hayatımda orospu çocuğu #istemiyorum",nefret
"4 Milyon insanı IRAK ta Katleden 
YÜZ BİNLERCE KADINA TECAVÜZ EDEN Hiristiyan aleminin Lideri PAPA 
Şimdi Irakta Barış ve Kardeşlik mesajı veriyor.

Ve bu ziyaret Irakta Büyük Coşku içinde karşılandı.

En küçük bir pretesto yapıldığını duyan gören varmı? https://t.co/1aS3k0igqK",nefret
Gezi olaylarında Kaz dağlarına eyleme çıkan boğaziçi için bi yerlerini yırtan ama 13 şehid için tek kelime etmeyen  sözde sanatçı özde vatan haini yahudi köpeği şerefsizler elbet sizdende hesap sorulucak...,nefret
"Ensar Vakfi'nda 45 çocuga tecavüz edenler Netflix mi izliyormus?
Suriyeli kadina camide tecavüz eden imam Netflix mi izliyormus?
Tarikat yurdunda 20den fazla çocuga tecavüz eden ögretmen görünümlü sapiklar Netflix mi izliyormus?
Emine Bulut'u katleden sapik Netflix mi izliyormus?",nefret
"1.
Ülkü Ocakları Eğitim ve Kültür Vakfı, Azerbaycan'ın Ermeni işgalinden kurtardığı Şuşa ilinde, Azerbaycan Milli Marşı'nın bestecisi Şuşa doğumlu merhum Üzeyir Hacıbeyli adını taşıyacak, 9 derslikli bir okulu yapıp Azerbaycan'a teslim edecekmiş... (Türkgün, 27.1.21, s.8-9)",nefret
"PKK destekçisi ,ermeni destekçisi Canan cezasini almis",nefret
TC kadinlarinin psikolojisi bozuk. Rus kadinlarina kurban olsunlar. (Kendim her hafta piskoroga ikibin tale veriyorumdur),nefret
adolf hitler görmüş bir yahudi gibi hayatım sikilmiş ama hala kendi kendime espri yapıp gülmeye çalışıyorum aq,nefret
#BirKezOlsunTepkiKoyun Diyarbakır da ki eylem tüm Türkiye'ye yayılırsa Türk Kürt Ermeni Laz Çerkez Boşnak vs demeden bir olunup fazla değil her gün 1 saat tüm Türkiye pankartlarla eylem yaparsa (yabancı dillerde dahil) ne hdp ne pkk nede diger teror orgutleri çıt dahi cikaramaz,nefret
Türkün türkten büyük düsmani yok ne rum ne ermeni ne de yahudi bunlarin eline düs türke esir olma hücrelerine kadar kurutur birakmaz,nefret
"29 yıl önce Hocalı'da Ermeni işgalcilerin vahşi katliamında, hayatlarını kaybeden 613 Azerbaycanlı kardeşimize Allah'tan rahmet diliyorum. Unutmadık, unutturmayacağız... #HocalıKatliamı #hocalıkatliamıinsanlığınutançgecesi https://t.co/gdAXj4qog4",nefret
"    #AnnelerDireniyor
Terörü Müslüman Kürtler yapmiyor, 
Kürt kiligina girmis birtakim kriptolar yapiyor. 

Içeride ve disarida terörün bitmesini istemeyen mihraklar var. 
Bu terör kesinlikle Kürt terörü degildir. 

Kripto Ermeni ve kripto Yahudi terörüdür.",nefret
"Kürt Anneler uyandı gerçekleri gördüler. Çocuklarını doğurup ABD'nin, İngilizin, Fransızın kısacası Haçlıların hizmetine, uşaklığına gönderen, Evlat değeri bilmeyen Annelerden, Evladlarının kıymetini bilen Kahramanca haykıran, Evlatlarını düşünen duyarlı annelere geçiş hızlanıyor https://t.co/oNeWH5FuzU",nefret
Yılanın başı İran Yahudi den betersin https://t.co/lfsXvheOTz,nefret
Halk TV'nin izliyici kitlesi yada Yahudi foks ve vs yalan hucrenize isledigi için dogru yanlis sizin için fark etmez  izleyin gitsin ama onlari izledikçe Ahaber de devam edecek #ahaberkapatilsin,nefret
"Türk adı soyadı verilen,kripto ermeni ve yahudilerinin!Müslüman mahallesinde salyangoz satma girişiminin sonuncusuydu #28Şubat  Bir yiğit geldi @RTErdogan bu vatanın AS'ıllarının ve müsveddesinin kim olduğunu tekrar hatırlattı. https://t.co/gBtBOkDzxJ",nefret
"Yahudi yillarca Türk milletine sabunu haci sakir diye yutturdu ...
Simdi ise ekremi
Imamin çocugu diye !!??",nefret
itibardan tasarruf olmaz dediler bin odali sarayda yasadilar. ayni firsatçiligi suriye politikasi yaptilar ülkemize 4 milyondan fazla düsük profilli suriyeli yerlesti. ata yurdu ne bereketli görüyor musunuz!,nefret
Ptt ye git suriyeli bankaya git suriyeli plaja git suriyeli neymis din kardesi siktirin gidin pislikler...,nefret
"#ahaberkapatilsin diyenler!
Yahudi kanali Fox'u yada 
küçük israil kanali halk'i izleyebilir.
Tam size göre, yalan dolan iftira ne ararsan bulursunuz..",nefret
"çocuklarinin daga kaçirildigini iddia eden diyarbakir annelerinin hdp il binasi önünde baslattigi oturma eylem devam ediyor. ""bunlar kürt degil bunlar gavur"" #cumartesi #hdp #diyarbakir #annelerdireniyor #annelerindirenisi #annelerleberaberizyasen #hdpkapatilsin",nefret
"#osmanlıya küfreden birinin 
TÜRK olma itimali sıfırdır ...
İnsan dedesine neden sövsün 
OSMANLIYI gavurlar kafirler 
Sevmez bu millete geçmişine 
Küfür ettiren zihniyete #CHP denir çünkü onlar yunan atıkları",nefret
 ftmnrflz  çingenesi kaldi basimiza,nefret
"Reisimiz, Uzun adamımız, Canımız Hakikatten o gün tüm hiristiyan ve yahudi alemine çok fena kaydı :))
#OneMinute https://t.co/xSTfI1jCKf",nefret
"#depremvergilerinerede
Suriyelileri beslemeye harcanıyor.
malum 15 temmuzu bunların düzüşüp çoğalması sayesinde atlattık. Daha çok düzüşseler;  hiç deprem filan da olmayacak ülkede.koca ülke arap siki sayesinde ayakta duruyor.. https://t.co/U6U3GH1YIC",nefret
"Kendi içindeki ve sinirlarindaki terörü bertaraf etmeye,
Suriye ve Iraktaki Türkmenleri zulümden korumaya çalisirken,
Karabagin Ermeni isgalinden kurtarilmasi için destek verirken, türlü kumpaslarla Hükümeti engellemeye ve uluslarasi hukuk önünde suçlu duruma düsürmeye çalisan",nefret
 wrenstling Türk futbolunu çok parlatti çok iyi örnek oluyor ne yani amk yaptiklarindan dolayi sumucaz! Bu kaçinci! bir de madalyami takalim oldu??,nefret
işte suriyeli tc. vatandaşlarının başkanı ve onlara tahsis ettiği tokiler. vatan için şehit olan mehmetçiklerimizin evleri ve kirasını ödeyemediği için evden atılan bir türk vatandaşı aile burası türk devleti değil suriyeliler çöplüğü olmuş,nefret
"kktc cumhuriyet meclisi baskan yardimcisi töre ""rum zihniyetiyle siyasi esitlik düzeyinde bir anlasmaya varmamiz mümkün degil"" haberin devami için tiklayin...",nefret
"Sn. RTE'nin din kardeşleri, RTE'nin afişini yakmışlar.
""Vatan sevgisini Suriyeli çocukların gözlerinden öğreneceksiniz."" demişti.
Maaş, kira, gıda, sağlık vs. yardımları yaptı, yine yaranamadı.
Umarım Türk'ün Türkten başka dostu olmadığını anlamıştır.
Anlamış mıdır? https://t.co/eDMxRTNac0",nefret
"Yahudiler tarafindan
ele geçirilen ve
birçok devletin istihbarat teskilatlarina
kurdurulup Yahudi hesabina çalisan
bütün terör örgütleri
bir kaç yil içinde hepsi
Çin hesabina çalisan
terör örgütleri durumuna
inkilab edip
dönüsecekler.
bunu öngören bir lider
ABD ve AB yi uyardi.",nefret
hayat_kisa_kuslar_ucuyorxycemil ipekçi kiyafetten çok estetikten bahsetmis .sizce de öyle degil mi her kadin birbirine benziyor dudaklar ayni takma kirpik microbiling kaç yanak dolgusu hele ben artik kimi görsem seyma bok basina benzetiyorum su yeni Türkiye güzeli bile onu andiriyor çünkü yüzlerini oynata oyna da birbirlerine benziyorlar .gün geçtikçede travestiye hakli yani,nefret
"ermeni döli, gavur tohumi seni LINK",nefret
Arabalar da sigara içmek de yasaklanmış ciddi anlamda insanların özgürlükleri kısıtlanıyor özel yaşam alanında sigara da içer alkol de içer isteyen buna da kimse karışamaz Arap cahil kafalılardan bir an önce kurtulmak dileği ile,nefret
"7 Eylül 1922

Aydın, İncirliova, Germencik,Kuşadası Yunan işgalinden kurtuldu,Yunan Akdenize doğru süprülürken,siyasette devam ediyor.İhtilaf Devletleri temsilcileri, mütareke için Yunan hükümeti adına TBMM hükümetine başvurdu

Kutsal Toprakların kurtulmasına sadece 2 gün kaldı https://t.co/4DBi6CTSQ9",nefret
Hükümete bak arabasında sigara içen insanlara ceza kesmeye başlamış. Siz önce arap çomarlarının toplumu zehirlediği nargile kafeleri kapatın.,nefret
"Marsilya’dan herkese selamlar. Sokakta Fransıza benzeyen 2 kişi gördüm gerisi hep Afrikalı, Arap ve Kürt aq",nefret
Içimizdeki kefereler #DinAfyondur demis kimi ermeni kimi yahudi dönmesi nefretiniz ve kininizi sizlere armagan ediyorum sizlere Islami hidayeti nasip etmeyen rabbime sonsuz sükürler olsun cehennemin daimi üyeleri....,nefret
Defolup gitmelerini istiyorum. Dedemin 13 yil savasip vatan yaptigi bu topraklarda ne Arap ne Ermeniye yer yok. Türkmenler kalsin. Vatani savunmak ne zaman  nefret suçu oldu. Bunu söyleyen Türk ü arkadan vuran bogazini kesen Arap Ermenilerin torunu. Size yer yok. LINK,nefret
hulya5948 Sinem kobal bir sapiktan kurtulmus oldu??,nefret
ocu. o Türk bayragi tasimaya hakkin kalmadi. serefsiz,nefret
"Orospu çocugu bir Arap Levhasi var asagida bilmem kaç bin yildir yukari hareket etmeye çalisiyor,sikistiriyor Anadoluy'u.Deprem olup duruyor. Adamlar'in cografyasindan'da insanin'da ayri çekiyoruz.",nefret
"Suriyeli'lere sunu anlatabilirsek, bence bizi anlarlar. 
Bu ülke,  bizim canimizdan bile daha degerliyken, sizin caninizdan hayda hayda daha degerlidir",nefret
Ülkece kurtuluş savaşına giriyoruz gazamız mübarek olsun Amerikan İngiliz israil yahudi döllerini ülkemizden göndereceğiz  #AşağıBakmayacağız,nefret
Dün okulda bi çocuģa sürü gibi suriyeliler çullanmış tekme tokat dalmışlar bugün öģretmen demiş kim gördü olayı benimki atlamış ben gördüm yaz kim kim vardı demiş bu da teek tek yazmış suriyeli biri demiş beni yazarsan bitersin anne en üste onu yazdm diyo.,nefret
"YUNAN İŞGALİNDEN SONRA MANİSA'NIN HİÇ GÖRÜLMEMİŞ FOTOĞRAFLARI
https://t.co/5jSe5asmDI
.
.
#manisa #işgal #yangın #özelhaber https://t.co/KTQfxX57Yq",nefret
Suriyeli Türk manita yapmis ben yapamadim,nefret
Trabzon kadar güzel başka bir arap memleketi var mı ya şu güzelliğe bakar mısı  ortalığı bok götürüyor amk,nefret
"#BoğaziçiDüşmeyecek 
Ulan ne Anarşist kafalısınız sanki gavur saldırdı düşmana direnir gibi birde düşmeyecek diyorsunuz yakında özerklik ve kurtuluş günüde talep edersiniz sizin yeriniz okul değil silivri @RTErdogan @suleymansoylu @abdulhamitgul @EmniyetGM",nefret
Ne güzel söylemis Rahmetli hocamiz Bu vatanin bir karis topragi ne icerdeki ne disaridaki gavurlara verilmeyecek Devletimize sahip çikalim Yahudi usaklarina kanmayin LINK,nefret
Yillar sonra bi Taksime çiktim heryer arap lümpen dolmus..nerde o eski istiklal. Bitirmedikeri yer kalmamis,nefret
"necla.kacakoglu Eh tamam birbirleriyle isleri bitmis,bir de üstüne de tesekkürü etmis adam.simdi Gülben yeni bir evli adam avina çikmistir.bütün türkiyecek yeni kurbani bekliycegiz ???",nefret
Ya bu suriyeli haramiler herşeyi çalar  #ÜçlüBeşiktaşınÜçünBiriGsnin,nefret
"Ermeni soykırımı var diyen ve ermeni terör örgütü pkknın borazanlığını yapan , ağalık sisteminden beslenen ve perde arkasında aşiret & ağa kadrolarından oluşan, aslen kürte de düşman olan 
HdpPkknın siyasiAyağıdır",nefret
Süphesiz ki denize dökemedigimiz içimizdeki ermeni tohumlari yunan artiklari Yahudi dölleri  Ermeni piçlerifetoslari çapulcu geri zekalilar LGBT totos no nos  Heykel severler bu haberi begenmez LINK,nefret
"Azerbaycan’ın yani özgardaşlarımızın daima yanındayız tek millet iki devlet şiarıyla yolumuza sonsuza kadar güçlü bir şekilde devam edeceğiz.İçimizdeki Ermeni artıklarıyla ve Azerbaycan’a karşı hadsizce girişimlerde bulunan Ermenilerle mücadelemiz sonsuza kadar devam edecek.
🇹🇷🇦🇿 https://t.co/k98QT34Ec8",nefret
neden suriyeli ile birlikte türk işe alındığında teşvik veriliyor. iyice adamların yanında promosyon olduk. iki türk alınsın suriyeli de kendi memleketine dönsün.,nefret
Allahim hemen arap irkini yok et. Tesekkürler LINK,nefret
Elbet rumlar gelecek ve kendilerinin olan Konstantinopolis sehrini biz barbar zalim kan dökücü türklerden alacaktir ????????,nefret
"Bugün 7 Eylül 
Aydın’ın Yunan işgalinden Kurtuluş Günü.🇹🇷

Kurtuluş Savaşı’nda önemli rol oynayan Yörük Ali Efe ile silah arkadaşlarını ve diğer Aydın Efelerini rahmetle anıyoruz. https://t.co/jfpcNNGDXf",nefret
Hdpkk kimdir ? Abdullah Çatlı ve arkadaşlarının Asala Ermeni Terö* Ör**tünü bitirdikten sonra devamı olan ve kendileri her seferinde Kürt olduklarını söyleselerde kendileri Ermeni kökenli olan dal**vuk bir örgüttür.    HdpPkknın SiyasiAyağıdır https://t.co/evCyvxgoFe,nefret
"Ersin Tatar'dan Rumlar'ı çıldırtan sözler
https://t.co/dTUIJ3mMJu https://t.co/JhznJjBxtN",nefret
fenerli olsam su açiklamalari gördükten sonra zerre kanim isinmazdi irfana ama adamda yahudi kini var sanki biz sabun yaptik dedelerini aq koçu LINK,nefret
Suriyeli mülteci öğrencilerin tweetlerine şaşıranlar var. Bu adamların ekseriyeti ideolojik bir yamyam. Muhtemelen ortalama bir türk'ün yaşam tarzı nedeniyle öldürülmeyi hak ettiğini düşünüyorlar. Garip olan bunu şuan fark etmeniz..,nefret
ülkeye bak arap sümüğüne döndü aq https://t.co/AURsVI7t9b,nefret
Ernst Hirsch adlı Yahudi hukukçunun bu milletin boynuna taktığı yahudi yularıyla (5816) dolaşan bir Müslüman olmak bana dokunuyor. Her ne sebepten olursa olsun bu kanunu çıkartanları hayırla yad etmiyorum..‼️ https://t.co/i9H8iCoVrJ,nefret
Bu kahpeler sahibi arap diye dedim hem kötü hem Dünya daki en pahali intenet veriliyor #türktelekom,nefret
#BenceEnflasyon suriyeli gebesler giderse düser. Ülkeyi batirdilar.,nefret
islam'a saldirmak adina ateist ayaklarina yatan grup çogunlukla yahudi kökenlidir 1500 yilinda ispanya'dan sürülen yüz binlerce yahudiyi osmanli kabul etti ve o zamandan beri içimizdeler. #susamam,nefret
dogancan1996Comolli burasi Türkiye ???? sen git ülkene pop**u büyütmeye devam haydi,nefret
"Papalari, Hristiyan isgalci dindaslarinin daha çok masum insani katletmek için ayin-dua seansi düzenlemekle mesguldüler. Simdi ayni inancin tek lideri olan Papa Francis katilin cinayet mahalline dönüsü gibi yerle yeksan ettikleri Irak'i ziyaret ediyor. LINK",nefret
ermeni chp liderinin pyd pkk için sözleri utanç verici açikça ben ermeniyim islam türk düsmaniyim asker polis katilleri benim dostumdur diyor bu bir suçtur halk olarak bu ermeni yahudi hristiyan yunan rumlari 15 temmuz'da sag birakmakla hata ettik simdi havlamalari normaldir,nefret
"Bu tuzaga düsen hatta basi çeken firansa olacak
sonra digerleride ayni tuzaga
düsürülmeye çalisilacak
ABD ve AB deki % organizasyonlarin
çogu
kirpto Yahudi olan
kuruluslarin isi oldugunu halk
fark edecek
Tv lerdeki
sunucu ve yorumcularin kahir ekseriyeti
dahi bunlardir
anlayacak",nefret
Hdpkk kimdir ? Abdullah Çatli ve arkadaslarinin Asala Ermeni Terö* Ör**tünü bitirdikten sonra devami olan ve kendileri her seferinde Kürt olduklarini söyleselerde kendileri Ermeni kökenli olan dal**vuk bir örgüttür.    HdpPkknin SiyasiAyagidir LINK,nefret
Bu ülkedenin içerisine sokulmuş kripto Ermeni ve yunan dölleri vardır ve bu sayı %25 tir...,nefret
Ya bu nasi bi gevseklik nasil bir utanmazlik arlanmazlik ulan hiç mi utanç yok su yunan muslimlerde inanamiyorum allahtan türk degiller LINK,nefret
"Bogaziçili yavruya plastik mermi ve cop...
 Suriyeli itlere müsamaha..
    Bu itlerin niye getirildigini biliyoruz  yazik çok yazik...",nefret
yasemin.ile.cihanoburugibi sen gitme onca albüm yaptinda ne oldu kim biliyor kim dinliyor canim sen arayipta bulunmayan Hint misin antmisin haddini sen bil sen sen yesim sarkin çok iyisinde çok basarilisinda Türkiye seni niye en güvenilir ismi inanilir ismi ilan etmedi niye vergi rekortmeni sen olamadin uzmanlarlada evliydin çok akillisin ya sarki dizi fayda etmeyince köseyi dönemeyince sen ancak iste böyle millete satarak magazin gündemini isgal edersin baskada bir bok yiyemesin dürüst ol insan ol basarili ol sende Türkiye'nin en güvenilir ismi degilsin hak,nefret
"Sevgili @EmniyetGM ve @suleymansoylu 
Sadece 7 kişinin beğendiği, içerisinde küfür ve hakaret olmayan şu tiwitim için hakkımda dava açıldı.
Koca üniversiteyi bombalamak isteyen cihadçı terörist suriyeli'NİZ @Halepli00 nickli muhammed nur  için halen gözaltı haberi gelmedi? https://t.co/dVy2AtTzvP",nefret
aynen benimde öyle hepsinden nefret ediyorum 7 den 70 ine kadar hepsinden ister çocuk olsun ister yaşlı sonuçta Çinli'ler hepsinden nefret ediyorum pis zalimler https://t.co/S3joDQdmlv,nefret
"Bi köpek bile isikta yesilin yanmasini beklereken, bu arap'lar  metro da inmeden zorla binmeye çalisiyorlar twit bu kadar. LINK",nefret
"Arkadaşlar dikkat
Küçük bir araştırma
Meral ermeni
Kemal ermeni
Hdp %80 ermeni
Chp de şuan ekseriyetle ermeni
Ali Koç yahudi
Dahası var da  merak ettiğim     benim ülkemde düşmanın bu kadar söz sahibi olması normal mi",nefret
yahudi soykırımının iç yüzüyle karşılaştıkça yahudilerle empati kurup üzülüyorum ama yahudiler de bugün hala kendi yedikleri haltlardan biraz utansalar keşke,nefret
Bu ne olm her yer arap kayniyo,nefret
"Uyan Kürt Kardeşim,
Bunların Davası Kürt Davası
Falan Değil.
Bunların Bir Çoğu Ermeni'dir.
Ermeni'ye Hizmet Etmektedir... https://t.co/NH4mzAWCC1",nefret
Hainler bitmez içimiz de 1914 de 200 bin yahudi 800 bin ermeni ye türk kimligi verildi LINK,nefret
"Hala daha seref, delikanlilik, namustan bahsediyorsun. insan gibi çikip benim götüm kalkti fazla gereksiz özgüven asiladilar ve ben de beseri varligimdan ötürü sasirdim yaptim bir esekli yazsan sorun kalkacak. Kabul et yanlis adamsin. Para söhret sana agir geldi. Kabul et çekil kabuguna birak futboluda çok deger verdigin esinle yeni dogacak çocugunla yeni bir hayat kur. Birak bu kurtlar vadisi, racon, abi, delikanli ayaklarini. Onlar dizilerde oluyor",nefret
"Yamyam Arap savasçimiz ananizi sikecek, bekleyin az kaldi algici orospu çocuklari. #HakEdeneHakEttigiGibi LINK",nefret
canan kaftancioglu su soysuz ermeni tohumu kadina destek mesaji atan herkes vatan hainidir her seye eyvallah ama askerime dil uzatmazsin git simdi derdini farelere anlat soysuz pislik,nefret
en çok eşini dövenler üniversite mezunu ve hatta sola yakın kesim. çocuk istismarı avrupanın icadı. nikahsız ilişki seküler kesimin en çok yaptığı şey zaten... ama sorsan müslümanlar sapık? #annelerleberaberizyasen,nefret
Görünüs Suriyeli beslemeler! LINK,nefret
Adam senin en köklü üniversiteni bombalayacaksin diye hedef gösterebiliyor. Bu Suriyelileri basimiza bela ettiniz. Suriyeli seviciler vardi bir ara alin evinizde bakin bu soytarilara..,nefret
"Tam 29 yil önce bugün, Agdam'dan Susa'ya giden, içinde sivillerin oldugu helikopter, Ermeni teröristleri tarafindan düsürüldü. 
Terör olayinda kadinlar ve çocuklar dahil 44 Azerbaycanli sehit oldu.",nefret
kürtse kürt arapsa arap ermeni ise ermeni türkse o.ç,nefret
Amina kodugumun oglu orospu oglu Araplarin anasini sikim ananizi Israil siksin Amerika siksin size aciyanin amina koyayim amina kodumun Araplari,nefret
"DIKKAT KESIL Ey Iran halki sizin bu boktan ( Alevi, sii, Caferi, islam) anlayisinizin sonunu kadinlar getirecek sizi ..... bile kurtaramayacak !!! LINK",nefret
"Teşbihte hata olmazmış ya, 

Yalayın bakalım sırtımızdan eksik etmedikleri arap bıçağını...",nefret
"Müslüman ülkemizde,

- Ensar Vakfinda 45 çocuga tecavüz edildi.

- Ümraniyede bir Kuran kursunda 20 çocuga tecavüz edildi.

- Imamin biri camide Suriyeli bir kadinla seks yapti.

- Erzurumda yine bir cami imami öz kiz kardesine defalarca tecavüz etti.",nefret
"Türkiye'deki Suriyeli TERORİST 
Türk öğrencileri TEHDİT EDİYOR! https://t.co/Rin7ed1zBJ",nefret
Bu kedi kesin Suriyeli başka izahı Yok 6 yavru ilkkez gördüm https://t.co/hnrLL8L7o5,nefret
"24 bölüm boyunca sen tüm zorluklara gögüs ger, ölme sonra bir orospu çocugu çinli gelip seni öldürsün... Bu adalet mi lan???",nefret
"#KahrolsunPKK demek yetmez. Yahudi agababalari, maddi destekçileri, sempati duyanlari da kahrolsun.",nefret
HDP Kominist yahudi taseronu Partiden Bütün Kürt kardeslerimiz ayrilsin. Bu. Bozuk düzenin adaletsizligi haksizligi Ile Yikici olmadan Hep beraber Mücadele edelim. Devlet o Hakkini aryan Anababalara Koruma saglamali. Bu hainler Stalin in Tavugu gibi zulmeder bunlara,nefret
Geceye bak aq jölesi bitmiş suriyeli gibiyim,nefret
"Basin'a yem vermeyecektin be abi. bizim halk böyle domalana koyarlar. Asla yapamayacagi seyleri basardin bunu kaldiramayan A 'dan z'ye vatan haini var. Neymis elin karisina yavsamis da bilmem ney de ulan bu dediginiz Berkay Caner Erkin'in eski esine yazdiginda neden söz konusu bile olmazken @USER Turan'in meselesi bu kadar büyütüldü? adam  olsun kari gibi laf yapacagina Arda'nin yüzüne konussun. Milli degerlerimize böyle mi sahip çikiyoruz biz ? farz edin ki gerçekten suçlu bunu bu kadar dillendirmenin bize faydasi ne ? Adalet adalet diye konusanlar birakin o zaman laf yapmayi da adalet yerini bulsun. Bu adam Cumhurbaskanini sevdi yagci, Ahmet Kaya dinledi, terörist, Halka yakin olup kimseyi kirmayip Türk programlarina dahil oldu SuRwuWoR arda dediniz. Ben aklim futbola erdiginden bu yana Galatasarayliyim. Galatasaray'a transferi söz konusu oldu istemiyoruz da takimi yavaslatir da gruplasma olur bilmem ne vs. bir sürü tatara ama bu adamin futbol oynamaya ihtiyaci vardi Galatasaray kapi açmadi geldi su basaksehirmi herneyse bu sefer isliklandi yahu bu adam giderken para kazandirdi mi ? evet peki milli takima faydasi oldu mu ? evet peki neden isliklarsin bu adami? @USER el birligi ile hepimizin harcadigi büyük bir degerdir. Abi belki görürsün görmezsin bilmem ama elinde ufacik da olsa imkânin varsa durma git hakketmiyor bu halk basariyi adamligi. @USER",nefret
"Füze nasıl atılır, suriyeli nasıl kapak edilir ekte 👇🏻

Taklitler aslını yüceltir. https://t.co/jlB9cSA3iG",nefret
koç grubu bak seni mason localarin dahi kurtaramaz. bu ülkede seni parasiz gavur topraklarina kendi topraklarina gönderecek hazir daima hazir bir nesil var. bir yerleriniz oynamasin. lakin devlet yine uyuyor gibi yapiyor! #gezifinansörükoçunutmuyoruz,nefret
Bu orospu çocugu Çingene kulübümüze kene gibi yapismistir siktir git artik,nefret
"Ulan bizim türkler suriyelilerin durumuna düsse , bu suriyeli kallesler bizi sinirda çoluk cocuk demeden tarar.. ????",nefret
"Olaya bakar mısınız? Fransız, Amerikan Liselerinden mezun devşirmeler Anadolu evlatlarına savaş açmış. Kim bunlar? Yahudi tohumları mı? Yunan kalıntıları mı? Cevabı belli olmasa da bu ülkeye ve bu ülkenin değerlerine yabancı oldukları aşikar.

#KabeyiSavunanFişleniyor https://t.co/FIizwwsFO9",nefret
"Akliniz uykuya daldiysa imaninizda mi uykuya daldi?
Dünyada Müslümanlar üzerine uygulanan hiristiyan ve yahudi terörü var.Onlar ""müslümanlar teröristtir"" algisi yapip sizi sindirmeye çalisilirken siz hiç ses çikartmadan çiçek,böcek resimleri paylasmakla
uyumaya devam edin bakalim",nefret
Her yer arap kayniyor??,nefret
Suriyeli Türk manita yapmiş ben yapamadim,nefret
" cemild.18 son 2 sezonda kazanabilecek 6 kupanin 5ini biz kazandik hem de serefimizle Sizin gibi sikeyle tesvikle degil fetöye gelince kimin fetöcü oldugu çok belli azizi hapisten kurtaranlar fetöden içeriye alindi,sen söyle kimin anasina ne girmis",nefret
Arabalar da sigara içmek de yasaklanmis ciddi anlamda insanlarin özgürlükleri kisitlaniyor özel yasam alaninda sigara da içer alkol de içer isteyen buna da kimse karisamaz Arap cahil kafalilardan bir an önce kurtulmak dilegi ile,nefret
Akillinin abes bildigiyle böyle akilsiz Arap soylari övünür olmuslar. LINK,nefret
"Budur.
akpde, TÜRK, İNSAN ve Müslüman yok.
Çoğu rus (laz, çerkez, gürcü, ermeni), rum, yahudi,...asıllı haçlı, haham hain hırsızlar, sinsi kriptolar, ile dolu TÜRKSÜZ akpliler, bozuk amaçlarının, soylarının, suçlarının anlaşılması nedeniyle korkuyorlar ve ortalığı karıştırıyorlar https://t.co/6YxyzheZDe",nefret
"Erzurum ve Sivas’ta kongre oldu, Urfa, Maraş ve Antep, MK’nin dahli olmadan kendini kurtardı.
Ama bu illerin hiçbirinde Kemalizm güçlü değil; tam tesine Yunan işgalinde kalmış olan yerlerde Kemalizm güçlü.
Bunu izah edebilecek biri var mı, belki fikir verir.
#SivasKongresi",nefret
#deprem salladiginda kaymakamliktaki görüntüleri izledim Kaymakamlikta Türk yoktu Arap tarzi Dualarla Suriyeli pisliklerle doluydu,nefret
"Hocali'da katledilen Türk oldugu için sustunuz zaten ya Fransiz ya Ermeni yada Rustunuz 
Bir gün geldi intikam için birlesti bütün yürekler Türk intikamini almadan kiyamet kopmazdi bilmiyordunuz gördünüz
 yine göreceksiniz
#HocaliKatliaminiUnutmadik 
#HocaliKatliami LINK",nefret
Bi Suriyeli yobaz eksikti! #MuhammedNurTutuklansin,nefret
Türk futbolunun katili bu ibne kafana sik birak bitir bu isi hadi oglum yapabilirsin futbolu birak bir be sende göt var mi adama mermi atacak,nefret
1 suriyeli + 1 türk işe alacağına 1 türk + 1 türk işçi işe alın amk https://t.co/e1yXeI5S6f,nefret
hdp chp pkk ve ermeni usaklarini inançli analar yerli iha'lar milli silahlar bitirecek #analardireniyor,nefret
İlk tökezlediğiniz yerde yere göğe sığdıramadığınız Arap kardeşleriniz vuracak tekmeyi kıçınıza. Yanınızda kalan yine biz olacağız lütfen bunu düşünerek hareket edin bir sefer,nefret
#Susamam Bu susamayanlar susmayin tabi ama bazi gerçekleride görün.mesela hdp önünde bekleyen anneleri görün hain pkk ya ve hdp ye terörist demeyenleride görün.ermeni soykirimini unutmadik diyenleride görün görün vatan hainlerinide artik onlarada susmayin vatana sahip cikalim,nefret
araparmi Ulan pezevenk senin karin senin çocugunu tasiyor sen ona buna asil serefsiz,nefret
"Budur.
TÜRKİYE'Yİ ve DÜNYAYI yönetip, soyan, kan ve gözyaşına boğan yahudi hırsız caniler ve ülkelerin işbirlikçi hainleridir.
Yahudi din uydurur, paraya tapar, dünyayı yönetip, soyar.
abd =rusya =çin=israil=.... birbirlerinden farklı anlayışı olmayan hırsız cani, sinsi ülkeler! https://t.co/F0l3QPteNY",nefret
He bir de suriyeli yavsakların olmadığı bir yer için Finlandiya cok uygun ülke,nefret
"Erbakan Hoca, zor şartlarına rağmen Selçuk Bayraktar'ı yetiştir, ülkeye kazandırır..

Erdoğan, Selçuk Bayraktar'ı, değil Yahudi Elon Musk'ı idol gösterir..

Yahudiden, Yahudi sermayesinden bu millete hayır gelmeyeceğini hala anlamadı.. 

https://t.co/yGxnlqjiy5",nefret
"Misir, mursi Için giyabi cenaze namazi kilip agitlar yakanlar, Filistin için her Cuma gösteri yapip ortaligi karistiran, Arap artiklari, sov yaparlar,Sorun Türkse zulmüm görüyorsa seslerini çikarmazlar umurlarimda degil, LINK",nefret
"Çocuğunuza arap isimleri koymak çocuğunuzun iyi bir Müslüman olacağı anlamına gelmez.
Misal, suriyeli'lerin tamamının adı, arapça isimler.",nefret
"Yunan Bu Coğrafya ya Tatile zor geliyor hocam
İşgale gelmek çoooook sıkıyor,dudakları uçukluyor..
Ondan Bu SOROS Çocuklarına Taşeronluk yaptırıyorlar... https://t.co/Z4iecaacFt",nefret
"Kendi çocuklari en pahali kolejlerde okurken,gariban analara ""sözde"" Kürdistan vadeden Ermeni bozuntularina #BirKezOlsunTepkiKoyun",nefret
"#AnnelerDireniyor 
Muhafazakar kesimle dalga geçen ermeni kökenli chpli https://t.co/AfNCWsfLpK",nefret
"Asalaci Ermeni terör örgütü pkk nin siyasi ayagi hdp Diyarbakir il binasini  yaptiklari eylemle kapattiran Annelere selam olsun

4 anne bu hainleri susturmaya yetti. LINK",nefret
"Arap yalani çok sevdiginden yemin kültürü gelistirmisdir, o yüzden kuranda sikça yemin edilir",nefret
Bu yahudi oglu yahudinin herşeyine #exxenboykot,nefret
"Iste Siaizm dinine iman edenler böyledir.
Ve sizler bu igrenç mahluklara Müslüman demeye devam ediyorsunuz!
Islâm da olmayan ne varsa bunlarda var zaten.. Bosuna mi Alevi, Sii rafizi falan deniliyor bunlara..
Ha Yahudiler de kankileridir.
Her türlü Hainler kisaca!

#Asure #Pazar LINK",nefret
BU ARAP SEVİCİ İKTİDARLAR YÜZÜNDEN TÜRK HALKI İKİNCİ SINIF VATANDAŞ OLDU. BUNLAR VE BUNLARA OY VERENLER ÜLKEYİ MAHVETTİLER https://t.co/hsJPpWbIlI,nefret
"Elin Suriyeli bedevisi fikirlerini en aşağılık şekilde ifade edip aramızda geziyor ama bu ülkenin gençleri polisler tarafından darp ediliyor.
Kanıma dokunuyor bu adaletsizlik.
#MuhammedNurTutuklansın",nefret
Suriyeli Vatan düşmanı piç #MuhammedNurTutuklansın,nefret
guzel ama kürt LINK,nefret
Yahudi sahibinin Türkiye için iyi şeyler düşündüğünümü sanıyorsunuz çok safsınız#YalancıFOXTV,nefret
yillardir kendilerini kürt diye pazarlayip vaad edilmis topraklar için taseronluk yapan ermeni komitacilar ilk defa gerçek kürtlerle karsilastilar. bu onurlu mücadeleyi anneler kazanacak. yanindayiz #annelerledireniyoruz,nefret
HDP ye oy vermek bölücü olmak terörist olmak hayin olmak vatansız olmak namkör olmak demektir bunların kime hizmet ettikleri belli yahudi ırkının köleleri https://t.co/LwBX90Lai1,nefret
"Suriyeli biri mahalle bakkalında  hırsızlık yapıyor.
Bakkal ""Niye çalıyorsun, iste vereyim"" diyor.
Suriyeli it kızıyor ve ""sen görūrsūn"" diyor.
Biraz sonra bir Suriyeli  gurupla geliyor ve bakkalı dövūyorlar.
Bakkal yoğun bakımda ölūmle pençeleşiyor.
Sebep  olanlar mutlumusunuz?.",nefret
Ya amina soktugumun suriyelileri Fatih in bütün türklerini yediniz mi Türk yok herkes Suriyeli,nefret
"Hocalı'da katledilen analarımız bacılarımız geldi aklıma... ve birçok yerde katledilen yahudi dostlarımız... yunandan ermeniden naziden rustan çinliden çok çektik hala çekiyoruz... Dilerim bize yapılanlar bilinir ve hatırlanır. Paylaşalım, aktaralım hafızamız diri kalsın https://t.co/SKyH2Zu4xo",nefret
Bu PKK HDP PYD teröristlerin yalakaligini yapan kiliçdaroglunu kopyasi yorgo ekrem imamoglu makariyosun torunu yunan bozmasi hadtlerin çok astilar ever gereken yapilmasa türkiye ve istanbula çok yazik olaçak,nefret
Helal olsun bu lafı korkmadan Ermeni döllerine haykıran hakiki kürt Anadolu kadınına.. #BaşlarımSizinKürdistanDavanıza,nefret
#marmaralıhocasınınyanında terörist kıçı yalayan 1300 imza  toplayıp çukur eylemlerine destek veren vatansız bayraksız milliyetsiz dönme Yahudi ermeni Rum asala taşnakçı itlerin yanında olamaz,nefret
"süleyman soylu ,Tayip erdogan,Devlet bahçeli'nin adini duyunca zoruna gidiyor,kuduruyorsan türklügünden süphe duy . Kanina ermeni tohumu karismistir?? ????????????",nefret
"Cumhuriyeten ilanindan sonra Türkçe kimlik Türkçe Isim alan Bize benzeyen adi Ahmet mehmet ali hasan  hüseyin osman olupta, 
Sabataist Yahudi Ermeni dönmeler Rum bozuntulari o kadar çok ki,  Bunlar 100 yildir Türkiyenin ayaga kalkmasini istemeyen Türkiye Düsmanlaridir. LINK",nefret
osmanlı'nın bu topraklara kabul ettiği yüzbinlerce yahudi her zaman olduğu gibi isimleri değiştirdi müslüman görüntüsüne girdi ve yüzyıllardır aramızda aleyhimize çalışıyorlar bunu anlamadan memlekette dönen dolapları anlayamazsınız #annelerleberaberizyasen,nefret
"#KemalizmEsaretineSon diyen dümbükler. Önce gidin Sevri imzalayanlari ögrenin. Maddelerini ezber edin. Mustafa Kemal olmasa bugün Fransiz, Yunan, Ermeni, Italyan ya da Ingiliz dölü olabilirdin. Baya bir seçenek var. Seçip begenirsin artik.",nefret
Arapların tarih boyunca bize bir yararlı dokunmadı üstüne arap levhası bizim levhanın altına dalıp baskı oluşturuyor bu sayede deprem oluyor,nefret
"Meslektaşımız sayın @KIYMETSG a  ermeni işgalinden kurtarılmış Azerbaycan torpaklardan yaptığı röportaj için teşekkür ederiz. #Karabakh #KarabakhisAzerbaijan #Fuzuli #Karabağ #back2Karabakh 
https://t.co/bHAlFbue67 https://t.co/BGisUgdoTf",nefret
Bu saatten sonra Yunan piçleri düsünsün. Hükümet degil Devlet bu ada isine müdahil olur ve gerekeni yapar. LINK,nefret
türkiye'de kendisine ülkücüyüm diyenler asla arap sevici ümmetçilerdir. su an mhp kadrolari bunlar tarafindan ele geçirilmis durumdalar. gerçek hiç bir ülkücü mhp'ye oy vermez.,nefret
#AnnelerDireniyor Hdpkk kürtlükle kürtlerle alakasi olmayan müslüman kürtlere zulmetmek için kurulmus bi ermeni olusumudur,nefret
"Ülkesindeki savastan kaçip gelen suriyeli gençler  bizim gençlerimizi bombalamayla tehdit ediyor !!!

#MuhammedNurTutuklansin LINK",nefret
Şüphesiz ki denize dökemediğimiz içimizdeki ermeni tohumları yunan artıkları Yahudi dölleri  Ermeni piçlerifetoşları çapulcu geri zekalılar LGBT totoş no noş  Heykel severler bu haberi beğenmez https://t.co/IW2Smk3OP9,nefret
Koca Avm de 2 kishi gördüm . Son 30 yilin en büyük krizi gelmish 20000 ABD  dolari 30000 Canada dolari ve 120 000 000 000 TL. Sen hala halkin malini mulkunu sattirip savash naralari at 4 milyon suriyeli besle 2 trilyon dolar savasha yatir https://t.co/WvDSPHUE6E,nefret
Üç kağıtcılık basit kalır bunların patronu kim? Yahudi iti https://t.co/JR8WTRjjIa,nefret
esrasutcu980 Bu eger Türkiye güzeli seçildiyse... götümün kenari da top model o zaman????????...,nefret
bak bak davara bak! siktir git arabistana o zaman amına koduğum. aç bi tarihini araştır diicem ama zır cahilsiniz amk ne okuması. internet tv falan daha kolay. ne arap yalakalığıymış bu arkadaş anlamadım gitti. https://t.co/tGCxH2PXhV,nefret
YUNAN VE RUM KORKUDA  SOM B2 TESTİ BAŞARI İLE GERÇEKLEŞTİRİLDİ.... https://t.co/nrU4cCswSr @YouTube aracılığıyla,nefret
Yeni anayasadan beklentim yahudi donmelerini çilgina çevirecek derecede olmali..,nefret
Türkler olsun dedi düşmanimin düşmanı dostumdur mantii ayrıca aptal Azerilerin bazısı da sevmiyor Ermenistan i Azərbaycan yüzünden tanımıyor mk ulan paki leri de bana savundurdunuz ya mk neyse Ermeni düşmanı olsalarda dorulardan sasmak yok https://t.co/hdUxaKNnef,nefret
#YalanciFoxTv sahibi morduck yahudi bir alman  medya patronu o sebeble yalancidir sasiracak bisey yok,nefret
1 Suriyeli + 1 Afgan alsak kaça birakirsin fis de almiycaz LINK,nefret
"Istanbul, Bizans zulmu gördü, yunan zulmü hertürlü gavur zulmü gördü ama böyle bir zulüm görmemisti #esbaskanEkrem",nefret
"Allahına kurban! Ağzına sağlık onlar;  ingiliz, yunan tohumları.. https://t.co/vrHyzuoG0o",nefret
senin yüzüne tüküreyim canan hanim. mukatele diyemedin mi ki soykirim dedin? allah belani versin önce ermeni erzurum ve doguda rus himayesi altinda bizi kesmedi mi? soykirimci olsa osmanlinin ermeni disisleri bakani ve mebuslari olur muydu? hani yazili soykirim plani nerede?!,nefret
Bosuna yazmiyorum gida ile hasta ediyorlar öldüremediklerini suriyeli doktorlar.!la halledecekler. LINK,nefret
"Rus dölü önemli değil, 128 milyar dolarımız nerede?!
Dünya küçük!
Kaçacaklarını sanıyorlarsa, yanılıyorlar.
Önce, 2002 sonrası, sonra da, 2002 öncesi yahudi, hristiyan hain hırsızlar, mirasçılarına kadar hesap verecek!
ACIMADILAR!
ACIMAMALI!
Anlayanlara iyi geceler. https://t.co/4rWbCucmya",nefret
"Belediyemiz Kurtuluş etkinlikleri çerçevesinde, ÖYKAM'ın (Ödemiş Yıldız Kent Arşivi ve Müzesi) kuruluşunda büyük emekleri olan Prof. Dr. Engin BERBER, ""Yunan İşgali ve Birgi"" konulu soluksuz geçen konferansı için... https://t.co/XYMlMMWJrq",nefret
"Anlamıyorum bir kesim günlerce akp orman yaktı diyecek sonra pkk üstlenecek susacaklar 
Aynı şerefsiz medya Kayyum diye diye götunu yirtacak sonra masum Kürt anneler katil pkk ve hdp binasının önünde oturma eylemi yapacak çocukları geri verin diğe kimse görmeyecek onları ...",nefret
"#ZkuşağıBilmez eskiden bizim Rum, Ermeni, Yahudi, Çerkez, Kürt... Her dinden komşumuz vardı. Şimdi ülke tek din kafasıyla araplarla doldu.",nefret
Rum artığı bunlar Rum 🤬 https://t.co/hpANYb3u28,nefret
Adanayi Suriyeliler isgal etmis olabilir mi?? Her yer Suriyeli! Türk yok gibi...,nefret
Bu Mansur ülkücülük ten komünistlige geçen Mansur degilmi...yahudi kanalında konuşuyor..bu işte bir ibnelik var,nefret
devlet eli ile suriyeli isçi alimina tesvik türkler aç gezse de olur #ibbyeboykot #birkezolsuntepkikoyun #yenikapi #suriyelileristemiyoruz #suriyeliler,nefret
"Sevgili @USER ve @USER 
Sadece 7 kisinin begendigi, içerisinde küfür ve hakaret olmayan su tiwitim için hakkimda dava açildi.
Koca üniversiteyi bombalamak isteyen cihadçi terörist suriyeli'NIZ @USER nickli muhammed nur  için halen gözalti haberi gelmedi? LINK",nefret
"Suriyeli ehliyetsiz sürücü polisin takibinden kaçamadi - Samsun Haberleri

LINK LINK",nefret
"ABD,NATO,Avrupa Birligi Siyonizmin insanlar üzerinde kuracagi baski ve sindirme amaciyla kullandigi silahlaridir.Tüm insanlarin yahudi irkinin hizmetçisi, kölesi olacagi büyük devlet kurulusuna hizmet etmek için dizayn edilmislerdir.ISRAILIN
çikarlarina hizmet ederler.",nefret
"jum7100Ajdar pekkan senin göz olsun diye yasadiginizi biliyoruz...ama bu kadarda pes o çatallari baska insanda kullanmali...kedi pis hayvanda degil sevdigim hayvan ama yazik ya o restorana da yazik...ajdar pekkan böyle yapti diye de onu yüceltmeyin o kendini bilmezi...ama bunu iyi bir Müslüman yapsin dünyasini yikardaniz,izmir'in bokunun kokusunu Müslümana yüklerdiniz",nefret
burak şalını kafama dolayıp başımı kapatmış sigara kokusu sinmesin diye ben suriyeli taklidi yapıp para dileniyorum,nefret
77 seçimleri 5 haziranda yapiliyor 18 haziranda üç aylar basliyor ramazan diye sallayamayinca üç aylar diye yutturmaya çalisiyor ateist yalanci kaymakam. ??,nefret
"Bunlar Kürt değil Ermeni arkadaşlar.

Yıllarca kürtlerle iç içe yaşadım abdestinde namazında tertemiz ve çalışkan insanlardı.

Kemal,Selahattin,Canan ve bu tarz kişileri iyi inceleyin hiç birisinin ne Türk ne Kürt olduğunu göreceksiniz hepsi ABD ye köpeklik yapan Ermeni dölüdür.",nefret
"Hem bir İmam konuşuyor hem de Ayasofya Cami’nin imamı konuşuyor , tabi sinirlenecek kripto rumlar hahaha",nefret
":)) çinli bu... 2000 yıl öncede güvenilmezdi şimdi de... Ne biliyoruz bize yolladıkları aşının içinde de tuzlu su olmadığı

#DevletiminYanındayım 

https://t.co/A81cN4q3IR",nefret
"Arkadaşlar çok afedersiniz ama bu amına KODUĞUmun bazı yandaş medyaları (ATV,startv,TRT,Ahaber) Suriyeli yavşaklar taciz kavga gibi olaylara karıştığı zaman neden yabancı uyruklu diyorlar ANANİZ SİKİM SİZİN COK ÜZGÜNÜM ARKADAŞLAR TEKRARDAN",nefret
Sizin gibi geri zekalilar önce yahudi oyuncagi olmaktan kurtulun#KabeyiSavunacagiz,nefret
"Ulan ibne kilikli herif adam karini taciz ediyor birak tacizi yanina kadar yanasiyor, gözlerine bakiyor, selam veriyor sen adami dövüp gebertecegine adam seni hastanelik ediyor silahla yanina geliyor alip kafasina sikacagina eyvallah Arda kardes diyor olayi mahkemeye tasiyorsun, kilibik gibi polisi ariyorsun mahkemeye veriyorsun.. Son yillarda modami oldu nedir, eskiden erkek adam mekan basar dalardi tek basina simdi ki sogan erkekleri karilarini, kizlarini taciz ettikleri halde polis, savci abilerinden yardim istiyorlar.. :) Zaten sen erkek olsaydin karinla disko, bar gibi örf adetimize uygun olmayan içkiler içilen götü, basi açik kasarlarla ve Arda gibi abazalarla dolu mekanlara gitmezdin biz akrabalarimizla bile bayramlarda tokalasmayacak kadar örf , adetimize, dini degerlerimize uyarken sizin mezhebinize, genisliginize, erkekliginize tüküreyim.. Benim karim degil normal çiktigim bir sevgilim bile degil biriyle selamlasmak, göz göze gelmek, internette bile tanimadigi birine yorum, begeni atsa küfürde etse bir harfte yazsa ki benim kadinim saçma sapan Internet ortaminda olamazken olursa benim için biterken bir de sizin genisliginize bakiyorum. Arda'ya da Türkiye'de ceza verecek birak cezayi adliye salonuna adalet mülkün temelidir tabelasinin önüne çikaracak hakim ve savci anasinin karnindan da dogmadi çünkü ceza alman için fakir olman lazim.. Benim gibi teröristlere küfürler etmen lazim, memleketime küfürler eden gavatlara agizlarinin payini vermen lazim konusu ne olursa olsun karsi taraf sana agzini bozdugunda egolu yaklastiginda benim gibi hadlerini bildirmen lazim sana ceza vermeleri için biz teröristlere sadece mesaj ve yorumla küfür ettik ceza aldik sen elle tutulur gözle görülür kameralarinda oldugu mekanda bir kadini taciz ettin hastahaneyi silahla bastin sana mi ceza verecek amk hukugu.. adam karakola ifadeye renge roverla gidiyor benim gibi mavi dolmusla degil.. Ama iste böyleleri adam saniliyor..",nefret
"Ulan eger Türksen  Türküm, dogruyum, çaliskanim diye baslayan bir andi Türk çocuklarinin söylemesinden neden rahatsiz olursun ki? Gavur musunuz lan siz? Nesiniz, açikça söyleyin de biz de bilelim artik.",nefret
Suriyeli bir terörist! LINK,nefret
"emreercişin hesabı fetö amerika yahudi işbirliğiyle kapatıldı. Sayın @tcbestepe sayın @suleymansoylu  lütden destek verin, dış güçlerin oyunlarını yıkmaya yardım edin.Emre bey araştırmalarını anlatsın halk göremediği gerçekleri görsün..",nefret
devletimiz suriyeli işçi çalıştıran firmalara 11.400 tl destek vereceğini açıklamış. allah sizi bildiği gibi yapsın. ! #perşembe #suriyeliistemiyoruz,nefret
"İstanbul, Bizans zulmu gördü, yunan zulmü hertürlü gavur zulmü gördü ama böyle bir zulüm görmemişti #eşbaşkanEkrem",nefret
"Ulan  ülkeniz hedefte hala Arap aski , Filistin magdur edebiyati ..Zerre beyniniz yok mu ulan sizin ..Açin tarih okuyun ...Araplar hain serefsiz asagilik bir toplumdur ..Nokta..",nefret
Ateist kemalist putperestler neden hristiyanliga yahudilige saldirmazlarda sadece ISLAMa saldirirlar.......?,nefret
sanatçi diye topluma yutturulanlar ya beyaz türk kripto yahudi ya da ermeni diasporasinin içimize alevi ya da kurt diye gizledigi kripto ermenidir... bunlari gezi olaylarindan taniriz bunlar küfrün yasal teröristlerdir.,nefret
"sualler çogaltilir lakin cevap hep hayir olacak !
bir mes'elede dahi yek vücud olamiyorken yahudi kafirinin açtigi binbir mes'ele bu birliktelik nasil tesis edecek ?
veya niçin tesis etmiyor ?
niçin sesiniz bir agizdan çikmiyor müslümanlar ?
hala ninnilerle uyuyacak misiniz ?",nefret
"Bu Acilari Sizde Yasayacaksiniz Çocuklarinizda Torunlarinizda Yasayacak
Bu Is Burda Bitmez
Ne Yaptiysaniz Aynisi Size Yapilacak
Ermeni Tohumlari
#AnnelerDireniyor LINK",nefret
bu depremlerin sebebi anadolu'yu sürekli sıkıştıran arap levhasıymış... insanından ayrı kültüründen ayrı levhasından ayrı çekiyoruz amk,nefret
kapatalım yahudi televizyonunu  #YalancıFOXTV,nefret
"Müslüman Uygur Türk'ünü görmeyenin
Filistin feveran i hiç inandirici gelmiyor .
Velev ki Filistin konusunda samimi 
Uygur Türk'ünü görmezden gelerek Filistin feveran i yapmak 
Türk düsmanligi
Arap seviciliginin ilanidir .",nefret
"#MuhammedNurTutuklansin bu suriyeli piç neden halki kin nefret falan filan suçundan tutuklanmiyor.

yediginiz hurmalar gün gelir 

götünüzü bu suriyeliler tirmalar. beslediginiz kargalar oyar bir gün gözünüzü..... LINK",nefret
siz ancak tinerci dersiniz 2 yıllık tarihi olan takım dersiniz biz ise size şikeci deriz fetöcü deriz rum deriz fransız deriz maklubeci deriz gavur tohumu deriz sizin efsaneniz fethullah gülen adlı kansız ve zekeriya öz denen piç kurusu bizim efsanemiz seba ve baba hakkı'dır,nefret
Allahın izni ile ait olduğun yere gireceksin ermeni taşnak tohumu.,nefret
"#HocaliKatliamiNe yaparsaniz yapin soykirimi unutmayin. Çünkü unutulan soykirim tekrarlanir.
Aliya Izzetbegoviç

29 sene önce, Ermeni teröristlerce alçakça gerçeklestirilen Hocali Katliaminda kaybettigimiz tüm soydaslarimizi rahmet ve saygiyla aniyoruz.

Unutmadik, unutmayacagiz",nefret
yazılımcı+jordan peterson hayranı+ benim iq’um şu kadarr+ feminist asagilama+karl marx bir budaladirrr!= modern musluman/hristiyan sik kırığı,nefret
"Uzun menzilli Yunan kadınları en az İran kadınları ve Çinli kadınlar kadar tehlikeli. Suyun içinde dahi yanan Rum ateşi bir güvenlik sorunudur. 🤭

İmparatorluk yıktırıp sıfırdan devlet kurmak zorunda bıraktılar bizi... Aman diyeyim 😅 https://t.co/I5GLMSsVF0 https://t.co/8s9ZatcXfy",nefret
"Kadin diye ismini andiklarinin tamami uzun tirnakli seytan 
O kürt Anneleri kapinizda yatiyor teröre tasaronlugu birakip o annelere kulak kesilin... LINK",nefret
"3 ayda hisseyi %5 yükseltmeyen anasını s....diğim tahtacı endex düşmeden, nötr iken  %5 hisseyi aşagı çekiyor yahudi köpegi",nefret
"Suriyeli teroristleri TC sinirindan içeri sokan, vatana ihanetden yargilanacaktir  LINK",nefret
"Ortalik Tayfun Yilmaz Vine 'larina Döndü "" Bu Yussuk Mevzuu Kapansin Artik Ha! "" -Biz Ne Zaman Ülkede Kendi Kendimize Kalacagiz? Ne Zaman ""Yillardir arap görmüyoruz he, bir zamanlar ülkeye hasere gibi dalmislardi"" öbeklerini kullanacagiz.",nefret
Defol git su takimdan piç çöp herif istemiyorsun fenerde git ulan sana verilen paraya yazik ziyansin kaziksin defol git lan bir de baskan maddi durumdan dolayi maasini düsürmek istemis kabul etmemis vicdansiz çöp bir de baskan gondermek istemis fenerde mutluyum demis it peki nasil kurtulacaz senin gibi bir çöpte Fenerbahçe den aldigin paralar haram olsun sana emek hirsizi nefret ediyorum senden o kutsal formayi hiç hak etmiyorsun defol git o yüzden çöp,nefret
allah aşkına şu çiçek böcek paylaşanları rt etmeyin vallahi billahi oyun büyük onlarla oyalanmayın hdpkk chp birlik içinde hareket ediyor talimatı yahudi asıllı beyaz türk veriyor taraftar gruplarını da kullanacaklar sosyal medyaya hakim olmamız gerekiyor çay çorba zamanı değil,nefret
reis bm genel kurulunda suudi'lere israil'e rumlara ermenilere keşmir sorunu'na pkk ve ypg'ye kötü daldı be yaa...,nefret
Resmen Arap işgali bu. https://t.co/fAPOAyTahz,nefret
"Tepkim manşet oldu. Anavatan ve Halkın cebinden verin.Halka yok milli günlerde bayraklarımızı ekrana koymaktan bile kaçınan  Rum sevicilere ve patronlara var.Halka yok CTP'nin SİM TV'sine Besim Tibuk,Asil Nadir,Ertan Birinci,Ali Özmen Safa ve Ersin Tatar ile eşi Sibel Tatar’a var https://t.co/H7C6zhdprO",nefret
 oguz.eken_ ya arkadasim haydi isine hadi... Bu igrenç adami sadece bu olay için mi yargiliyor sence herkes? Bu adamdan bütün Türkiye her zaman nefret ediyordu yaptiklari artik bir degil iki degil haddini bilecek! bir bundan 5 ay önceki yorumlara da bak 1 sene önceki her zaman nefret edilen biri bu adi pislik varos görgüsüz cahil kendini bir bok sanan bu igrenç kisilik. Sen anlamiyorum nasil bu genislikle böyle bir kisiligi savunabiliyorsun gerçekten pes. Don bir yorumlara bak bakalim yorumlarin yüzde 99.9 u bu adama nefret... Sen düsün bakalim ben neden yüzler 0.1 ilk kisiler içindeyim diye,nefret
#KabeyiSavunacagiz Mekke medine ABD ve yahudi usagi Suudi arabistan yönetiminde degil mi MBS size söz hakki vermez.,nefret
ANAMIZI SIKTIN LAN SIKTIR GIT ARTIK AMINA KODUMUN SURIYELISI!?,nefret
Go home nabil.sijtir git  çingenesi,nefret
"#TürkTelekom özellestirilerek Arap sirketi olan Ojer e satildi ve araplar Türkiye de alt yapiya hiç bir sekilde yatirim yapmadan sadece fatura paket fiyatlarini artirarak Türk halkina akp iktari ile büyük kazik attilar. 3.5 G, 4.5 G vardi hani ne oldu? 5,8 #deprem de yok oldu.",nefret
"dünyanin en fakir 50 ülkesinin 32'si müslüman. bu 32 ülkenin devlet baskanlarinin tamami ""dünyanin en zengin ilk 500 kisisi"" arasinda...",nefret
30 kuranı kerimin ayetleri için neden safsata demiştir...? 31 sabetay sevi denilen kişiye neden hayranlık beslemiştir...? 32 nerede sarhoşken yahudi olduğunu ağzından kaçırmıştır.? 33 1928'de devletin dini islamdır ibaresi neden çıkartmıştır.? #annelerledireniyoruz,nefret
"Sy. Cumhurbaskanim, sahi DIPLAMANIZ NEREDE?   @USER 
Madem diplamaniz var o zaman gösterin basin'a siz de kurtulun biz de.
Bu ara Ülkemize doldurdugunuz bu Suriyeli araplari ne zaman geri yolayacaksiniz?",nefret
Canan denen ermeni artigi terörist 9 yil aldi. LINK,nefret
Koca Avm de 2 kishi gördüm . Son 30 yilin en büyük krizi gelmish 20000 ABD  dolari 30000 Canada dolari ve 120 000 000 000 TL. Sen hala halkin malini mulkunu sattirip savash naralari at 4 milyon suriyeli besle 2 trilyon dolar savasha yatir LINK,nefret
"Ermeni teröristleri tarafından 1992 Karabağ Savaşı zamanı öldürülen bebeklerin, kadınların cesetleri bulundu..
#HocalıKatliamı #KarabakhisAzerbaijan #Armenia #Ermenistan https://t.co/QAF2UooYx5",nefret
"#NewrozPirozBe Zevroz, içimizdeki hain, terörist, Ermeni, Rum, Yahudi Hainlerinin bayramı değil.. Kürtleri kandıramazsınız, sahiplenmeyin.",nefret
Ermeni partisi hdpyi müslüman kürt Anneler bitirecektir insallah LINK,nefret
Çinli kahpe nerede ?,nefret
Eskiden nereye baksam sen vardin simdi suriyeli,nefret
"#Muhammednurtutuklansın Ülkemizde  suriyeli istemiyoruz derken bunun gibi riskleri göz önünde bulundurarak söyledik hep, yakında bu insanlar nüfus olarak belli bir gücü ele geçirdiği zaman  görürüm o göçmenler hoşgeldiniz diyenleri. https://t.co/nxtyiaS9P0",nefret
"Asala terör örgütü tarumar olduktan sonra yeni bir olusuma giden bu Ermeni tohumlari, Kürt halkina en büyük zulmü yapmis ve yasatmistir. Selahaddin Eyyubi'nin nesli,
Artin Agopyan(Abdullah Öcalan) denilen bir Ermeni soytarisi ile kirlendirilmek istenmektedir. Oyuna gelmeyin!! LINK",nefret
"Dün sıfır arabamla, Konak, Alsancak bir gezeyim dedim.
Her taraf Suriyeli...
İmam bir arkadaşa sordum,
""Din kardeşleriniz camiiye geliyorlar mı?""
""Sen geliyor musun ki onlar gelsin"" deyip laf çakmaya kalktı.
Hoca bu durur mu:
""Lan onlarla sen din kardeşisin, ben değilim ki..!😂😂 https://t.co/mtIXADuxUF",nefret
"Ermeni vampir gibi kanımızı içecek;
Bir ateşkesle acımız mı geçecek?
Bu rüzgârı ekenler, fırtınayı biçecek!
Ozan Arif diyorki yaydan çıktı ok artık
“Ya Karabağ Ya Ölüm!”
Başka yol yok artık!

| Ozan ÂRİF / 1992

#Qarabağ
#AzerbaycanSeninleyiz

🇹🇷🎖🇦🇿 https://t.co/QFPCGCiYgM",nefret
".
.
ermeni seytanin Damat Alay'i*",nefret
"#5EYLÜL #KURTULUŞGÜNÜ #SULTANHİSAR
İlçemizin Yunan İşgalinden Kurtuluşunun 
97.Yıldönümünü kutluyor, başta Gazi Mustafa Kemal ATATÜRK olmak üzere, bu toprakları 
Vatan yapan bütün Şehitlerimizin ruhları Şad, mekânları cennet olsun.
İlçemizin Kurtuluş Gününü kutlu olsun. https://t.co/cMFwnrmfXA",nefret
"Dinsiz ermeni piçleri medyayi ele geçirirse, fitne dogar, fesat çikar, kaos çikar. Çok sükür, bunlarin Türk ve Islam düsmani ermeni piçleri oldugunu bilmeyen az insan var. LINK",nefret
"Suriyelileri bile salmaya çalisiyorlar universiteliye

Suriyeli adam olsaydi da ülkesine sahip çiksaydi.
#burasiTürkiye
#AsagiBakmayacagiz",nefret
gizli yahudi ve mason teskilatinin servet ve hakimiyetiyle mühim rol oynadigi fransiz inkilabi aslinda basit halk hakimiyeti ve terörden baska bir sey barindirmamistir.,nefret
"İşleri güçleri Devlete baş kaldırarak CB Sn @RTErdogan ‘ın Aleyhinde olmak Sn @RTErdogan gitsin de Memleket İngiliz’in Yunan’ın eline geçse de bunlar İçin farketmez Hatta daha da iyi olur bunlara “Kanın da var”
@sedat_peker https://t.co/HkQepWd3wM",nefret
Ülkenin yarısı Arap dolmuş Aksaray Taksim resmen fethedilmiş İmamoğlu Kürtçe dil eğitimine sıcak bakıyor diye adama laf ediyorlar Çözüm süreci ? Arapçadan bize ne ? Kürtler bu ülke vatandaşı değil mi ?,nefret
"İşte Şiaizm dinine iman edenler böyledir.
Ve sizler bu iğrenç mahluklara Müslüman demeye devam ediyorsunuz!
Islâm da olmayan ne varsa bunlarda var zaten.. Boşuna mi Alevi, Şii rafizi falan deniliyor bunlara..
Ha Yahudiler de kankileridir.
Her türlü Hainler kısaca!

#Aşure #Pazar https://t.co/tVlWymgRBc",nefret
"Gavur ağzıyla Türk Milletine ve Gazi Mustafa Kemal Atatürk'e saldıran kanı bozuklarla aynı havayı solumak acı da olsa Türküz, Türkçüyüz Atatürkçüyüz. #Sivas #ATATÜRK https://t.co/Wlc0HxG5Jj",nefret
Yahudi kansizlar#KahrolsunPkk,nefret
"1. Karabağ Mücadelesi 1992
İşgalci Ermeni Azerbaycan Türklerine SOYKIRIM yaptı 

Katliamdan kurtulanlar YALIN AYAK BAŞI KABAK öz vatanlarından kovuldu.?

2.Karabağ Savaşı 2020
Azerbaycan Türkü vatanına
gururla, şerefle ve ASKER POSTALIYLA geri döndü..! https://t.co/bUI2CPwCcW",nefret
israil dinci emperyalist sermaye kuklası devletinin çaresiz insanları şamar oğlanına döndürdüğü dünya sessiz. yazıklar olsun sizin gelişmişliğinize hadi diyelim fistanlı araplar abd ingiliz emrinde embesiller halkları da mı böyle aşağılık yani?,nefret
Bu anlayisin ve medeniyetin son temsilcisi Osmanli bu nedenle disaridan Siyonist merkez ve Bati dünyasinin ittifaki içeriden dönme yahudi ihaneti ile yikilarak hakim oldugu cografyada yine bu merkezlerin kontrolünde T.C. dahil 70 küsur devlet(!) kurulmustur.,nefret
"#AnnelerDireniyor hdp pkk'ya terörist yetiştirmek için ,onlara saf gariban kürt çocuklarını kandırıp dağa kaçırmak için kurulmuş kravatlı teröristler topluluğudur,pkk'nın siyasî kanadıdır.Hdp'de müslüman kürt yoktur alayı ya ateist yada ermenidir. https://t.co/llRwfyq9Ze",nefret
Kiliçtaroglu daha ne desin. Suriyeli iere kizmayin onlari ulkeye gstirenlere kizin diyor fakat Suriye de yangina körükle giden  AKP li serefsizlere niye böyle yapiyorsun diyen AKP li mi var  kalkarlar kiliçtaroglu  na simdi köpek gibi saldirirlar.,nefret
"#Clio

6 bakanliktan fazla bütçeli belediyeyi kaptiran Akepe simdi ciyakliyor...
Hirsizlik fitratlarinda var çünkü!
Zihniyet Yahudi zihniyeti çünkü!",nefret
Tinder da saga sola kaydiriyordum... Suriyeli çikti amk burda bari salin bi bizi!,nefret
System Of A Down keske Ermeni olmasaydiniz ama bu sizin suçunuz degil basa gelen çekilir napalim,nefret
"Bir Ermeni Artigi terör propagandasi ndan 
9 yil 9 ay cezaya çarptirildi.  Anasindan emdigi burnundan gelsin insallah.",nefret
 burakkkk3535 oglum gelin kamenin sayfasina etiketleyim bir takimi  Arap ligin de transfer sezonu da bitti elimizde kalicak Bu kameni,nefret
Siktir git lan bu takimdan aminakodum cingenesi,nefret
mardin'den gelen emine kaya hdp bizim yüregimizi yakti. allah da hdp'nin yüregini yaksin! bu kürtlük davasi degil amerika davasi. hepsi serefsiz! müslüman degil gavur bunlar! onlarin çocuklari abd'de bizim çocuklarimiz dagda! çocuklarimizi hdp kandil'e götürdü. kandil hdp'dir!,nefret
Rum tohumundan Sultan Fatih'in ecdadını bilmesini bekleyen mi var?,nefret
suriyeli muhammedi yakalarlarsa  öttürecekler yakaladiklari yerde halepten gelmis burayi karistirdi gitti,nefret
"#türktelekom ve turkcell gümledi.??
Hala ses seda yok.
Noldu? ????

Arap'a, is bilmeze satarsaniz iste böyle  acil durumda tosurarak haberlesiriz.??",nefret
Teröristler ermeni terörist yahudi terörist ???? terörist AB terörist israil terörist Iran terörist Rusya terörist Çin terörist Yunanistan #PKKExecutesCivilians,nefret
" bilgekayaoglu3 BU HAYATTA SEN NESIN LAN? ELINDEKI ÜSTÜNDEKI 3 KURUSLUK SEYLERLE BU HAYATTA VAR OLMAYA ÇALISAN, KENDINI BIR BOK ZANNEDEN AMA HAYATINDA HIÇBIR ZAMAN KAALE ALINMAMIS YARRAK BEYINLI, EZIK, SOMUT SEYLERE ÖNEM VEREN ONLARDA DA BASARILI OLAMAMIS, ÜSTÜNE BILE BASMAYACAGIM BIR BÖCEKSIN. BOK BÖCEGISIN. O CAHIL ANNENLE BABANDAN ÇIKA ÇIKA SENIN GIBI GEREKSIZ, BIR BOKA YARAMAYAN BIR ET PARÇASI GELMIS DÜNYAYA. KESKE KÜRTAJ OLSAYMIS DA ANNEN SENIN ÖLÜNÜ SIKSEYMISIM.",nefret
Igne Vurulmak Için Devlet Hastanesine Gittim Sadece Doktorlar Türk. Geri Kalan Hepsi Suriyeli Sira Bile Alamadim. Kendi Yurdumuzda Suryeliler bizden önce Geliyor...????????,nefret
Canan Kaftancioglu Ermeni tohumu bir PKK'li,nefret
içinde yaşadığın devlete katil de olmayan ermeni soykırımını tanı terörist seviciliği yap domuz eti ye şarap iç %99'u müslüman olan millete hakaret et şehitler için bir kere yürüme türklüğü ırkçılık olarak gör soran olursa ben kemalistim atatürkçüyüm de o da güzelmiş valla,nefret
@USER kerimcan da ayni duruyordu dalgasi çogu Türk erkeginden büyük çikti,nefret
"#DiyarbakirliAnnelereSesVer
Yıllardan beri söyleriz bu ülkede Kürt sorunu yok bu ülkede Ermeni yahudi Vatan Haini sorunu var haykıran tüm annelerin ellerinden öpüyorum çocuklarınızı bu çakallara yem etmeyin 🇹🇷 https://t.co/CPwSbCusl1",nefret
"Kiziltepede ayakkabisinin tabanina patlayici gizleyen Suriyeli terörist tutuklandi
LINK LINK",nefret
Bizi yolumuz Erbakan hocanın yolu diyen ak trol ve troliçeler hocanın hiç bir yahudi ödülü yada bir yahudi ile kucaklaşdığını gördünüzmü. Dirisine saygı göstermediniz ölüsüne saygılı olun cahiller.,nefret
"Öncelikle benim sayfamda yazmak istiyorsaniz Atatürk'ü büyük yazacaksiniz! Cumhuriyet'i de. Daha sonra gireceksiniz sayfasina, arastiracaksiniz. 23 Nisan'a gönderme yaparak ermeni yalanlarini (sözde katliami) anan, gebertilen teröristleri anan ve savunan birinden bahsediyorsunuz. LINK",nefret
"terör örgütü pkk ""kürt"" vb degil katmerli bir ""gavur"" örgüttür gavur ne demektir peki? anadolu ruhunda müslüman olmayana ""gavur"" denmez kime denir? türkiyemize vatanimiza bayragimiza barisa ihanet edene masum insanlari katleden ""gavur"" denir #analardireniyor",nefret
"kürt selam anadolu hareketi genel baskani galip ilhaner ise sunlari ifade etti ""hacire akar ve fevziye çetinkaya gibi analarin sayisi artmali. 81 ilde bütün pkk hdp il baskanlik binalarinin önünde kürt analar eylem yapmalidir.""",nefret
"#HirsizTayyip 
Aramizdaki yahudi bozmalari Ermeni artiklari Yunan dölleri yine hakarete kalkismis. Erdogan sizi yerle yeksan etti etmeye devam edecek",nefret
Turan corafyasına ihanet edenler tarihin içinde hazin sonlarını görürler türk milleti tarihi düşmanlarını unutmazlar gürcüler Rumlar Ermeniler tarihde turan corafyası hainlik yaptılar tarih örnektir Siyonizm emperyalizm Truva atları biliyoruz #AçıkveNet,nefret
domuz eti yiyen ekonomi devi almanya'da bu hareketi göremezsiniz! merkel tatile çıkar koruma polisinin otel masrafını cebinden öder! toplantıya gider tarifeli uçağa biner! ya bizimkiler? müslümanım der cumaya gider elin alman'ına gavur der ama çatır çatır kul hakkı yer! #yenikapı,nefret
Kodumum yavsaklari bütün türk futbolculari topla bir tane Adam etmez amk,nefret
"29 yil önce Daglik Karabag'in Hocali kasabasinda, Ermeni caniler  tarafindan katledilen 613 Azerbaycan'li sivil soydasimizin katledilmesini unutmadik.

Katliamda kaybettigimiz canlarimizi saygi ve rahmetle aniyoruz. Ruhlari sad olsun.",nefret
"Bu Vatan Bizim
Bu Devlet Bizim
Kimseyle Paylaşmak Zorunda DEĞİLİZ
Ülkemde Suriyeli Görmek İstemiyorum
Sön Sözde Bizim Olacak✍",nefret
"Yahudi dünyasi düsman, icerdeki müridleri düsman. https://t.co/DokOkThNYO",nefret
"suriyeli, seriatçi, kafa kesme meraklisi, paragöz bir mülteci olsaydim daha fazla deger görürdüm ülkemde, aynen dewamkee...",nefret
Tuncelilerde bunu derdi PKK bizden değil Ermeni bunlar derlerdi https://t.co/unTP6HCUQ3,nefret
"26 şubat 1992 Hocalı’da, yüzlerce Azerbaycanlı kardeşlerimizin Ermeni'ler tarafından şehit edilişinin yıldönümü. Şehitlerimizin ruhları şad olsun. Xocalı soykırımdır. 

#XocalıSoyqırımı
#Azerbaycan 
#HocalıKatliamı
#HocalıyıUnutma
#HocalıSoykırımı 
#justiceforkhojaly https://t.co/H2Y8LV4COC",nefret
"Suriyeli (sözde siginmaci) istilacilarin  mafyasi, örgütü, cihadçisindan sonra basimiza bu da çikti!  FETÖ yalaniyla Türk vatandaslarini kandirmaya baslamislar. Sürekli tekrar ettigim üzere  devletin bekâsi meselesi bu!  #SuriyelilerSuriyeye LINK",nefret
Git artik  çingenesi @USER,nefret
"Musevi ,Ermeni,Alevi, cerkez,kurt ,Türk sonuç husran hepiniz ayni siniz ????burdaysaniz Türksunuz nokta.",nefret
Suriyeli sevgili mi yapsam diye düşünmüyor değilim ne de olsa DNA larında gitmek yok,nefret
"Milletimiz sürekli olarak Ermeni düsmani olmakla ve fasistlikle suçlanirken, Ermeniler kahraman pasamizi katleden teröristin heykelini dikiyorlar.",nefret
"mesleğim gereği fas dan mısıra, nijeryadan yemene hepsine gittim.
buradaki şeriatçıları aileleri ile birlikte 3 ay göndereceksin nijerya müslüman bölgesine, dönüşte alayı ateist olur.
islam bir virüsdür. müslüman ülkelere değil batılı ülkelere giden virüslerin dinidir. https://t.co/gSbOyLBL9Z",nefret
"""Malatya - Hekimhan.
Durmuş Durduyan.
1969 yılında isim değişikliği oluyor,
ve,
karşınızda Oğuzhan Asiltürk.
PAKARDUN Ermenisi.
(Pakardunlar, dışarıdan Müslüman görünen, alt kimliği Ermeni olan Kripto bir cemaat)""

Her sakallıyı deden sanma!!!!
https://t.co/XzWXar3NYy",nefret
"#KürtlerinPARTISi=AK PARTIDIR
CHP'LILER,SANATÇILAR YILLARCA KÜRT'LERI HOR GÖRDÜ.AHMET KAYA'YA ÇATAL ATIP LINÇ ETMEK ISTEYEN SANATÇILARI UNUTMADIK
BASKAN ERDOGAN KÜRT KARDESLERIMIZE LAYIK OLDUKLARI ONURLARINI VERDI VE ONLARA HER TÜRLÜ HIZMETI GÖTÜRDÜ
HDP,KÜRTLERIN PARTISI DEGiLDIR LINK",nefret
Bu Ermeni PKK üst yöneticileri ve HDP esbaskanlari ve yöneticileri namusunuz  ve Serefiniz var ise gariban Kürt kardeslerimizi daga zorla götüreceginize kendi kizlarinizi ve ogullarinizi götürün de gerçekten davanizda samimi oldugunuzu görelim,nefret
artan taciz tecavüz olaylarini müslümanlara baglamaya çalisan sapik sözüm sana islam karsitlarinin isledigi cinsel suçlarin binde birini islemez müslüman ve benim dinimizde tecavüzün cezasi idamdir senin dininde 6-7 sene yatar kaldigi yerden devam eder. #annelernöbette,nefret
Türkmenece98Ahmet kuralin her seyi silinsin televizyonlara çikmasin her seyden kesilsin ekmek parasini kazanmasin öyle ceza verilsin serefsize,nefret
Yaklasik 54 bin esnaf kepenk kapatarak iflas bayragi çekti. Tüm ülkeye yayilan Suriyeli Mülteci is yerleri de esnaflarimizin isini olumsuz etkiliyor. LINK,nefret
"Suriyeli promosyonu | Suriyeli çalıştırana Türk işsiz eşantiyon  Haberi, Haberler, Son dakika haberler https://t.co/iGTLkl7Fne @skyturknet aracılığıyla",nefret
"2- Neden  Kafkas Türkleri  Ermeniler tarafindan öldürülüyorken   Azerbaycan'a olan destegimizi  elestirip  Tarafsizlik  ilkesiyle  ARABULUCU  ülke olmayiliz diyerek açiklamalar yaptiniz ?  

Özellikle  Maglesef Cihadist Guruplari gönderdik diyerek  Ermeni Propagandasi yaptiniz ?",nefret
"Algıcı , kansız , Yahudi kırmasının uşağı#ŞeytanınAvukatıRıdvan",nefret
Ermeni isgalinden kurtarilan #Susada yaptirilacak 9 derslikli ilkokulun yer tespiti için MHP'li bir heyet yarin Azerbaycan'a gidecek. LINK,nefret
Fare SURATLI Ermeni Erdal İnönü nasıl alay ederek sırıtıyor... https://t.co/2bP65E6AdA,nefret
"Bunlar Kürt degil Ermeni arkadaslar.

Yillarca kürtlerle iç içe yasadim abdestinde namazinda tertemiz ve çaliskan insanlardi.

Kemal,Selahattin,Canan ve bu tarz kisileri iyi inceleyin hiç birisinin ne Türk ne Kürt oldugunu göreceksiniz hepsi ABD ye köpeklik yapan Ermeni dölüdür.",nefret
işte istedikleri gelecek kindar nesil (!) 21.yy da anlamını bilmedikleri arapça metinleri ortodoks yahudi dua tekniğiyle sallana sallana ezberleyen beyni bünyesini terketmiş mankurt islamcı veletler,nefret
Yakinda cezalarda özellestirilirse sasirmam bu ülkede . Arap zihniyeti pismanliktir. #sigara,nefret
"Türk milli takimi formasinin orospu çocuklarina giydirildigi kanaatine vardigim 1995 yilindan beri Türk milli takimini desteklemem , azili düsmanlarimiz yunan bulgar ve ermeni köpekleri ile maç yapsalar bile desteklemem",nefret
"Yahudi deccal ibne gavur kafir 
Getölar lanetlik yahudi 
Fetönüzun sizinde taaaaa https://t.co/oJwHXnVDUx",nefret
"Saten bu kadin oyunculuk disinda her seye muhalefet bu kesin RUM
SEVIMSIZ KADIN LINK",nefret
"Bu ermeni dölü @USER az o..osbu degil

Hayirli Cumalar
#Susamam LINK",nefret
"sınavları iptal etmeyen ermeni olsun inşallah.
@RTErdogan 
@ziyaselcuk 
@drfahrettinkoca 
 #NoticeTurkishStudents",nefret
bi rus aile var ingilizce bilmedikleri için mahcup bir sekilde derdini anlatmaya çalisan bir de arap aile var yüzüme arapça bagirdiginda anlayacagimi düsünen... ben o ikincinin anasini sikeyim iste,nefret
Kendi ülkemde Arap sevicilerden trip yiyorum. Oglum onlar sizi hiç sevmiyorlar niye böyle yapiyorsunuz ahsgsgsg,nefret
"Terör ve terörist sevici, ermeni yalakasi Canan Kaftancioglu artik hakettigi yerde yasayacak;Kodes'te.",nefret
En kalles gavur Yunandir LINK,nefret
"Sizi Rumlar katletti. Annenizi, babanizi, dayinizi,dedenizi öldürdüler. Yaninizda Türkiye olarak biz vardik. Geçmis geçmiste kalmistir derseniz eger, adiniz soyadiniz Türkçe,para biriminiz TL, adiniz bile Kuzey Kibris TÜRK Cumhuriyeti. Nedir bu Rum sevdasi? Çok kolay unutuyoruz.. LINK",nefret
"Kendi ülkesinden kaçıp gelen bu suriyeli oç , benim ülkemde terör eylemi yapacak 
O göt sende olsaydı ülkenden kaçmazdın https://t.co/anVLKHQ8h2",nefret
"Bunlar dünyanin neresinde olursa olsun insanlik suçudur, terörizmdir. Ancak dünya çifte standart uyguluyor. Konu Türkleri öldüren Ermeni, PKK, Yunan, Fars vs olunca dünya susuyor. O yüzden biz yalniziz ve dünyaya adaleti silahimizla biz getirmeliyiz. LINK",nefret
"Bay bay Türk düşmanı Ermeni, terör sevici canan https://t.co/KYCuGbwMxX",nefret
ARAP TURISTLERIN ZEVKI SEFASI IÇIN SAPANCA'DA 3 BIN AGAÇ KESILECEK - Sakarya Medyasi LINK,nefret
Bu Suriyeli adam benim göz zevkimi bozuyor ???????? LINK,nefret
Biz türk toprağında türke yan gözle bakan bizi alt etmeye çalışan suriyeli görmek istemiyoruz onların burada kalmasına izin verenler ülkeye ihanet içerisinde olunmasına sebep oluyor #suriyeliistemiyoruz #uelkemdesuriyeliistemiyorum,nefret
"pkk 80'li yillarda güç kaybeden asalanin devamidir.Bu ülkede kürt sorunu yoktur.Bu ülkenin en büyük sorunu ermeni sorunudur.Türkiyede yasayan hiçbir kürt,ermeni diasporasinin umurunda degildir.Oyuna gelmeyin,ermeniye inanmayin.""HdpPkknin SiyasiAyagidir""",nefret
istanbul sözlesmesi'nin hedefledigi sey ailenin yikilmasi escinselligin mesrulastirilmasi ve escinsel evliliklerinin yayginlastirilmasidir. bunlar müslüman bir toplumda olacak sey degil. mahkum ekimde af bekliyor,nefret
"Resmi açiklanan 4 milyon, gerçekte 7-8 milyon Suriyeli arap ile yasamaya çalisirken 3,5 milyon Suriyeli kaçak daha bekleniyormus. 
Memnuniyetinizi AKP'ye sikâyetinizi CHP'ye bildirirsiniz artik.",nefret
Ingiliz Bakan Trevelyan'dan sert Iran çikisi: O arsiz Iranlilar... LINK LINK,nefret
Kürt sen içme basi götü dagitiyon sonra LINK,nefret
"İbnelerin teminatı,
Vatan hainlerinin sigortası
Rum kalıntısı
Yunan bozması
Bizans artığı
İBB Başkanı Ekrem İmamoğlu 'da tokat niteliğinde ceza

Ohhh Ohhhh....",nefret
"Budur.
TÜRKIYE'YI ve DÜNYAYI yönetip, soyan, kan ve gözyasina bogan yahudi hirsiz caniler ve ülke hainleridir.
Bir avuç yahudi hirsiz ve suçortaklari, dünyanin yönetimini kaybetmemek için her pustlugu sergiliyorlar, dünya insanligini savaslarla, salginlarla, korkularla oyaliyorlr LINK",nefret
"Haydi hayirlisi ermeni basi deccal aponun karayilani bayik 
Kistirildi müjdeli haber LINK",nefret
Kürt kılığına girmiş ermeni pkk ya karşı #AnnelerDireniyor,nefret
Norveç takımı..... Norveç’e yerleşme vakti geldi pis ingiliz ve Arap görmekten bıktım,nefret
Bizim göçmenimiz aşı buluyor Suriyeli ler anca nargile içsin,nefret
Bu adam herşeyi çok biliyor bu yalakalıkla kesin danışman olur cem küçük denen Atatürk düşmanı ermeni #tuerkiyeninnabzi,nefret
"Çocukları HDPnin köpeklik ettiği PKK tarafından dağa kaçırılan, dağda tecavüze uğrayan yada zorla eline silah verilip asker ve polise saldırtılan, vatanı ve bayrağına bağlı gerçek Kürt anneleri Ermeni ürünü PKK ve HDPye direniyor
#AnnelerDireniyor",nefret
"Lan oglum Fransiz misiniz, Suriyeli misiniz,,yoksa Yunan misiniz.? Malum onlar da bizim herseyimizi sahipleniyor... #ÜçlüBesiktasinÜçünBiriGsnin",nefret
"#NedirNeDeğildir 
Aytug.... diyor annelerin muhattapi devlet diyor   sanki devlet gidip yan komşudan kiz ustiyor veyagit bir fincan kahve vere bilirmisin diye  öküzzzz karšindaki ermeni dölleri pkk",nefret
"2- İslami bir değer olan Muhacir/Ensar anlayışıyla yaklaştığımız Suriyeli 'muhacirleri' okulda, otobüste, belediyede, sosyal yardımlaşma vakıflarında, hastanede, postahanede görüyoruz ancak camilerde neden göremiyoruz ?",nefret
"nisaçaliskan.xAbi kimin kimin ile çiktigindan sizene aq.Yas farkindan sizene,seviyorlarsa çiksinlar.Sanki siz asiri harikasiniz da insanlara gelmis laf atiyorsunuz,kizin dudagi ile dalga geçiyorsunuz,pislik diyorsunuz. Peki size hiçbir zararlari olmayan birilerine ve tanimadiginiz etmediginiz insanlara neden kötü seyler takistirarak laf atma gereksinimi duyuyorsunuz.Harbi IQ 9 ya.Sonra neden Türkiye gelismiyor?",nefret
"Bence burada Katar devleti paravan asıl kar kime gidiyor, Aynı Türktelekom 'da olduğu gibi, orada da  arap paravandı. Yiyenler başkası.",nefret
#nihatözdemiristifa hep yahudi taktigi madurmus gibi görün agla sizla ve istedigini al. Mk fransiz köpekleri 2 senedir hakemlerle sampiyin oldunuz. Köpekler,nefret
"Eyyyy #ZKusağıDinle 

Türkiye düşmanı yahudi mördakın fox'un Türkiye'deki izleyici kitlesi 

fetö - pkk - kemalit - tengriciler - vb mankurtlardır
FOX TV

#HayırlıCumalar
#dogecoin 

@SedefKabas'ın dediği gibi; yalanı bol bol tekrarlayın
 https://t.co/LT7rTn8hca",nefret
"98 yil önce kazanilan ""Sakarya (Polatli-Haymana) Zaferi"",  Ingiliz destekli Yunan'in hayallerini söndürüp; isgal altindaki kutsal vatan topraklarinin bir sene içinde tamamen düsmandan temizlenmesi için gerekli olan gücün olusmasini da sagladi.
Görsel: @USER LINK",nefret
"FOX TV'nin haberinin yalan oldugu, belgelerle ve delîllerle ispat edildi.

FOX TV'nin kendisine âdet edindigi yalancilik, Türk ve Islâm düsmanligi, her zamanki gibi kendisini göstermeye devâm ediyor.

Seni izleyene yaziklar olsun Yahudi Murdoch'un alçak kanali! #YalanciFOXTV",nefret
ugurozTürk1618 Kürt sonuçta. Kro ne beklersin,nefret
18 1933'e kadar üniversitelerden temizlenen osmanli müderrislerin yerine sadece istanbul üniversitesine neden yahudi 22 profesör ve yahudi 90 asistan yerlestirmistir 19 neden halk aç iken tekel bira fabrikasi kurdu ve fuhusu genelev olarak resmilestirdi #annelerledireniyoruz,nefret
"Trabzon'un Çaykara ilçesinin Rus ve Ermeni isgalinden kurtulusu (1918)
Artvin'in Savsat ilçesinin Gürcü isgalinden kurtulusu (1921)????",nefret
Tag a yazilanlari okuyorum da ya gerizekalisiniz ya da vatan haini. Ulan rumlar sizi dograyali 50 sene olmadi. Türkiye kostu imdadiniza. Sizin için vatan degilse sehit kani akittigimiz Kibris bizim için yavru vatan oldu. Mücahit Denktas in kemiklerini sizlatiyorsunuz. #AhKibrisim,nefret
Ne zamandir izledigim en güzel video )) Ezik ermeni kabile fertlerinin Susadan geçerken çaresiz askerlerimize Azerbaycan ve Türkiye bakmasi !!! Birde duygusal klip yapmis ezik ermeni idiotu ! Neyse bir daha izleyeyim çekirdek yiyerek )) ???????????????????? LINK,nefret
"Muslumanlik araplarin dinidir, Turk milletleri tarihleri boyunca sadece gokyuzu ve yildizlara bakmis ilim ve bilime inanmis bir toplumdur.
Bugunlerimiz ise sadece utanc tablosu, geriledik ve gerilemeye devam edip yobazlarin icinde yaslanacagiz.

Arap kulturunun anasini sikeyim!",nefret
Türk- Yunan çekişmesinde bir galibiyet daha 🎉 https://t.co/jy8FJTzIlt,nefret
"teklif edip duruyor. Birçoğunun bu şahsı tanıdığına emin değilim. Aslen Balıkesirli ordan babaları Ernise gelmiş Rus ve Ermeni işgalinde buradan gidip ailesi Adana’ya yerleşmiş ve bu kişi orada doğmuş büyümüş, sonrası komünist fikirlerle tanışıp komünist bir yazar olmuş.""",nefret
Dolayısıyla müslüman mahallesinde salyangoz satamadılarından zaman artık siktir olup gitme zamanı. Biz ümmet birliğine doğru yürürken sizde ağababalarınıza doğru siktirin gidin sümsük sünepe gavur tohumları.,nefret
hristiyan olmak isteyen defolup gitsin bir zahmet avrupaya dinsiz imansızlar grubu,nefret
Suriyeli veya baskasi.bunun yapan tek kelime ile orospu çocugudur.dini kitabi irki olamaz. LINK,nefret
"#7Eylül
#Aydinimizin Yunan isgalinden kurtulusunun Yil dönümünü kutluyor basta M.Kemal Atatürk olmak üzere,#Aydin`in kurtulusuna vesle olan büyük kahramanlk gösteren,milletimzn selameti için canlarndan vazgeçen aziz sehitlermze Rabbimden rahmet diliyor ve minnetle aniyorum.",nefret
"Hayirli sabahlar. Anlayana, anlamayanlara.catlasanizda, patlasanizda insallah allahin izniyle bu gencliy gelir onu bilesiniz.rum.ermeni.yahudi.tohumlarina bi uyari olsun diyelim.????????.#ErdoganinYanindayiz . LINK",nefret
melda011987evli olmasa kaçirmazmis tüh be yaziklar olsun sana evde bekleyen esin hiç mi aklina gelmedi yazik p kadina Allah yardim etsin bir Abaza daha ..sinem basina birsey gelmeden kurtardi kendi mi Allahtan,nefret
"Ulan telekom işi biliyon,eski arap ortaklarındanmı kaldı bu rüşvetçi zihniyetin,ne demiş ünlü düşünür Reza Zarrab rüşveti peşin vericen demiş,hadi s.... git dünkü yaşattığından sonra,g.t versen bile yoksun benim için,Ailemdeki 6 hatta bugün Turkcell e gececek  #AdamsınTelekom",nefret
"Burda yoruma bakın ""Kürt militanlar "" diyorlar,ama biz PKK ya Ermeni ve Yahudi kuruluşu diyoruz,bu kesinlikle bir Kürt ve Türk karşılaşması değildir.bunu diyenler #şerefsizdir . https://t.co/kyHvUaxI8f",nefret
"Bi köpek bile ışıkta yeşilin yanmasını beklereken, bu arap'lar  metro da inmeden zorla binmeye çalışıyorlar twit bu kadar. https://t.co/Tyit2Tuxse",nefret
"#kürtler nemutlu müslümanim diyene
Kahrolsun kürt kiligina girmis ermeni dölleri",nefret
Benim mehmetçiğim Arap topraklarında şehit olurken Suriyeli vatan hainleri cafelerde nargile keyfi yapıp kadınlarla eğleniyor ! Uyan Türkiyem uyan !!! https://t.co/cyPDjxuokw,nefret
"Bunlara makam araci diyenlerde diyenlere inananlarda vatan haini ermeni picidir 
Valiler bütün CHP belediyelerinden araç sergisi istesin görelim asil saltanati ve hirsizligi LINK",nefret
hdp chp pkk ve ermeni uşaklarını inançlı analar yerli iha'lar milli silahlar bitirecek #analardireniyor,nefret
y-chp'nin simgesi k.rdofil ermeni yalakasi canan kaftancioglu'na da akp'ye de karsiyiz! bu ikisi birbirinin zitti degil ayni kapinin yoldaslari! basbugun partisi kemalist özüne dönmeli!,nefret
"Suriyeli bir soysuz Boğaziçi'ni bombalamak istediğini söyleyecek kadar özgür iken, Üniversite öğrencilerinin yerlerde sürüklenmesi...",nefret
yasli bir dedem terbiyesi olmayanlara teknoloji ne gerek taktik tahrik terbiyesizlik olanlara lpgdtg.ö.t olanlara hiristiyan yahudi olmus lut kavmi gibi ne farkeder ki i,nefret
Hamamlari murdar ettiniz simdi sipa lafi cenabet lendiniz bademci lir sekizi kesin de kurtulun,nefret
1 suriyeli + 1 türk ise alacagina 1 türk + 1 türk isçi ise alin amk LINK,nefret
ORUL ORUL O.Ç ARABISTANA GITMEZMIS AMK CINGENE PIÇ,nefret
"Fransızlara wc yi öğrettıklerıyle öğünen kaskafalılar

Hala cıplak eliyle pilav yiyen Arap domuzların kıçını öpmekle gurur duyuyor utanma sıkılma hakgetire https://t.co/ho344XzgXN",nefret
"#HırsızTayyip miş baydınız beee, bu söylediğinize siz de inanmıyorsunuz ki. Maksat Yahudi taktiği, Çamuru at, tutmasa da izi kalsın... Yemezler, ötede oynayın yeriii...",nefret
yunan'a eskiden rum denirmis mustafa kemal bunlari izmir'de denize döktükten sonra yunan olmus yani yikanmak temizlenmekteki yunmak. 100 giderli etimolojik mizahtir kshsaja,nefret
KURNAZ RUMLAR HAREKETE GEÇTİ https://t.co/w2yQSD3SzA,nefret
devlet kirmizi halilarda davul zurna ile senin o simdi açiklayabildigin ermeni döllerini karsilayarak megri megri diye halay çekiyor! yetmiyor terörist baslarini halkin parasiyla ayakta duran trt'ye çikariyor! yetmiyor bir de sayin (!) apo'nun mektubunu okuyorlar!,nefret
"Bence burada Katar devleti paravan asil kar kime gidiyor, Ayni Türktelekom 'da oldugu gibi, orada da  arap paravandi. Yiyenler baskasi.",nefret
"murat_empati Arda turan denen kisi kendini Kaf daginda gören, her cümlesinde adamliktan bahseden sonra kendisinden 30 yas büyük birini bogazlayip saldiran, Yine her cümlesinde Allah i agzina alip din üzerinden yürüyüp milletin karisina kizina bakan laf atan, millî takimi para basan bir darphane olarak gören serefsizin en önde gidenidir! Kisacasi Arda turan Türkiye'nin kara lekesidir!!!!",nefret
siktir git amina kodumun çingene tipli orospu çocugu,nefret
Bide suriyeli o.ç https://t.co/A7uRM4TQmE,nefret
Oynayacagin topu sikiyim  çingene suratlisi,nefret
#SevgiliSelahattinDemirtaş diyen  Ermeni dolleri,nefret
#MuhammedNurTutuklansın elin yavşak suriyeli kendi toprağını koruyamazken burda ahkam kesmesinin en büyük destekçisi bizi yönetenler değilmidir??,nefret
bu soysuz kendi babası kim olduğunu biliyor mu ki sorsan kendi babası bilmez bu ermeni vatan haini,nefret
Seni vatan hayini kanı bozuk ermeni grubu yine toplanmış senin için #SevgiliSelahattinDemirtaş,nefret
"Valla bu pis kan karisimindan üreyenlerden her b*ok beklenir diye düsünüyorum.
Rasistlik her zaman da kötü degil AQim! 
Arap sevecegime kus b*oku severim ??",nefret
Ey arap Allah senin zevkininde kültürününde  seninde belanı versin. İçimizde sana yaşamına özeneninde .. https://t.co/QOpf9BJm8s,nefret
"Suriyeli Sahistan Bogaziçili Ögrencilere Ölüm Tehdidi
LINK
----------------------------
#AsagiBakmaycagiz #HerYerBogaziciHerYerDirenis #BogaziciDireniyor @USER LINK",nefret
domuz eti yemez kredi çeker farz namaz kilmaz teravih kilar zina eder gusülsüz gezmez. kurani belden asagi indirmez kahrolsun seriat der. memleketimden müslüman manzaralari... #saniser,nefret
çabalayarak bir üniversite kazaniyorsun. piç kurusu suriyeli çikip seni bogaz kesmeyle tehdit ediyor. Böyle düzenin ....,nefret
#KYKÖgrenciLehineKararVermeli ücrtsiz gitmemz gereken yurtlra para veriyoruz ama bi suriyeli pislik ücretsiz gidiyor bu artik saçmalik ötesi bisi ayrica bizede kredi degil burs vermeli kyk borçlarimzi silmli artik yeter siyaseti her seye karistirdiniz siyasitin egtimde ne isi var,nefret
#diyanetkapatılsın diyenlerin soy ağacına bakılması gerek kesin Yunan kırması bunlar !!,nefret
"Gavur Gavurluğunu göstere göstere yapıyorsa
Bizde MÜSLÜMAN’lığımızı 
Göstere göstere 
göğsümüzü gere gere
Şerefle 
Haysiyetle
Gözlerinin içine soka soka
Yapacağız",nefret
Bizim memlekette bizim sorunumuza bir Suriyeli teröristin dahil olmasi !! Sen kim kopeksin lan!! Sana giren çikan ne? #MuhammedNurTutuklansin,nefret
Öldürmediğim her yahudi için bana küfredeceksiniz.. A. Hitler - 1945 https://t.co/eIYPiLM7tu,nefret
Mete Hanın ordusu arap gericiliğine teslim olamaz...,nefret
#Susamam insaallah müebbete döner ermeni sevici,nefret
Türk düşmanları Ermeni ve Rumlar ister Andimizin kaldirilmasinı,nefret
"?? güzel bir gün, bir yunan tohumu daha içerde LINK",nefret
Bütün işyerleri Suriyeli dolmuş işe giremiyorum kendi ülkemde ben suriyeliyim amk,nefret
"#MücahidinCenazesiniVerin
Kürt gençleri uyansın. Pkk ileri gelenleri genelde ermeni asıllı ve çoğu çocuklarınıza dağda tecavüz ediyor. Kullanıp öldürtüyor. Bu devlet hepimizin kimseye maşa olmayın. Hdp=pkk=hain= terörist=ölüm",nefret
Sarı torba!! Kim iktidar olsa Devletime düşmanlık edecek haysiyetsiz Ermeni tohumları mevcut .. Barış Atay'ı da Canan Kaftancıoğlu'nu da sonuna kadar   terörle İtham ederim.. bir gram tefekkür etmiyorum ve lanet bile okumuyorum.. ÖYLELER TERÖRİSTLER ..TERORİSTSİNİZ. https://t.co/rSY7MEABqp,nefret
"Olay yerinden bildiriyormuş gibi yazıyorum ama aylar sonra ilk defa suriyeli gördüm, bunu yazmazsam olmaz
Siz her gün nasıl katlanabiliyorsunuz?",nefret
''Suriyelileri istemiyorum'' diyenlerin soyuna bakarsaniz hep Rum çikacaktir. Biz Türkler olarak Müslüman Arap kardeslerimizi istiyoruz ama Rumlari istemiyoruz.,nefret
"Bugün gara da yarin metina, zap,  kandil heryerde biz olucaz hergün birinizi bir gün hepimizin a.g ermeni dölleri yahudi artiklari sizi #KabusaHazirOlun",nefret
"Böylesi hıristiyan tohumlarını yaşatmayacaksın, insanliktan nasibini almamış şerefsiz. Bu Turkiye de olmuş gibi yayalım bulalım demeye kasıtlı gördüm adam farklı lisanda konuşuyor, 
Turkiyede olsaydı erkeklerin hepsini gömerlerdi, suc bireyseldir. algı yapmayalım.
@trbiaplatformu https://t.co/cd6QzCUz9o",nefret
Uygur Türktur Suriyeli yüktür defol un Arap itleri LINK,nefret
*ermeni teror orgutu LINK,nefret
#YeterCHP biziktir git artik a.q ya yunan a mi gidersin fransiz a mi ? Ama bir siktir git ...,nefret
Senin kadar yavsak bir insan Türkiye'de yok,nefret
Ermeni seviciliği yapıp Ermeni soykırımını tanıyacaksın sonra auuv auv,nefret
"#Sira5816da ...
Bir gecede AB'YI takmayan o hürriyet, 3 5 çapulcu, ermeni rum yunan artigini mi takacak? Herkes elestirilebilir.  Buna alisacaksiniz...",nefret
"He istiyor.. Gelsenize.. Daha önce de gelenler oldu.. Gelmeden önce onlara bir ugra istersen.. Ingiltere nin lafiyla götü kalkan ermeni lere, Yunana sor. Ingilizi sor, Fransizca sor.. Gel.. LINK",nefret
Yahudi dölü Teyyup ve iran kic yalayicisi perincekin birlikte uydurduklari Fütü saçmaligina inanmayi birakip fütü sakizini agzinizdan çikarmadikça türkiye bokunda bogulmaya mahkum olacak. Türkiye halki ya yobazligi birakacak yada böyle kabile devleti olmaya devam edecek.,nefret
"Seni de futbolunu de sikim tamam mi !!! Siktir git Türkiyeden ! Defol Amerikan vatandasi ol , sana ancak bu yakisir !",nefret
"Ülkeyi soymuşlar soğana çevirmişler. Herşeyini Arap'lara peşkeş çekmişler. Şimdi tulumbada su bitti diye birbirlerini yemeye başlamışlar, bunu yazabilen tek gazete kalmış onu da susturmaya çalışıyorlar. KURTULACAĞIZ SİZDEN, KURTULACAĞIZ! AZ KALDI... #gazetesozcu",nefret
meali ağabey koçumuz niye türk değil? türk olsaydı kaybetmezdik. yine de teşekkürler kızlar.,nefret
"Ey pervin soytarisi siz ermeni usagisiniz, biz bu milletin usagiyiz. ????

#UsakGecilmez LINK",nefret
#MuhammedNurTutuklansın suriyeli zavallıya bak bizi tehdit ediyor kimsin lan sen vatansız o kadar delikanlıysan siktirgit vatanını savun SURİYELİ DEFOL,nefret
Ben olsam ülkeyi degil dünyayi terk ederdim irz düsmani...sen Türkiye degil baska demokrasinin oldugu bir ülkede olsan simdi cezaevindeydin ama sag olsun baban recep Tayyip arkanda...namus düsmani gavat...,nefret
"29 yıl önce Dağlık Karabağ'ın Hocalı kasabasında, Ermeni caniler  tarafından katledilen 613 Azerbaycan'li sivil soydaşımızın katledilmesini unutmadık.

Katliamda kaybettiğimiz canlarımızı saygı ve rahmetle anıyoruz. Ruhları şad olsun.",nefret
canan kaftancioglu denen kadin müsveddesini ya fetö'cüler veya kürtçüler savunuyor. tabi yine bilinçsizce bu gruplara hizmet edenler de var. ben bunlara balik hafizalilar diyorum. peki kaftancioglu pkk'lilari savundu mu savunmadi mi? ermeni soykirimini savundu mu savunmadi mi?,nefret
Ülkemde tek bitane suriyeli istemiyorum. Kendi vatanini koruyamayip kaçan fareler. Benim ülkemde artistlik yapamaz...!,nefret
"""Yasanan vahset yürekleri daglamaya devam ediyor.""

Cumhurbaskani Yardimcisi Fuat Oktay, Hocali Katliami'nda Ermeni zulmüne kurban giden sehitleri andi.",nefret
O. Çoçugu terörist kansiz vatansiz ermeni dölü senin de seni seveni de Allah ateslerde yaksin #SevgiliSelahattinDemirtas,nefret
"tamer35.5Burasi Türkiye dünyanin en adi serefsiz namussuz ülkesi, bu yüzden her an her sey olabilir.. Sanat ve sosyeteden birçok kadin gördük parasiz adam gereksiz adam diyen hatta son moda parasiz adam adam degil diyen kasarlar var.. demem o ki kadinlar menfaat ve çikar iliskilerini kisa sürede ask yasadiklarini zannettigi sürece kadina siddet bitmeyecek..",nefret
"Yedi düvel birlesti, yahudi ve ermeni ile isbirligi yapildi, Sultan Abdülhamid Han indirildi...
Sonrasi için bir plânlari yoktu, önemli de degildi onlar için... 
ama  yillar sonra pisman olan ve gerçekleri anlayan vatanseverler için ise artik çok geçti... ??
#kafirdendostolmaz",nefret
ben ermeni olsam internette bir şey yazmaya yüzüm olmaz. bunlar karabağı 2 ayda kaybettiğinin farkında mı,nefret
"Madenciye; Israil dölü,
 Vatandasina; Afedersin Ermeni,
 Muhalife; Hain, 
 Oy vermeyene; Dinsiz,
 Atatürk ve Inönü'ye; Ayyas,
 Direnenlere; Capulcu-Vandal diyen biri,
Suan sizce kimdir ?",nefret
"Bursada her yer arap,saka yapmiyorum her yer..
4 ay koyden cikmayinca sehre yeni gelen saban gibi sasiriyorum..",nefret
Kendi tabiatını kirletir kötüyse AZIZ DEVLETIMIN arşivi açılır millete mirasımız anlatılır dedelerimiz inonuyu anlatırdı hain korkak ermeni diye ordan biliriz Atatürke cok ihanet etti diye Ataturkun şöföru bile hatırasında yazar.YANI biz yeni nesiliz kim naptı bilmiyoruz,nefret
Bunlar devlet millet hayinleridir. Bunlar Türk düşmanı Ermeni Yunan Amerika uşaklarıdır. Türkiye’nin gelişmesini. Camilerini istemiyen ama parasını yiyen inş kursaklarında kalır. Tarla faresi çakallar şerefsizler tecavüzcüler TERÖRİSTİR geberiler #İNŞAALLAH #İNŞAALLAH https://t.co/psc7DtOGWr https://t.co/pGWybJoAaZ,nefret
Suriyeli ac kopek bizim paramizla ac karnini doyurup unv bomba atacakmis pice bak #MuhammedNurTutuklansın,nefret
"Budur.
TÜRKIYE'YI ve DÜNYAYI yönetip, soyan, kan ve gözyasina bogan yahudi hirsiz caniler ve ülkelerin isbirlikçi hainleridir.
Dünya insanligi 7 milyar, hirsiz caniler 70 milyon bile degil.
TÜRK ve DÜNYA INSANLIGI ÖRGÜTLÜ BIRLIK!! LINK",nefret
"Asalacı Ermeni terör örgütü pkk nın siyasi ayağı hdp Diyarbakır il binasını  yaptıkları eylemle kapattıran Annelere selam olsun

4 anne bu hainleri susturmaya yetti. https://t.co/4YGIeYksHA",nefret
"Şu suriyeliler biraz fazla olmaya başlamadımı?türkiyenin bilmem neresinde bir çocuğun gözünü kaşıklamı ne bişeyle çıkartmışlar Türkiye'deki siyahiler bile şöyle söylüyor""biz insanlar rahatsız olmasın diye plajlara girmiyoruz ama bir Suriyeli bir kadını rahatça orda t@c!z ediyor""",nefret
"yunan gibi takım. yunanistan ab nin şımarık çocuğu bunlar tff nin.
türkiyenin yogurdu baklavası bizim diyen yunan güruhu bunlar.
ferhat göçer gibi 2. el şarkıların sözcüleri.mustafa cengiz beyde güzel sallıyoo
#ÜçlüBeşiktaşınÜçünBiriGsnin",nefret
tranvaya mi bindik dubaiye giden trene mi bindik belli degil full arap dolu bir de bagirmadan konussalar,nefret
"Kurdlerin geleceği için Rojava da  Kurdlere pozitif bir ayrımcılık tanınmalıdır. Araplar başta olmak üzere Türkmen,Çeçen gibi azınlıkları sistematik olarak baskı uygulamadan gocertmek lazım. 
Not: Hıristiyan kesimleri desteklemek ve onları Rojava da tutmak Kurdlerin çıkarınadir !",nefret
Bu devleti senin gibi Yahudi ve Ermeni piçlerine bırakacağımızı sandın bu şerefsizin atığı twit suçtur devletimiz gereğini yapacaktır. https://t.co/YLGKWrOpTa,nefret
Moda Arap seviciligi yapmak LINK,nefret
cb suriyeli kardeslerimiz diyor! bunlar ne ara bizim kardesimiz oluyor. ben asla kabullenmiyorum. kendisi nüfusuna alip kardes olarak kabul etmeli bence. zaten fazlasiyla saraya para giriyor. üstelik 74.500 tl ile maas rekoru kiriyor. suriyeliler ancak benim köpegim olabilir.,nefret
"Aynen öyle!
Yunan piçleri bi kaç şehir alınca Türkiyeye işgal ettiklerini saniyorlar. https://t.co/zXQj6q8S9D",nefret
"Incil'in ilk emri: Sev!
Tevrat'in: Yasat!
Kur'an'in: Oku!

Hristiyan sevmedi
Yahudi yasatmadi
Müslüman okumuyor...

Aamir Khan",nefret
"Elinde fırsat olsa İzmir'den girip Anadolu'da katliam yapacak Yunan'a
Hocalı'da katliam yapamasin diye Ermeni'ye
Kıbrıs'ta 1963 katliamlari yasanmasin diye Rumlara
Denizlerimizdeki kaynaklari korumak için Emperyalist devletlere karşı.

Doğruya Doğru
Yanlışa Yanlış https://t.co/JULlDbmtvs",nefret
Dün okulda bi çocuga sürü gibi suriyeliler çullanmis tekme tokat dalmislar bugün ögretmen demis kim gördü olayi benimki atlamis ben gördüm yaz kim kim vardi demis bu da teek tek yazmis suriyeli biri demis beni yazarsan bitersin anne en üste onu yazdm diyo.,nefret
"Adama demezler mi;
 ""Lan ermeni dölleri çöp vergilerini ne yaptınız?""",nefret
"Müslüman Kürt görünümlü kripto ermeni terör örgütü ASALA,PKK,PYD,YPG,SDF vs nin siyasi kanadi HDP tarafindan çocuklari kaçirilan anneler oturma eylemine devam ediyor Anneler elimizde çocuklarimizin HDP tarafindan daga kaçirildigina dair ses kaydi var diyorlar",nefret
"yalancı
yağmacı
hırsız
tecavüzcü
pedofili
bedevi aşığı
arap yalaması
hiç bir siyasal i$l@mci kardeşim değildir",nefret
"#SuriyelilerSuriyeye
İstemiyorum #suriyeli ve diğerlerini.
#pazar #Konya #bursa #Istanbul
Bunlar hiçbir bilince sahip değiller.
Bu haberler önümüze geldikçe iyice tiksiniyorum. https://t.co/YNnb5HE1zn",nefret
"IRAN Islam dünyasinin FETÖ' südür.

Bugüne kadar Allah yolunda attigi tek bir adim yoktur. 

Bütün silahli müdahaleleri BATI'nin isine yarayan müdahalelerdir.

Son örnek Ermeni Azerbaycan çatismasinda önce Ermenilerin yaninda yer almasiyla ortaya çikmistir.

Sonradan çark etti. LINK",nefret
"Evvelâ telefonunuz size âit olmak zorundadır. Türk Telekom, özelleştirme adı altında Arap'lara peşkeş çekilirken alkışlayan çomarların şimdi hayıflanmaya hakkı yoktur.",nefret
benim gibi ateist yapsa dinsiz gavur dersiniz bunu yapan namazinda orucunda abdestinde olup cumalari kaçirmayan sahislar. kul hakki? o kisim ögretilirken tuvalete gitmisler. uyan ak partiye simsiki sarilan vatandas uyann artik. memleketin soyulmadik yeri kalmadi! #yenikapi,nefret
"Cezayirli yahudi ve arap fenomenler, polisler kesinlikle Fransada sürekli sorun çikaran Araplara ve zencilere acimasin dedigi için Araplar kuduruyor. Neymis polisler neden sürekli sokakta... sadece zencilerden ve Araplardan kimlik istiyor onlari kontrol ediyor diyorlar. Normal",nefret
"Bacaklari kesilen kedi haberleri yüzünden sinirden elim ayagim titriyor
Sadece bir bölgede olsa, o bölgenin huyu kültürü adeti diyecem ama Diyarbakirda, Kocaelinde, Çorumda ulan hatta Izmirde bile oluyor.
Bu Türk Halkinin isi degil arkadas.
suriyeli geldiginden beri oluyor bunlar LINK",nefret
Bu gün arap seviciliği yapan soyu bozuk veya mankurtlar Araplar’ı asimile edip Türkleştireceği yerde asimile olanlar arap faşizmini arapların elinden alıp Türkleri Türklüğü Türkçeyi Türk kültürünü Türk örf adet anenelerini Türk ahlakını Türkiye cumhuriyetini ve,nefret
Bu terörist şerefsiz hemde suriyeli elini kolunu sallaya gezerken siz yere bakmadı diye slogan bile atmayan gençleri alıyorsunuz bu dünyada hesap vermeyebilirsiniz ama öte tarafta hesabınız çok fena olacak @suleymansoylu https://t.co/dsPh6FybOB,nefret
Bence kapatılsın parasını Yahudi den alan bir televizyon kanalı #YalancıFOXTV,nefret
Amk çingenesi,nefret
"Aklınız uykuya daldıysa imanınızda mı uykuya daldı?
Dünyada Müslümanlar üzerine uygulanan hıristiyan ve yahudi terörü var.Onlar ""müslümanlar teröristtir"" algısı yapıp sizi sindirmeye çalışılırken siz hiç ses çıkartmadan çiçek,böcek resimleri paylaşmakla
uyumaya devam edin bakalım",nefret
"Her yerde
- cami
- kuran kursu

Her okulda
- zorunlu dîn dersi
- dîn propagandası

Her havuz basınında
- anti Atatürk yayınlar

İktidar ve havuz basının
- arap seviciliği halka dayatması
- T.C.'nde arap nüfusuna alıştırma çabaları

⬇️

T.C.'nde ateist nüfus neden hızla artıyor❓",nefret
"TRT soyuluyor! Amerika'dan bozuk calismayan oynatim cihazlari satan bir Ermeni asilli Amerikaliyla yaptiklari ozel ihale anlasmasiyla, TRT her sene catir catir soyuluyor. Buna on ayak olan 2 Turk biri Kaliforniya Burbank'te digeri Boston'da yasiyor. Resmen bozuk alet satiyorlar",nefret
aziz yildirim'in degerini bilemedik cidden suna bak ya gerçi yahudi bu kaninda var orsbcocuklugu LINK,nefret
"28 şubatta öyle bir zulüm yapıldı ki bizden olduğunu zannettığımız, şerefsizler meğer yahudi den ermeni den rumdan daha büyük alçak ve şerefsizlerdi",nefret
Sevgili Ömer Faruk kardeş bu gün 42.gun büyük Allah dostundan güneş batarken büyük duayı aldın yine.covid19 dünyadaki en büyük Yahudi tuzağı idi.icerideki fetonun kandırdım karını İngiltere Mursi olayı gibi kullanacak yine.mason locaları Mossad İngiltere MHP HDP aynı.ozaydin65 https://t.co/mh60QsWjyI,nefret
Türk futbolu niye kavga içinde oluyor diyorlar bu oruspu çoçuklari aziz volkan gibiler olursa her daim kavga olur her daim savas olur. Taraftari bu pikler birbirine düsürüyor,nefret
Paranoyak ateist sen Türk bile değil ismini Türk yapmış ya Ermeni ya rumsun yada denize dökülmeyen yunansın https://t.co/5dfErnx2jm,nefret
selenbaymaz Nasil bir sevap islemissin Allah resmen kurtarmis seni @USER bacim bu adam sapik @USER,nefret
"Bunlar  azili bebek katilleri
Ermeniside var içinde bize düsman olan çekemeyen itler bir arada hepsi yine gerçek kürt kardeslerimin kanini emen
Alçak üç bes kafalari bebekleri annelerin karninda yok eden
Katleden geçmisten kalma azili ermeni kalintisi.
Meclisten atin bu zalimleri LINK",nefret
"TÜRKIYENIN BASARISIZLIGINA KIM SEVINIR YUNAN SEVINIR,ERMENI SEVINIR,YAHUDI SEVINIR IÇIMIZDEKI GAVUR ASIKLARI DA SEVINIR",nefret
"#NedirNeDegildir 
Aytug.... diyor annelerin muhattapi devlet diyor   sanki devlet gidip yan komsudan kiz ustiyor veyagit bir fincan kahve vere bilirmisin diye  öküzzzz karindaki ermeni dölleri pkk",nefret
".

Çocugu dagda olan,
kürt anne basörtülü,

Üst düzey PKK'li kadinlar,
Ermeni asilli ve tek basörtülü yok...

??????

#Susamam
""Canan Kaftancioglu""
#BirAnneBirDevrimDogurur LINK",nefret
Eskiden nereye baksam sen vardın şimdi suriyeli,nefret
Alayının amına koyim kafayı yedim evde Çinli görmeyeyim ters yatırıp düz sikicem andım olsun,nefret
#susamam canan 9 yıl 8 ay ceza almış. inşallah içerde geberir ermeninin tohumu. alın size bir mağduriyet daha. ver mehteri efe.,nefret
Amk topu türkiyenin yüz karasiniz amk,nefret
"#KürtlerinPARTİSi=AK PARTİDİR
CHP'LİLER,SANATÇILAR YILLARCA KÜRT'LERİ HOR GÖRDÜ.AHMET KAYA'YA ÇATAL ATIP LİNÇ ETMEK İSTEYEN SANATÇILARI UNUTMADIK
BAŞKAN ERDOĞAN KÜRT KARDEŞLERİMİZE LAYIK OLDUKLARI ONURLARINI VERDİ VE ONLARA HER TÜRLÜ HİZMETİ GÖTÜRDÜ
HDP,KÜRTLERİN PARTİSİ DEĞiLDİR https://t.co/XM0bmrVLu7",nefret
"Aynen başımız sağolsun şehidimize Allah’tan rahmet dileyelim kapatalım konuyu bu kadar basit di mi. Ülkede 5 milyon tane işe yaramaz Suriyeli yesin içsin gezsin bizde gidip onların pisliğini temizleyelim, kısa bi baş sağlığı mesajı yayınlayalım konuyu kapatalım valla güzel dünya https://t.co/MWIfA2XiLo",nefret
ülkeye bak arap sümügüne döndü aq LINK,nefret
Sen önce kıbleye doğru ören sonra dindarlar laf söyle cahil sefil mesnetsiz kukla Yahudi uşağı https://t.co/20Y4JOSEpZ,nefret
159 öğrenciyi gözaltına almayı başardılar ama şu Suriyeli teröriste dokunamadılar. https://t.co/GcF1d6lzNg,nefret
"Sonuç bildirgesine KKTC'li Rum seviciler ateş püskürüyor. Esasında onlar, Türkiye'nin söz sahibi olmasını hazmedemiyorlar https://t.co/aj0qCyOQ6L",nefret
Suriyeli bir terörist açik açik hesabindan Türkiye'nin güzide üniversitelerinden Bogaziçi'ni bombalamaktan bahsediyor ve hala bunun taraftarlari bu ortamda yazabiliyor. Türkiye Cumhuriyeti Devleti'ni ve Türk Milleti'nin egemenligini yikmaya çalisanlar bizim açik düsmanimizdir. LINK,nefret
"Musevi ,Ermeni,Alevi, cerkez,kurt ,Türk sonuç husran hepiniz aynı siniz 🇹🇷burdaysaniz Türksunuz nokta.",nefret
Resmi belli bulalım bu kişiyi aşağılık Suriyeli vatansız pic bulalım https://t.co/p37NJq8EJy,nefret
"Gözler  görüyor  daima devletiyle  giden selamettedir 

Içimizdeki  ermeniler  ve hainler 
   Devletimize  düşman oldular 

Dünya  ahiret  azab onlara yetisti  
Anlamıyorlar dışardan yahudi 

Finans  ediyor  kandan  kayıyor 
 Daha  var  leş  geberecek https://t.co/do0Elf4ozl",nefret
"Ayakkabısının tabanına patlayıcı gizleyen Suriyeli terörist yakalandı

#Mardin Kızıltepe'de ülkeye yasa dışı yollardan giren ve ayakkabısının tabanında patlayıcı madde, anahtar sistemi ve elektrikli fünye ele geçirilen Suriye uyruklu terörist yakalandı https://t.co/mTmdbO6P44 https://t.co/snSzVftTTQ",nefret
kürt erkegi bazen kadin için birbirini öldürürler iftiira ederler,nefret
"çocuklarının dağa kaçırıldığını iddia eden diyarbakır annelerinin hdp il binası önünde başlattığı oturma eylem devam ediyor. ""bunlar kürt değil bunlar gavur"" #cumartesi #hdp #diyarbakır #annelerdireniyor #annelerindirenisi #annelerleberaberizyasen #hdpkapatılsın",nefret
Efeler diyarı Aydın ve Kuşadası’nın yunan işgalinden kurtuluşunun 97. Yılı bugün! https://t.co/a42tQ19ghN,nefret
Yahudi tohumları https://t.co/H1UbbKFZwN,nefret
"Arap sevdalısı ise,  size bir faydası dokunmaz.!",nefret
Arap seviciler siktir olsun gitsin arabistana.Türkiyenin dili Türkçedir. #TürkDilBayrami,nefret
#davamızınpeşindeyiz #sanatçılardiyarbakıra 81 ilde bütün pkk hdp il başkanlık binalarının önünde kürt analar eylem yapmalıdır. pkk hdp 81 ilde kepenk indirmek zorunda kalmalıdır.,nefret
bu soyubozuk alçaklar kim acaba.bunlar garanti haçlı/yahudi soylarıdır.müslüman mahallesinde salyangoz satıyorlar.pisliklerine arka çıkan CHP'ye güveniyorlar.ey soyubozuklar bu vatan bizim ve  size asla yedirmeyiz. https://t.co/SDoVMdm8fR,nefret
"Ulan eğer Türksen “ Türküm, doğruyum, çalışkanım” diye başlayan bir andı Türk çocuklarının söylemesinden neden rahatsız olursun ki? Gavur musunuz lan siz? Nesiniz, açıkça söyleyin de biz de bilelim artık.",nefret
Hani nerde o #türktelekom özelleştirilince daha verimli olur daha iyi hizmet verir diyen ak oğlanlar arap kardeşleriniz boşalttı telekomu çöpünüde size bıraktı,nefret
Sözde Laikçilerin bu milletin inanç ve degerlerine düsmanliginin bir nebzesini vatan düsmani ermeni tohumu pkk ve fetöye karsi göremedik.   #28subat LINK,nefret
acaba filistinliler kime ihanet etti? abdülhamit'in yalnızlığı yazımız #abdulhamit #abdulhamithan #payitahtabduelhamid #israil #filistin #yahudi #theodorherzl #filistinyalanlari #israel,nefret
Sanliurfa'da Suriyeli Uyusturucu Tacirlerine Operasyon LINK @USER @USER,nefret
"Ülkemizi, soyubozuk, hain hırsızlar yönetince, böyle olur.
TÜRK ve Müslüman olmayan, çoğu rus (laz-çerkez-gürcü-ermeni), rum, yahudi,...asıllı haçlı, haham hain hırsızlar savaşlarla, darbelerle dönem dönem, TÜRK neslini yokettiler. Bu dönem, TÜRKLERİ cahilleştirerek yokediyorlar https://t.co/B8oUAnLCEz",nefret
"Arap'tan kalan, yasayan tüm kalintilar yok edilmeli, dini dahil bu topraklar da..

Kamal Atamtürk",nefret
Eskisehirspora kulup lisansi icin hangi rum takimi imza vermemistir?,nefret
"Kürt türk diye bir ayrım yok inancımız kıblemiz bir 
Kıblesi olmayan inancı olmayan 
Kahpe ermenilere kanmayın
Bu ermeni picleri kürt halkı kanı üzerinden yılardır nasıl siyaset yaptiiseler yine yapmak istiyorlar
Pkk'a nın atatdığını değil miletin atadığı devleti seçin",nefret
Denizde yunan kalmis mi kontrol ediyor atam LINK,nefret
"https://t.co/J0KAV0OoWB
BRAV SAYIN BAKANIM AHMAK RUMA TARİHİ CEVAP VERDİ.👍👏😂😅🤣",nefret
"Allah,dinimizi diyanetimizi,vatanımızı,bayrağımızı gavur esaretinden kurtaran Mustafa Kemal #Atatürk ‘ten binlerce kez razı olsun,gani gani rahmet eylesin.",nefret
Ulaa bu çarsamba adim basi suriyeli bizim kekolar bile bunlardan daha yakisikli amk,nefret
"Bunu yazan suriyeli yavsak adam olsaydin kendi vatanini korur,benim topragimda sadakayla geçinmezdin. LINK",nefret
Dalga geçiyor resmen kadin. Bu HDP li vekiller Ermeni ve yahudi. Duyarsizliklari bundan. E be kadin seninde evladim var. Seninde farkli sekilde cigerin yanar. LINK,nefret
"Aykut Kocaman Türkiye’nin yetiştirdiği en kişilikli hocalarındandır. Ali koçla uyuşmamaları bende süpriz değil çünkü Aykut yerli ve milli Tenekeci Ali yahudi dinleri bile yeter 
#imparatorfatihterim",nefret
Yok mu söyle hadim edilecek bi Suriyeli sinirim anca öyle geçer,nefret
Herkes üzerine düseni yapmali artik. O gençlerin ölüme degil üniversitelere gönderilmesi lazim.  ermeni çetesi @USER bu milletin yakasindan düsmeli artik. LINK,nefret
best stalker virüsü yine siteye yayilmis suriyeli gibi bi virüs kurtulamiyoruz yapisti resmen,nefret
Türk düsmanlari Ermeni ve Rumlar ister Andimizin kaldirilmasini,nefret
"Çanakkale'de Ermeni ve Rumlar vardı orduda,evet, ama Ermeniler ve Rumlar Anadolu'nın işgal edilen her büyük şehrinde işgalcileri destekledi peşinden. İstanbul'da her yerde Yunaninstan bayrağı astılar. Bu da var.",nefret
iste suriyeli tc. vatandaslarinin baskani ve onlara tahsis ettigi tokiler. vatan için sehit olan mehmetçiklerimizin evleri ve kirasini ödeyemedigi için evden atilan bir türk vatandasi aile burasi türk devleti degil suriyeliler çöplügü olmus,nefret
Bence bu iste bil is var bence arda üzerinden prim yapip gündeme gelmek için daha önce berkay'in karisini taniyan kim vardi amik simdi herkes tanidi hem arda o kadar Abaza olsun her gün en güzel Rus modellerle yatip kalkardi adamda dünya kadar para var berkay'in karisina mi kaldi mantik olarak öyle.,nefret
TC kadınlarının psikolojisi bozuk. Rus kadınlarına kurban olsunlar. (Kendim her hafta piskoroğa ikibin tale veriyorumdur),nefret
"Arap yalanı çok sevdiğinden yemin kültürü geliştirmişdir, o yüzden kuranda sıkça yemin edilir",nefret
300 m2 evin su anki arsa bedelsiz maliyeti en az 450 bin tl. 150 m2 bahçe düzeni en az 30 bin tl. yaklasik 480 bin tl sadece bir suriyeli aileye bahsedilecek sanirsam?,nefret
Sahaya cansiz manken koy senden daha çok is yapar amina kodumu çingenesi seni anana döküm tavayla giriseyim,nefret
basit seyler o kadar zor hale geldi ki çinli kahpelerin aminakoyim,nefret
Reise muhalif olan soysuz gavur...70-80 Ve 90 li Yillarda Tren kompartmanlarinda dolasan böcekler pislikler yüzünden trene binemeyen köpek herif simdi #Reisin yaptirdigi metro hizli tren ve Marmaraya binmek için kiçini yirtiyor....Gavurun dölü adi herif sen müslüman olmazsin...,nefret
"Bu oğlu kaçırılıp dağa götürülenler.
Evet kürt.

Dağa kaçırıp ölüme gönderenler Ermeni ve israil in mossad ajanları. 
Hedef büyük israil.

""Bunlar Kürt"" https://t.co/6nvozM1mfg",nefret
Kerem inan sen yahudi tohumlu musun ya kardeşim lafına takılı kaldın #TGRTdeFutbol,nefret
Igrenç yaratik! Türkiye'deki bütün kadinlar senden tiksindi be kendini ne saniyorsun ! Bos beynin ve aksine dolu olan cebinle kadin Avina mi çiktin ! Seref yoksunu ! esinin midesi olsa bosardi seni . O da midesizmis arkanda durdu cahil cühela,nefret
Farkindaysaniz Fetocüler hep Yunana kaçiyor. uLan Yunan.. Derimize nüfuz etti hasetin ! Soyle aklinda ne var? Söylesene nedir bu nefretin? ????,nefret
Sizlerin âlayı korkak elin hristiyan yahudi kâfir milletlerden korktunuz.Allah c.c korkun kullarından neden korkuyorsunuz?,nefret
"Yahudi yıllarca Türk milletine sabunu hacı şakir diye yutturdu ...
Şimdi ise ekremi
İmamın çocuğu diye !!🤓",nefret
Tranvaydaki yolcuların % 80'ni Suriyeli olan Gaziantep.Sanki Halep'deyim.Valla yüksek ses ile konuşma.Saygısızlık.Kendi ülkelerinde olsalar bu kadar rahat olamazlar.Çok yazık ettiler bizlere.😡🇹🇷🇹🇷🇹🇷,nefret
Bugün Istanbula gidicektim Annem planli bi sekilde ortadan kayboldu gitmeyeyim diye.. Yoksa SG kendi evine diyen kendisi aqm.. Annem Yunan tohumu olabilir rez aliyorum 27 yildir.,nefret
bu Bagcilarin tasini topragini sikeyim kaldirim tasinin arasindaki kireçlenmis topraktan kürt doguyor adeta,nefret
"Abdülhamit'i bir şekilde yalan ve ihanetle devirdiler kalanını ingiliz ve yahudilerle anlaşıp halkı devireceklerdi olmadı hesap
Anadoludan döndü 
 Şimdi daha tehlikeli oyuna girdiler
80 yıldır ortakları ile yikamadiklari
Anadoluyu 40 yıldır pkk üzerinden bölmeye Çalışıyorlar https://t.co/6ktTtBko1g",nefret
"beslemelerini öne koymuş ve değer vermiştir.
6.fioyu kabe yapıp namaz kılmış amk. ermeni,rum piçlerlerden oluşan takıma ne söylenir.
siyasal islam.
amk köleleri.
soyu ermeni rum.ktiptoları",nefret
"Eger Türk adaleti arda turan a 12,5 yil hapis cezasi versin...kizimin adini ADALET koyucam...hadi amk hodri meydan.",nefret
"Budur.
TÜRKİYE'Yİ ve DÜNYAYI yönetip, soyan, kan ve gözyaşına boğan yahudi hırsız caniler ve ülkelerin işbirlikçi hainleridir.
Dünya insanlığı 7 milyar, hırsız caniler 70 milyon bile değil.
TÜRK ve DÜNYA İNSANLIĞI ÖRGÜTLÜ BİRLİK!! https://t.co/d0QxZkq2Ef",nefret
Saçina bak sunun sulu kule çingenesi sanki pezevenk,nefret
"Yamyam Arap savaşçımız ananızı sikecek, bekleyin az kaldı algıcı orospu çocukları. #HakEdeneHakEttiğiGibi https://t.co/QcMl10DQGe",nefret
"Vatandas: ""Daha fazla Suriyeli alinmamali, olanlar da gönderilmeli""
LINK",nefret
güneyli amerikan aksanımı bayağı geliştirdim keşke bahçem olsaydı da pompalıyla suriyeli kovsaydım,nefret
"Hdp Kürt partisi degil,
Terör partisidir LINK",nefret
"Bence biraz aklın varsa Hiristiyan batının insanlara yaptığı köleliğe, sömürüye , katliyamlara,işkencelere, gaz odalarına ,modern batıda şittete uğrayan siyahilere ve hiristiyan olmayan insanlara yapılan kötülüğe ölümlere yor. https://t.co/QL2FKsb3Jr",nefret
Gariban kürt halkını sömüren ermeni köpeklerin karşısında #AnnelerleBeraberizYaSen,nefret
artik yagmur yagdiginda camdan harbiden arap kizlari bakiyor hayaldi gerçek oldu nereden nereye. emegi geçen herkese tesekkürler.,nefret
"21. “BARIŞ İSTEDİK KABUL ETMEDİLER, PERİŞAN OLDULAR”
Yazar Herkül Milas yazdığı; Yunan- Türk İlişkilerinde Bir Ön Söz isimli kitabında; Yunanlılar Anadolu’da kıyım yaparken Yunanistan’da ve İzmir’de Atatürk",nefret
Yunan tohumuna tepki koy diyorsun! Olmaz! Türkiye'den yana tavır almaz. #BirKezOlsunTepkiKoyun,nefret
"#TürkiyeninNabzi nda Yusuf Kaplan meseleyi gerçek zeminine oturttu!
""son 200 yillik tarihe bakarsak..ingiliz projesi..
1-islami tarihten uzaklastirmak..basardilar..
2-müslümanlari islamdan uzaklastirmak!""
konus simdi ismail!",nefret
Bu sloganlari atanlarin %99 bu vatanin evladi degil bu vatanin düsmanidir...Ermeni tohumudur Yunan dölüdür Osmanli düsmanidir amaçlari emperyalizme kölelik etmektir onlara göre Türkiye cumhuriyeti sadece bir engel laiklik aparat LINK,nefret
"Ülkemde suriyeli, hayatimda orospu çocugu #istemiyorum",nefret
"Rize'nin Rus ve Ermeni isgalinden kurtulusu (1918)
Ardahan'in Posof ilçesinin Rus ve Ermeni isgalinden kurtulusu (1921)????",nefret
"Sanki yunan isgali !
#5816YasasıİnsanHaklarınaDarbedir 
#5816YasasıİnsanHaklarınaDarbedir https://t.co/mhVf0TeOSr",nefret
Güney asyali ve arap nefretim bitmek bilmiyor..tesekkürler girne tesekkurler girne amerikan,nefret
Evet biz Türküz ama mesut Alman hepimiz derken onu katma https://t.co/8t66NUPjKV,nefret
Ne yapdiniz o imza toplayip teröre desdek veren kiriptolu ermeni ve yahudi pi. ?Nerede @USER @USER savci hakimler?süs bebeklerimi niye dava acmiyor?teröristleri toplan hapisde beslen.almanya olsa kaziga otuturur fark etmez isderse parti g.b olsun isder sevicis,nefret
Bu Suriyeli  teroristleri bu ülkeye alanın........ https://t.co/HAPAZT4RzA,nefret
"Cumhurbaskanimiz @USER: Kardesimiz Azerbaycan, Ermeni isgali altindaki topraklarini destansi bir zaferle azat kilmis, bölgede yeni bir dönemin kapilarini açmistir. LINK",nefret
Anani avradini sikeyim hayatini sikeyim orospu çocugu yüzsüz kitapsiz piç kurusu senin oynadigin topu sikeyim.bombos bir adamsin karsima çiksan anani sikerim öldürürüm seni en azindan ben içeri girsemde Fenerbahçe taraftari kurtulur senden siktir git lan bu takimdan piçin evladi anani sikerim senin bu takimdan siktir git,nefret
ozlemm_dgn_Böylesi insanlari ünlü yapan da biziz ne yazik ki... Müslüman degilsiniz açik ve net..  kim bir kavime benzerse o onlardandir demistir peygamberimiz...????gevsek herif????,nefret
"Türkiye'de kürt sorunu yok, gizli Ermeni sorunu var.",nefret
"Tarikatsiz Türkiye olmazmis! 
Cumhuriyet devrimini Yunan isgaline benzetti 
LINK LINK",nefret
"(Talmud'da)Yahudilik der ki:
-Para işlerinde yalan yemin edilir.
-Yahudi olmayanlar aldatılabilir.
-Yahudilik için günahlar mübahtır.
-Yahudi olmayanın malı çalınabilir.
-Yalan söylemek iyidir.
-Yahudi olmayanın işi elinden alınabilir.

#Tarih
#ÖtekiTarih",nefret
türk futbolunda düzen kalmadı çünkü yahudi lobisi sardı,nefret
"Konuşan imam üstelik Ayasofya Cami’nin imamı , nefretlerini kusacak tabiki kripto rumlar ahahah #hepimizboynukalınız",nefret
"Yahudi deyip geçmeyin; onların derin ve çok güçlü inancı var!... ""Biz Musa'nın evlatları olarak dünyanın en değerli insanıyız""; Evet; onlar sanıldığı gibi paranın kölesi değil; PARA İLE İNSANLARI KÖLELEŞTİRİYORLAR; Asla paraya kul olmuyorlar!  Bu yüzden dünyayı yönetiyorlar!...",nefret
"+ Kim bu herif ?
- Sirp.
+ Nasil anladin ?
- Gördügü her seyi nesne olarak düsünür. Insan, esya, kadin, çocuk fark etmez onun için. Sadece vuracagi zamani o belirler. Ve her zaman Sirplar, Ruslarin sadik tetikçileri olmustur. LINK",nefret
bir keresinde de güzel bir kadın aa cidden trabzonlu musun diyince seviyo galiba trabzonu sanıp evett demiştim aşağılayıcı bir şekilde olsun demişti. kürt müyüz kardeşim biz ne bu önyargı,nefret
Bizi yolumuz Erbakan hocanin yolu diyen ak trol ve troliçeler hocanin hiç bir yahudi ödülü yada bir yahudi ile kucaklasdigini gördünüzmü. Dirisine saygi göstermediniz ölüsüne saygili olun cahiller.,nefret
Yunan kulübü beşiktaş jimnastiğin ve fransız kulübü gssarayın Türk futboluna dış güçlerin müdahale etmesinden şikayetçi olması zaten beklenemezdi. Üstelik buna öncülük ederek uşaklıklarını layıkıyla yerine getirmişlerdir... https://t.co/ahnjF2AnRr,nefret
Konstantinopolis Hayaliyle Simaran Yunani Akropolis Önlerine Tokat Manyagi Yapan Sultan Abdülhamid Gibi #DavamizinPesindeyiz  ,nefret
Türkahraman Once tran seksuelmisin yoksa gay misin ona bir karar ver erkek görünümlü yavsak seni !!!!,nefret
Doğum günün kutlu olsun covid ah namussuz ah çok gâvur bişeysin #turkeystopscovid,nefret
"Azerbaycan Cumhurbaskani Ilham Aliyev geri alinan topraklarda olan Hiristiyan mabetler layikinca korunacaktir diyor.
Sagir, kör ve topal anlayis içinde olan hep yikan ve yakan Ermenilere duyurulur.",nefret
"Yahudi Suud'un oyunu

#KabeKutsalımızdır https://t.co/ZIrX2SC0Vg",nefret
"Yahudi kirmasi Osman Kavala ve destekçisi soysuzlar tesadüfen piyasaya sürülmediler..

Osman Kavala, Osmanli Devletinin sürgün ettigi Yahudi Kavalali ailesindendir.. 

Kavalali Mehmet Ali Pasa, batinin destegiyle  isyan etmis, Devlete büyük sorunlar çikarmistir..",nefret
#deprem yirmi bes yil ist basindalar sonuç yesili katledip betonu döktüler rant ugruna sonra arap doldurdular istambula bogdular katlettiler,nefret
".

Çocuğu dağda olan,
kürt anne başörtülü,

Üst düzey PKK'lı kadınlar,
Ermeni asıllı ve tek başörtülü yok...

🤔🤔🤔

#Susamam
""Canan Kaftancıoğlu""
#BirAnneBirDevrimDoğurur https://t.co/kQTNubA8AR",nefret
"Şuan gündemde algı yapmak için diyaneti eleştiriyorlar.
Bilmiyor ki şerefsizler kendilerinin yunan ermeni tohumu olduklarını sonra diyanete laf ediyor ka....ler.
Rabbim dinsizleri donsuzları insan olmayanları ıslah etsin bu vatan bizim bu ülke bizim.
Ülke biterse biz biteriz.",nefret
"Atatürk gelmis geçmis en büyük Türkçü ve Türk milliyetçisidir. 

Atatürk adeta bir Türk'lük dehseti saçmis, Turk'lugu sahlandirmistir. 

Arap usagi, Ummetci ve emperyalist isbirlikcisi cakma Ataturkculer degil, Gercek Atatürkçüler  Atatürk'ün bu özelligini cok iyi bilirler...",nefret
"Ermeni işgalciler 29 yıl önce Hocalı'da yeryüzünün en vahşi katliamlarından birini gerçekleştirdiler.

Azerbaycanlı kardeşimizden 613 kişi şehit oldu. Bu mazlumları asla unutmayacağız.

 Allah rahmet eylesin. 
  #HocalıKatliamı",nefret
"Sen kahpenin tekisin istedigin kadar basin açiklamasi yap , haça gidip takke takip resim atacagina sikine sahip çik milletin karisini kosuna yavsama piç , sorsan delikanliyim dersin ama tam bir oç sun , Sinem Kobalt senin gibi birinden kurtulduguna dua etsin",nefret
"BUGÜN, BÜYÜDÜĞÜM ŞEHİR OLAN SALİHLİ'NİN DÜŞMAN İŞGALİNDEN KURTULUŞUNUN YIL DÖNÜMÜ. 05 EYLÜL 1922 SALI GÜNÜ GÜZEL İLÇEMİZİ YUNAN İŞGALİNDEN KURTARANLARA VE ÇARPIŞMALARDA ŞEHİT DÜŞEN 23 TÜRK ASKERİNE RAHMET DİLİYORUM. ALLAH, BİR DAHA İŞGAL GÜNLERİ GİBİ GÜNLER YAŞATMASIN... https://t.co/LPWCNEyh6l",nefret
"“Çıcıklığı çılının isviçli greta mı girçiktin”

Yaw kardeşim ona daha çok dokunmuş çevre sorunları o çıkmış söylemiş işte “dünya” diyo tehlikedeyiz diyo ben şanslı olanlardanım diyo daha ne desin bitsin artık bu avrupa düşmanlığınız ve arap seviciliğiniz ya",nefret
edademrkl.09Bu Murat bozu kaldirin Oradan o ses Türkiye'yi bok ediyor gereksiz adam,nefret
kadem denen baş belası!... 2018'de türkiye'de her 3 evlilikten biri boşanma ile sonuçlanmış. 2018 istatistiği evlenme 553.202 boşanma 142.448. çıkardıkları 6284 kanunu ile aileleri hedef alan akp bir yahudi cesaret madalyası daha haketti. canan kaftancıoğlu,nefret
örgütleri nasil terörize ettiklerini hiristiyan papazlari istihbarat örgütlerinin nasil kullandiklarini kitlesel ölümlerle sonuçlanacak virüslerle dünyayi nasil sekillendirmek istedikleri ve daha fazlasi. film güzel kadro saglam.,nefret
Uyan Türk milleti bu gün Papa gelir yarin Yahudi'nn alayi toplanp gelir gtün yanar ama is isten geçmis olur bu ne bu kadar gâvur aski.Ecdadimz mezardan bizlere beddua eder onlardan ülkemzi  namusu muzu koruyacagm teslim etmeyecegim diye ömürlerini verdiler yetmedi hala ugrasiyorz LINK,nefret
hocam senin üstüne giydiğin cübbeyi kafana taktığın sarığı sikeyim amına koyduğumun arap sevicisi. senin kafanın içinde beyin yerine piknik tüpü var sapık piç,nefret
"300,400 senedir bu topraklarda kıllarına dokunulmadan yaşamış,bu ülkenin her şeyinden faydalanmış Ermeniler,yahudiler,rumlar’ın dölleri şuan Polisimize ve Devletimize saldırmaktadır.

Merhamet güzeldir lakin fazla merhamet yüzsüzlük getirir.

#DevletiminYanımdayım",nefret
"Az evvel hastane randevusu almak için aradim dolu dediler. Kesssin Suriyeliler doldurdu, malum 10 kisiden 11 i Suriyeli ???????",nefret
Canan Kaftancıoğlu’nu kim savunup destekliyorsa ermeni sevicisidir ve ermeni soykırımını destekliyor demektir. Bu bir Didem Soydan bakış açısıdır. https://t.co/Bl9QTcivq8,nefret
"#sandıkZAManıGELDİ  Yahu KABE'yi Turistik tesis yapmış,Demirleri Yahudi üçgeni PEYGAMBERİN DOĞDUĞU EVİN ÜSTÜNE MÖVENPİCK Oteli yapmış Gidin orda koruyun bu Otelin B..ku nereye gidiyor sorun hadi.PEYGAMBERİN ÜSTÜNE NİYE YAPTINIZ SORUN.Arap Türkiyeden nefret ediyor YALAN MI🤬 https://t.co/GQVq0Dm92L",nefret
"Dhkpc Militanı Taşnak Sevdalısı Ermeni Yosmaya 9 Yıl 8 Ay 20 Gün Ceza Kesilmiş 
Umarım Cezasını Çekmek İçin Kodese Girer...",nefret
"Arkadaşlar gerçekleri savunduğumuz için resmen #twitter tarafından tehdit ve engelleniyoruz
Ama yılmadan tekrar sesleniyorum #HerYerBogaziciHerYerDirenis diyenler Ermeni ve Yunan artıklarıdır

#DevletiminYanindayim 
#Polisiminyanindayim 
#PolisimizVarolsun",nefret
Allahin izni ile ait oldugun yere gireceksin ermeni tasnak tohumu.,nefret
suhabalikci@USER senin Türkçe hocanin amk senin suçun yok.,nefret
"Zamaninda bir KGB subayiyla tanismistim (olur öyle) adam bana dedi ki:

Türk'ten Kürt'ten Arap'tan karini, Azeri'den parani Çeçen'den canini koruyacaksin. Daha adami yalanlayan bir sey görmedim.",nefret
Karabag Azerbaycan'a aittir ama soysuz ermeni devletinin isgali altindadir ve bu ermeniler de dünyanin harami devletlerinin korumasi altindadir ya bizim kupamiz da sikecilerin isgali altinda ve siyasilerin korumasi altindadir LINK,nefret
Iste Arapla is yaparsan en ufak bi durumda seni böyle satar.. ulan söyleyin sunlara deprem bitti bitti kardes yalakaligina kaldiginiz yerden devam edebilirsiniz  #türktelekom,nefret
Allah belanizi versin yahudi köpekleri #YalanciFOXTV,nefret
Ermeni halkın zihin dünyasının bozukluğunun göstergesi,nefret
Vahhabilik ve Arap sevicilik bizi bir arada tutmaz. Yazıklar olsun Türkmenistan Kırım dan söz etmeyenlere,nefret
"05 Eylül: Nazilli, Salihli ve Alaşehir Yunan işgalinden kurtuluşu
7 Eylül: Aydın’ın kurtuluşu
... 
15 Ekim: Aşıklar bayramı- Kırşehir
...
22 Kasım: Kennedy anması- Abd
...
14 Aralık: Hegel anması- Almanya

Uzar gider.. https://t.co/Kwqvo7iqrb",nefret
örnek önüme düstü. bakin eski bir alevi subayimiz ömer adina kinini kusmus. ayrimcilik budur,nefret
"Bence biraz aklin varsa Hiristiyan batinin insanlara yaptigi kölelige, sömürüye , katliyamlara,iskencelere, gaz odalarina ,modern batida sittete ugrayan siyahilere ve hiristiyan olmayan insanlara yapilan kötülüge ölümlere yor. LINK",nefret
"Ha bu arada #Ermeni erkekler #Rus ve Ingilizle bir olup vatanina ihanet ediyordu, ve kadinlarin cogunu Kurt aileleri aldi.

Dunya savasinin ortasinda oldu bunlar, ciftetelli oynanmiyordu. https://t.co/khwBhYUKud",nefret
"Hastaneye git Suriyeli. PTT ye git Suriyeli. Plaja git Suriyeli. Git bakalim camiye var mi Suriyeli?
Neymis din kardesi.
Hadi oradan!",nefret
"Yerli olmayan  gizli Ermeni Rum donmelerine Sabatayistlere karsi
#ErdoganinYanindayim",nefret
"Kürt Analar uyandı. 
Ermeni PKK ve HDP örgütleri Kürt gençlerini artık zor Dağa çıkartır...

#kürtgenclerbizim",nefret
"Kızıltepe’de ayakkabısının tabanına patlayıcı gizleyen Suriyeli terörist tutuklandı
https://t.co/m69ADlYeMC https://t.co/mwqhwFu6xR",nefret
"Acaba pandemi sahtekarlığının amaçlarından biri, bu ülkede yerli esnafı bitirip Çinli pezevenklere mi yol açmak?! https://t.co/TTTglMqM22",nefret
"Ermenilerin bize düsmanligi
kiyamete kadar sürecek ve bu gerçegi hiçkimse de degistirmeyecek.
Aliyev Devleti yönetirken Ermeni ve Ruslarla olan iliskilerinde bu gerçekleri sakin unutmasin .!!!",nefret
"Abi lafla mafla olacak iş değil, altına sıçana kadar döveksin bunu. Ulan pezevenk babalar kızlarını ne zorluklarla okutuyo senin haberin var mı? O emekçi adamların vergileriyle maaşını aldığını unutma. Siktimin arap özentisi.. İnşallah bu tiviti görür de bana dava açarsın! https://t.co/HvbJuPjtnG",nefret
sizden başka ne beklenir. yahudi sempatizanları. şerref...,nefret
Bir Suriyeli mahalledeki siyagi sayisi çogaldi diye sitem etti. Troll mu ciddi mi diye baktim ciddi bir de :D:ddD,nefret
hah bir yunan tohumluğu yapmamıştın seriyi tamamladın şerefsiz,nefret
karadenizi isgal eden ruslar ve rumlar geri cekilirken arkada biraktiklari gayri mesru çocuklari ya imam ya hoca yada böyle siyasetçi oldular aslinda hepsi islam kimlikli türk  düsmani rumlardir LINK,nefret
Ne tayyipmis be ya ne kadar serefsiz ne kadar satilmis ne kadar yahudi kopegi ne kadar abd fahisesi varsa hepsi buraya toplanmış allah belanizi versin tayyip kadar kafaniza tas dussun fetonun kopekleri#HırsızTayyip,nefret
Sizde gelin kininiz hala diri müslümanlara karsi Sii köpekler topunuz gelin oglum! sizlerin nasil korkar oldugunu biliyoruz yahudi yalayacilari LINK,nefret
Biz bu ülkede ülkemizi sömüren kültür ananelerimizi yok eden ekonomimizi mahveden asalak Suriyeli istemiyoruz,nefret
"“Ne yaparsanız yapın soykırımı unutmayın. Çünkü unutulan soykırım tekrarlanır....”
 Aliya İzzetbegoviç

Ermeni teröristlerce çocuk, kadın, yaşlı demeden katledilerek şehit edilen 613 Azerbaycan Türkü kardeşimizi rahmetle anıyoruz.

#HocalıKatliamınıUnutmadık https://t.co/Xm0Rqf384m",nefret
sizden baska ne beklenir. yahudi sempatizanlari. serref...,nefret
Bu nasıl şerefsizliktir diyarbakırdaki analara kulaklarını tıkıyan kıçıkırık sanatçı bozuntuları ermeni cananın destekçiliğine soyundular. https://t.co/3PKHOocE00,nefret
Yahudi dölü Teyyup ve iran kıc yalayıcısı perincekin birlikte uydurdukları Fütü saçmalığına inanmayı bırakıp fütü sakızını ağzınızdan çıkarmadıkça türkiye bokunda boğulmaya mahkum olacak. Türkiye halkı ya yobazlığı bırakacak yada böyle kabile devleti olmaya devam edecek.,nefret
"#annelerleberaberizyasen
Bir kürt olarak Bu Annelerin çığlıklarını duymayan kürt sanatçılar sizlerde geldiğiniz yeri unuttuğunuz için ayrı bir kanı bozuksunuz...
Hdp terörist partisidir.................................
Aksini söyleyen de hdplidir..........................",nefret
"Türk kürt kardestir.
Teroris pkklilar kürt degil ermeni dölüdür.
Hdpli teroristler kürt degildir.
Kürtler bizim kardesimizdir.
Teroristler ise düsmanimiz,siz itler les olmaya mahkumsunuz.
Les sürüleri telef olasiniz insallah.
#MücahidinCenazesiniVerin",nefret
"HDP ye , tecavüzcülere, vatana ihanet edenlere, Suriyeli mültecilere, zamlara, issizlige, beyin göçüne ve daha sayamadiklarimiza #BirKezOlsunTepkiKoyun",nefret
"98 yıl önce kazanılan ""Sakarya (Polatlı-Haymana) Zaferi"",  İngiliz destekli Yunan'ın hayallerini söndürüp; işgal altındaki kutsal vatan topraklarının bir sene içinde tamamen düşmandan temizlenmesi için gerekli olan gücün oluşmasını da sağladı.
Görsel: @SakaryaSavasi https://t.co/e1Bl5yfb9D",nefret
siyah5737@USER sende otoban kenarinda çok kalmissin üsütmüsün dikkat et??????para senin gibi kolay kazanan birisi söylüyorsa o dogrudur ?????? karsindaki yurt disinda dogmus büyümüs biri devlet onlari dogar dogmaz sigorta güvence altina aliyor ki kimseye bagli kalmadan hayatini garantiye aliyor 21 yasina kadar issiz kalsa da 3 sene maas veriyor ki oda sultanlar gibi yasatir ??edirneden disari çikamayan senin gibiler Hiristiyan yahudu adetlerine salyalar akarak bakiyor he kutlariz kutlayacagiz diyor ne bok.yerseniz yiyin özellikle sen bize de çok.fifi yani o hanim uyarmis ki oda müslümanin vazifesi,nefret
Bence Darbe vurma /Bölme /Parçalama partisi Nedim Bey ...Tıpkı Yahudı tekniği gibi böl/parçala/yönet https://t.co/HichA3xsbU,nefret
Gecenin 3 ünde niye yoldan geçerken Suriyeli gibi bağıra bağıra konuşuyorsun abi derdin ne,nefret
#SevgiliSelahattinDemirtas diyen  Ermeni dolleri,nefret
"Daha önce de göçmenlere karşı
vahşet dolu işkencelerine,hatta cinayetlerine tank olduk.Ermeni,
Rum insanlık suçu işler,soykırım
yapar kahpe dünya görmezden 
gelir ; hasıraltı eder (!) https://t.co/jQVE9IJEym",nefret
"Yetmez, anayasanın da değişmesi lazım. Cumhuriyet ve Soyadı Kanunu ile içimize yerleştirilen Yahudi/Ermeni/Rum kriptoların çöreklendiği yerlerden alınması, Kamalist tahakkümün kırılması lazım. https://t.co/nEbX98KsKO",nefret
"Bu Vatan Bizim
Bu Devlet Bizim
Kimseyle Paylasmak Zorunda DEGILIZ
Ülkemde Suriyeli Görmek Istemiyorum
Sön Sözde Bizim Olacak?",nefret
PKK /hdp büyük çogunlugu Ermeni kökenli terör örgütüdür. Tuncelide çalisirken halk bunlar bizden degil bunlar Ermeni derdi. LINK,nefret
#türktelekom HAT YOK INTERNET YOK... Sanirim yillarca arap sermayesinin soydugu soyduruldugu telekom Zarar eden ici bosaltilan telekom temel gorevlerini dahi yapamayacak hale gelmis LINK,nefret
allah'ım sen küçük işleri büyük büyük işleri küçük yapmaya muktedirsin bu küçük işi öyle büyüt ki tüm ülkedeki anneler ayağa kalksın bu gavur ermeni münafık güruh silinsin gitsin amin amin allahümme amin,nefret
"Gavur Gavurlugunu göstere göstere yapiyorsa
Bizde MÜSLÜMANligimizi 
Göstere göstere 
gögsümüzü gere gere
Serefle 
Haysiyetle
Gözlerinin içine soka soka
Yapacagiz",nefret
#davamizinpesindeyiz #sanatçilardiyarbakira 81 ilde bütün pkk hdp il baskanlik binalarinin önünde kürt analar eylem yapmalidir. pkk hdp 81 ilde kepenk indirmek zorunda kalmalidir.,nefret
"Şu dizilerdeki sakallı tipleri de bir bitiremediniz Amk...
Ne kadar da meraklısınız sakallı yobazlara.
Biraz medeni olun da özünüze dönün.
Bırakın bu arap kırmalarını taklit etmeyi.
Özünüze dönün ve,
TÜRK OLUN...!",nefret
Karabağ Azerbaycan'a aittir ama soysuz ermeni devletinin işgali altındadır ve bu ermeniler de dünyanın harami devletlerinin koruması altındadır ya bizim kupamız da şikecilerin işgali altında ve siyasilerin koruması altındadır https://t.co/j80hrHx0Nz,nefret
serefsiz kansiz kani bozuk suriyeli vatan hainleri bu ülkenin piril piril basarili ögrencilerine karsi gösteri yaptirmak hangi devlet terbiyesi ve devlet ahlakinda yazior anlamiorum bu millet sandikta akp den elbet hesap soracak hükümetler devlet deildir,nefret
Saçini siktigimin sopari siktir git cennet mahallesinde oyna fenerde oynama amk çingenesi,nefret
"Pkk ve Hdp gibi ser organizasyonlarini Kürt'ün ve Kürtlügün temsilcileri olarak görmeyen herkes evlatlarini yeniden bagrina basmak isteyen analara destek vermek zorundadir. #EvlatlarimiziIstiyoruz #BirAnneBirDevrimDogurur
LINK",nefret
Rabbim kimseyi menfaati için Dava insani görünüp umdugunu bulamayinca baska görüslere yelken açan müslüman görünen Gavur olan ihanetçilerden etmesin .Kandiliniz Mübarek olsun.,nefret
erkek erkege evliligi çagdaslik olarak sunup teyze kiziyla evlenen müslümani sapik göstermeye çalisan güruh haddinizi bilin. ha bir de tecavüz olaylari üzerinden müslümanlari karalama çabaniz bos. islamda tecavüzün cezasi idamdir. #susamam,nefret
"demek ki güçlü Türkiye'yi bunu için istemisin onun bunun avradina dolanip milleti tehdit etmek için, tabi ya düzen sizin degil mi ortaligin amina korsunuz hiç bir hakim savci da bir islem yapmaz @USER turan",nefret
Amik salaklari su araplari hiç sevmiyorum,nefret
aynen benimde öyle hepsinden nefret ediyorum 7 den 70 ine kadar hepsinden ister çocuk olsun ister yasli sonuçta Çinli'ler hepsinden nefret ediyorum pis zalimler LINK,nefret
"Pontus Rum tohumu
Ne bilir Osmanlı hanedanını...
Bilmiyorsan sus adam sansınlar demişler..",nefret
"Tabi bunlar sadece düşünce. Böyle bir savaşın uzaması veyahut farklı silahların test edilmesi açısından belki 3. bir dünya savaşına bile yol açabilir. O nedenle dikkatli izlemek gerek...

Tek ümidim Ukrayna başta olmak üzere Rus işgalinin birçok yerde son bulmasıdır.",nefret
Isin trajikomik tarafi tüm bu yasananlar dil din irk ayrimi olmaksizin tüm Türkiye'nin kendisinden nefret etmesi dibe vuran kariyeri falan hiç biri umurunda degil muhtemelen bu yazilanlari okuyup amik fakirleri hala hazirda yattigim yerden 5 milyon Euro kazaniyorum sizde kiçinizi yirtin diye gülüyordur,nefret
"Vahim olan uluslararasi hukuk kavramlarindan bihaber olan ve sahsi inancini görevinin önüne geçirmis bir Arap sevici  göç idaresi genel müdür yardimciligi yapabiliyor.
Bunun adi, Vatandasi oldugu ülke  yerine Suriye çikarlarina hizmet . LINK",nefret
"Rumlar, çirkin provokasyonlarina devam ediyorlar...

Güney Kibris Rum Yönetiminin Limasol kentinde Irkçi/Islam düsmani Rumlar tarafindan camimize haç resmi çizip, Türklere ölüm tehditleri yazilan alçak saldiriyi siddetle kiniyoruz. LINK",nefret
"#ÖzürDilerim
Suriyede ki türkmenlerin acısının sorumlusu 
Suriyeli Araplardır 
Özür dilerim misak-ı milli",nefret
"Suriyeli kurban byramına ülkesne gidyor çok çok daha ucuza kurbannı kesip kavurma ypıp dönüyor, yetmiyor devlet Suriye'den ptates alıyor.. Ösoluler bizim maaşları tl ile ödemeyin Suriye parası ile ödeyin diyor..
Arkadaş kimin ülkesinde savaş var?? Kimin ülkesi işgal altında?",nefret
'Tüm dinler karanlıktır. İslam zifiri karanlıktır. Henüz aklın tezgahında hiç zımparalanmamıştır. Zımparaya ihtiyacının olmadığı yanılgısı yüzünden yeryüzünün en tehlikeli dinidir. 7.yy arap sosyal yaşamını kitlelere dayatır.''@aklingozu https://t.co/D9qICr63J2,nefret
Sen karaktersizligin yüz bulmus halisin Türkiye'de senin gibi götü kalkmis piçlerin indirilmesi lazim kalles it,nefret
Ülkenin aydın yüzlerinden biri olsaydı özel harekat evini basıp alırdı ama suriyeli bir terörist olduğu için hâlâ içeri alınmadı https://t.co/a77DHu2CER,nefret
"Yahudi deccal ibne gavur kafir 
Getölar lanetlik yahudi 
Fetönüzun sizinde taaaaa LINK",nefret
"05.09.1921
Cephemizin merkez ve sağ kanadına yapılan Yunan saldırıları epey gevşedi Başkomutanlığımız, Yunanlıların gücünün tükendiğini anladı ve şimdi saldırma zamanı

98 yıl sonra yürüyüşümüz devam ediyor Gazi Tepe

Devam Edecek

@yusufkandazoglu @erdem_karaagac @milli_parklar https://t.co/Rqo86BsZvu",nefret
ÇOCUK İSTİSMARI DOSYASI : Denizli’nin Kale İlçesinde 10 Suriyeli 14 yaşındaki küçük kız çocuğuna istismar https://t.co/6LiOm1Jg6T https://t.co/R3GzLEn8Fq,nefret
zeynepsongur47 vallahi bu zenginler neresine ne yapacagini bilmiyorlar artik yazik biri brezilya poposu biri hollywod gülüsü biri hollywod disi birinizde demiyor dogal olarak Türkiye güzeli kalayim illa bir yerlerine sicaklar insanliktan çikiyorlar,nefret
"Türk polisi üniversitede bomba patlatmak isteyen, insanları asmakla ve yüksek yerden atmakla tehdit eden suriyeli bir köpeğe karşı pek hazır değil sanırım. Neyse ben yine de hazırlıklı bekleyeyim gelip beni alabilirler evimden kendi vatandaşına karşı hazırdır kahraman polisimiz. https://t.co/WY0AOlgrVp https://t.co/BYImk2wWAX",nefret
"Dhkpc Militani Tasnak Sevdalisi Ermeni Yosmaya 9 Yil 8 Ay 20 Gün Ceza Kesilmis 
Umarim Cezasini Çekmek Için Kodese Girer...",nefret
çok istiyorlarsa kendi çocuklarını göndersinler ah annem ah. bir söz bu kadar net olabilir işte. allah'ım sen bu ermeni artıklarının oyunlarını başlarına yık. bertaraf eyle. helak eyle inşallah. #annelerdireniyor #birannebirdevrimdogurur #annelerindirenisi #protestoediyorum,nefret
"#israf #türgev ve muhammed ali'nin michigan'da olan çiftliğini ""müslüman öğrencilere burs ve yurt olanağı sağlamak amacıyla!"" 2.500.000 satın almıştı. sadece değil tüm ülkeyi gavur sayıyorlar ki türkiye yerine abd'deki öğrencilere yurt açıyorlar",nefret
"#ÖzürDilerim
Suriyede ki türkmenlerin acisinin sorumlusu 
Suriyeli Araplardir 
Özür dilerim misak-i milli",nefret
"Gazimağusa'da 3 sapık kadın ""LOVE ERDOĞAN"" yazılı pankarların üzerine ""Şeytan"" yazdı. Yakalanarak terör örgütleri ve Rum bağlantıları araştırılmalı. @ErsanSaner @ersinrtatar @mbasceri @fuatoktay",nefret
"3.fırka:Sünnilere ve şi'ilere düşman olanlardır.(Vehhabi) ( necdî)denir.Bunlar müslümanlara müşrik demişlerdir.
•Müslümana kâfir diyene Peygamberimiz (sav) lanet etmiştir.

Müslümanları bu üç fırkaya parçalayan yahudi ve ingilizler dir...

{ M.Sıddık Gümüş }",nefret
Bu Suriyeli it benim ülkemin tertemiz çocuklarini bombalamayi istiyormus #MuhammedNurTutuklansin LINK,nefret
TÜRK olmanın binlerce yıllık onurundan arap gericiliğinin onursuz bataklığında hazin bir çöküş !!!,nefret
"Tarikatsız Türkiye olmazmış! 
Cumhuriyet devrimini Yunan işgaline benzetti 
https://t.co/sZrYP3qZR2 https://t.co/0ZRI9rZVQD",nefret
Luebnan Cumhurbaskani michael diye müslüman mi olur arap mi olur? ingiliz tohumunu çikartmislar konusturuyorlar. Islam almeni de yaziklar olsun bunlara müsade ediyor.,nefret
"Pkk sevicilerinin, Anti Türkçülerin yobazların, çomarların, batı yalaklarının, kürt ve arap sevicilerin  devrine denk geldik bu da bizim şanssızlığımız",nefret
Yakında cezalarda özelleştirilirse şaşırmam bu ülkede . Arap zihniyeti pişmanlıktır. #sigara,nefret
habere bak çift maske.çift ananizı sikeyim çinli orospu evlatları,nefret
Hakkı Pekin beynin hasara uğraması lazım diyor bize pkknın beyni Öcalan'ı aldık noldu pkk bittimi hayır pkknın beyni cia mossad Londra Washington ofisleri içimizde kriptolu aktörleridir kandili pkknın tepesinde yahudi vardır bop vardır  #tarafsizbölge,nefret
Nusret'te yedigin etler ananin amindan kan olarak geri çiksin MK haramzadesi seni gibi Arap mi olur Müslüman mi olur yüzsüz orospu çocugu siktir git bu takimdan go Arabiya go öç,nefret
"#soyludanistanbul bu chpliler tam vatan haini olmus, biri sakine ye destek olur ermeni soykirimi ni savunur destek olurlar, biri hdpyi destekler pkk ya para aktarsaniz da yaninizdayim der, israf dan bahsedip herseye zam yapar, ve de bu insanlari destekleyenin zerre amaci yoktur",nefret
#kürtler binlerce yıllık öz kardeşimizdir. Gizli Ermeni çetesi PKK ya destek olmayanlara selam olsun.,nefret
ben hiç suriyeli çiftçi duymadim. ekip biçmek özveri ister çalismak ister papatya ekmiyoruz. suriyeliler ögleden sonra uyanir sabah 5'te yatarlar. kim çiftçilik yapacak da ekip biçecek,nefret
"İstabul sözleşmesi, islalam düşmanı kafirlerin müslüman TÜRK milletine dayatmasıdır!
     Bu sözleşmeyi ölümüne destekleyenler ise dışarıdan ithal edilmiş dönme: yahudi, dönme hristiyan, ve dönme ermeniler olan deyyuslardir!!!",nefret
"Başkan Altın: Hocalı Katliamı 21. Asrın En Büyük Felaketlerindendir Başkan Altın mesajında, 29 yıl önce, Azerbaycan´ın Dağlık Karabağ Bölgesi´nin Hocalı Kasabasında sahnelenen Ermeni vahşetinin 21'inci asrın en büyük faci https://t.co/2u6huSCjkw https://t.co/H9Zg3nn7fQ",nefret
"kurtulus savasimizla, bir bakima ve de ayni zamanda, islamiyeti  de silahli azgin yunanlinin elinden kurtaran, kuvayi milliye-kemalistlerdir.  iyi düsünülmeli.  hakaret amaciyla kemalist derseniz yunan tohumu olursunuz",nefret
Seni futbolcu yapanin amq monacoda nasil oynadin amq oçu sg su kulüpten yaninda hasan aliyide götür siktirin gidin de kurtulalim artik,nefret
Ugurcan suriyeli saç trasini sikiyim bizi mi gördüm kalecilik yapacak,nefret
"https://t.co/qR1LVbiWzM

29 yıl önce Hocalı'da Ermeni işgalcilerin vahşi katliamında, 106’sı kadın, 63’ü çocuk, 70’i yaşlı olmak üzere hayatlarını kaybeden 613 Azeri kardeşimizi rahmetle andık. 

Eğitimci-yazar Sedat Serdaroğlu’nun #HocalıKatliamı ile ilgili söyleşisi sizlerle...",nefret
Bi çinli orospu çocuğunun yüzünden çektiğimiz çileye bak yakın aq dünyasını bitsin bu çile,nefret
"Alçakligin resmi
Sizce #DinAfyondur tagi altinda Islama saldiranlar ateist mi?
yoksa Hristiyan,Yahudi,Zerdüst,Ezidi gibi Islam düsmani inançlara sahip ikiyüzlülermi?
Ayni zamanda sapikliklarida normallestirmeye çalisan bu kitle bu saldirganliklari ile gençligimizi afyonlamiyormu?",nefret
Çinli yakmak istiyorum,nefret
"Go Home Dirar, Kanser ettin bizi Amin oglu .. Fenerden sogudum senin yüzünden, seni bu Takimi getireni sikkem, Marokko dualarimizi duysa da seni Transfer etse, sari saclarini sikkem Yemen çingenesi",nefret
"Yabanci uyruklu doktorlar (suriyeli, afgan vb) nedeniyle meger birçok ölüm olmus. TUS sinavi olmadan atanabiliyorlarms. Türkler ise tus ile.neden ölümlere sebebiyet verdikleri anlasildi.umarm bu yüzden baska bebekler, canlar yitirilmez..#aliemiricinadalet",nefret
Bu adamlarin bu ülkeye yaptigini yahudi yapmaz  #HakkimiHelalEtmiyorum,nefret
"Sokakta Suriyeli
Markette Suriyeli
Otelde Suriyeli
Restoranda Suriyeli
Barda Suriyeli
Deniz kenarinda Suriyeli
Ama camide Suriyeli yok.

Sonra onlar bizim din kardeslerimiz öyle mi?
Anlat anlat ben yalani severim",nefret
"Ermeni ve siyonistin tuzaği bozuluyor.
Çünkü   🗣🔉  #AnnelerDireniyor",nefret
Uğurcan suriyeli saç traşını sikiyim bizi mi gördüm kalecilik yapacak,nefret
Mehmet Ali Erbil tez zamanda sagligina kavusup ekranlara döner insallah biktik ekrandaki samimiyetsiz yobaz tiplerden Arap kanali mi izliyoruz Türk kanali mi belli degil,nefret
"Arap sevici Diyanet Baskanimiz...
Kendi vatandaslarina bir ögün yardim yapmayan Türkiye Diyanet Vakfi, ISID militanlarinin toplandigi Idlip'te 100 konut yapacakmis... LINK",nefret
"Ne kadar yunan artığı yahut ermeni tohumu varsa, Temel beye 'ingiliz temel' diyor. https://t.co/mVlyUmDIuh",nefret
"Pontus Rum tohumu
Ne bilir Osmanli hanedanini...
Bilmiyorsan sus adam sansinlar demisler..",nefret
"Birgün bütün Türkler Kürtlerin yaninda olmak isteyecek
Tercih ettikleri Araplarin ve Arap kültürlerinin ne b*k oldugunu ögrendiklerinde... LINK",nefret
bu kadar orospu çocuğu bi camia olamaz ya anasını siktimin yahudi piçleri,nefret
Sen kimsin ki devlet seni muhatap alacak it soyu gerçi itlerde senden kaliteli kanı bozuk Yahudi kırıntısı soysuz adi şerefsiz namussuz https://t.co/VgsF85qC1e,nefret
Ankara Istanbul uçak bileti 300 tl ( yeni havalimanindan). Uçaktayim. Uçagin yarisi Suriyeli. Hani savasti hani fakirlikti hani . Lan ben firma karsilamasa belki uçaga binemeyecem adamlar 5 kisi uçaga binmis ya. Hani bunlara yazikti. Adamlar keyif sürüyor. Hey yavrum hey,nefret
Türkün türkten büyük düşmanı yok ne rum ne ermeni ne de yahudi bunların eline düş türke esir olma hücrelerine kadar kurutur bırakmaz,nefret
"Haydi dünya lideri görelim bakalim ne yapacaksin ??
Ülkene 15 kisi gelip Bir adami öldürdüler, bir kisi yetmezmiydi.
Yeterdi ama büyük ihtimalle cesedi 15 parçaya bölüp yurt disina çikardilar.
Iste Arap ve seriat vahseti.
BIZDEKI ARAP SEVDALILARI DIKKATINE LINK",nefret
"FRANSIZ OLSANIZ IYI 

YUNANSINIZ YUNAN !!!

 KARAKTERSIZ SEREFSIZ !!!

GEREGININ YAPILMASINI ISTIYORUZ @USER

(Herkes yoruma @USER 'i etiketliyor beyler haydi.) LINK",nefret
Arap dünyasinin YARATICI ile bir ilgisi yoktur. Onlar YALAN TALAN GANIMET KADIN KIZ KÖLE CARIYE SALTANAT PUTPERESTLIK ve MITOLOJIK HURAFELER pesinde olan  kabile toplumlardir. Kabile anlayislari DEVLET  ADAMLIGI DURUSU olan devletlerle tabiki basa çikamaz. LINK,nefret
"alevi vatandaslarimizin yas tuttugu bir gunu tatli ile kutlamak, bu sunni fasizmini kiniyorum https://t.co/FhTw3j7GLm",nefret
hah bir yunan tohumlugu yapmamistin seriyi tamamladin serefsiz,nefret
örgütleri nasıl terörize ettiklerini hıristiyan papazları istihbarat örgütlerinin nasıl kullandıklarını kitlesel ölümlerle sonuçlanacak virüslerle dünyayı nasıl şekillendirmek istedikleri ve daha fazlası. film güzel kadro sağlam.,nefret
O. Çoçuğu terörist kansız vatansız ermeni dölü senin de seni seveni de Allah ateşlerde yaksın #SevgiliSelahattinDemirtaş,nefret
kaça veriyorsunuz araplara topisler deyin bakiyum,nefret
AKP hükümeti Suriyeli teröristleri piyasaya sürmeye başladı.. Anladınız mı? neden ülkeye getirdiler bunları. #MuhammedNurTutuklansın https://t.co/OcORbpoWwF,nefret
"PKK'NIN PRAJESİ OLAN EŞBAŞKANLIK İBB'DE ÜSTÜ KAPALI UYGULANDIĞI ANLAŞILIYOR.
KRIPTO YUNAN EKREM BERTARAF EDİLMELİ

@RTErdogan @suleymansoylu https://t.co/eu1xgmUzxS",nefret
Sahi #türktelekom kimin en son Arap'lar bizi dolandırıp gidince kime kaldı bankalar satamadı galiba,nefret
Niye Vanlı değilsin pis çinli cevap ver @dogukandgrmenci,nefret
"#MuhammedNurTutuklansin Suriyeli genç hepsini öldürelim bomba atalim demis, sizin tek yaptiginiz is öldürmek , insan olun biraz, bu milletin ekmegini yediniz #AsagiyaBakmayacagiz 
#AsagiyaBakmayacagiz 
#AsagiyaBakmayacagiz",nefret
fundacayenne Ay BIR BIRLERINE SAHTE SAHTE ÖPÜSLER SEVGI GÖSTERGESI REZILIK ...DEMET AKALINDA OKAN KURTADAN DA BOSANDI GERI GÖNDÜ VAROS GECELERE HEPSI AYNI BOK SAHTE SEVGILILER DÖNEK DEMET AKALIN REZIL,nefret
"#MücahidinCenazesiniVerin diye tag açmis  kürdistan diye diye genç hayatlari söndüren,küçük kizlari daglara kaçirip tecavüz eden,masum yavrulari anasiz babasiz birakan,oyla seçildim diye devletine hainlik eden,siyonist haçlilarin köpekligini yapan ermeni kirmalari topunuzun A.B.V LINK",nefret
"Ailesinin anlattığına göre Artur kendisine 2 Ermeni teröristi örnek alıyormuş; Garegin Njde ve Monte Melkonyan.
Artur, Birinci Karabağ Savaşı'nda öldürülen Kaliforniya Ermenisi terörist Monte'nin mezarını sık sık ziyaret ediyor ve temizlik yapıyormuş.",nefret
Arkadaslarimi yahudi siksin hepsi böyle ilginç tipler LINK,nefret
"*Aynaya bakılır*

Oha suriyeli gibiyim
 
*Sakallar kesilir*

Tebrikler iyi bok yediniz artık sekiz yaşındasınız

*Bir kaç hafta sonra tekrar edilir*",nefret
"Yahudi Suud'un oyunu

#KabeKutsalimizdir LINK",nefret
Memleketteki depremlerin sebebi arap plakasinin anadolu plakasıni batiya dogru ittirmesiymis. Aminakodugumun araplari bi sike faydaniz olsun bir kez de,nefret
99 yılında deprem olduğundan yok askeriyede dansöz oynattılar ondan oldu dediniz. Yıl 2019 5.8 büyüklüğünde bir depremde sadece minare yıkıldı sebebi Kur-an kurslarında vakıflarda çocuklara tecavüz etmeniz olabilir mi? Bıktık örümcek beyinlerinizden bilim düşmanı arap yalakları.,nefret
PKK /hdp büyük çoğunluğu Ermeni kökenli terör örgütüdür. Tunceli’de çalışırken halk bunlar bizden değil bunlar Ermeni derdi. https://t.co/jjfv3dT5fY,nefret
suriyeli gitsin diyoruz surili dolduruyorlar ... allah kahretsin ya ...,nefret
adam 200 metre mesafe için soförlü araç kiraladi arap yogurdu bol buldu mu... neyse,nefret
Alayinin amina koyim kafayi yedim evde Çinli görmeyeyim ters yatirip düz sikicem andim olsun,nefret
"Bu Kavga Hak Ile Batilin Kavgasidir Artik
Devletimiz Varolsun
Polisimiz Var Olsun
Yunan Çekilirken Tohum Birakmayi ihmal Etmemis Anlasilan
#DevletiminYanindayim
#PolisiminYanimdayim LINK",nefret
#nihatözdemir sana ve ailene lanet olsun #alikoç sende o yahudi lerin şemsiyesi in altından hiç çıkma çıkarsan 30 milyon birden bi.......... Neyse gerisini yüce Türk milletine bırakıyorum,nefret
iki hiristiyan/yahudi kripto kuklalari https://t.co/aZIhosqHWc,nefret
mkoc996012018 Öncelikle botosklu ukala. Tarihten önce dogmus dinozor görünümü var yüzünde. Adam hakli sen oyuncu degilsin türkücü sün. Ogluna sahip çik sonra o uzun dilini çikar hadsiz saygisiz,nefret
"SEREFSIZLIK YAPMAYIN!..
#dolar Amerikan parasi degil mi? Amerika gavur ve düsman degil mi? Biz Türk ve Müslüman degil miyiz? Amerikan gavurunun parasiyla bizim ne ilgimiz olabilir ki! Bizim ekonomimizle, piyasalarimizla, Merkez Bankamizla dolarin ne ilgisi olabilir ki!..",nefret
"Kokain beyinli domuz uşağı sen kimsin alman yahudi melezi eminim baban bile seni sevmezdi
Sen
Cumhurbaşkanımız Recep Tayyip Erdoğan'ın ayakkabısının bağcığı bile olamazsın katır https://t.co/waUNHCMwlY",nefret
"Rahmetli
◾Erbakan Hocam..
Kulaklarımda..
◾Siyaset yapmayan Müslüman'ı
◾Siyaset yapan Yahudi yönetir..
Sözlerinle çınlıyor....
Onun için...
👉Erdoğan ile..
Durmak yok yola devam yoruz...",nefret
Yüz yildir ecdadina düsman Yahudi ve Hristiyana dost bir nesil yetisti. Buna sebep olanlar içimizdeki gavurun dostlaridir. Bunlarin kim ve kimler oldugu ergeç açiga çikacaktir.,nefret
"Büyük Vatanseverlik Savasi'nda öldürüldügü ve daha sonra esaret altinda oldugu tespit edilen Valihad Valiyev, birkaç ay sonra eve döndü. Geçen yil Aralik ayinda Ermeni esaretinden kurtarilan gazimizin gaz aritimi tamamlandi ve bugün dogdugu Lenkeran'a gitti. LINK",nefret
"Siz HDPKK severler❗️,dün yazdık. Bunlar kürt kardeşlerimizin temsilcisi değil. Ermeni Taşnaksutyun-Hoybun ermeni terör örgütü’nün aparatları. Asala bitirildiğin de,artıkları bekaa vadisine Apo’nun himayesine sığındılar. ASALA hala orada‼️👿👿👹👹 https://t.co/Lt7YWBNT2R",nefret
Geceye bak aq jölesi bitmis suriyeli gibiyim,nefret
Muhsin baskani suikastle sehit ettigini itiraf ediyor aslinda bu yahudi feto LINK,nefret
bi rus aile var ingilizce bilmedikleri için mahcup bir şekilde derdini anlatmaya çalışan bir de arap aile var yüzüme arapça bağırdığında anlayacağımı düşünen... ben o ikincinin anasını sikeyim işte,nefret
Yokmu Alevi sikmek isteyen https://t.co/KioKEsjtvS,nefret
İç savaş kapıda istedikleri buydu suriyeli picler bunun için besledi katliamlar için https://t.co/VcqFzJZyCP,nefret
"Rumlar çikarlarini ne güzel savunuyor ya.

Adamlar acaip onurlu ve tavizsiz.

Birde bizdeki AKP li ve CHP li çomarlara bakin. Analarini vermeye hazirlar bir ögün yemege. Yarinini düsünmezler. AKP liyi al CHP liye vur, çirp bir RUM etmez yahu.

Utanç. LINK",nefret
"Şehit haberiyle yüreğimiz yandı
Son olaylardan sonra yeni yeni onun bunun çocukları türedi 
Şerefsizler
Hepiniz ermeni oldunuz
Yahudi oldunuz
Gavur oldunuz
İp ne oldunuz 

Hep bir ağızdan bir seferde TÜRK olun
Hep bir ağızdan bir seferde
Şehit olun
Asker Polis olun be şerefsizler https://t.co/P7ovXJ9LnT",nefret
"Ateistlerin, dindarlara dediği, ""sizin Allah'ınızı kabul etmiyoruz"" itirazından başka bişey değildir. Sanki o ""mitos"" varmış da, Ateist nâm züppeler onu reddederek kendilerine kişilik sağlıyorlarmış gibi bir şey... Çüşş ulan, bu züppeliği kimse yemez...",nefret
bir yahudi alim islam'ı seçer. ve peygamberin kendisini sormasını söyler. övgüyle bahsedenler. o müslüman olursa kendilerinin de olacağını söylerler. o çıkıp müslüman olduğunu söyleyince hakaret eder iftira atarlar. iste chp zihniyeti tam da budur. dün övdükleri feyzioğlu ya bugün,nefret
VATAN HAİNİ KİME DENİR? = AKP ve yandaşları Amerika’ya 9 Trilyon Dolarlık BOR Madenimizi 40 Milyon Dolara Yahudi iş adamlarına satıldı https://t.co/rejCTPyjWI @istanbultimess aracılığıyla,nefret
Bir mualifin yanında ingiliz fransız rus var ise o mualif bilmelidirki gittiği yol yol değildir tuttuğu el el değildir.Yarın iktidara geldiklerinde o tuttukları el bunlara silah çekecektir #HayırlıCumalar https://t.co/6fu9Uh2NkZ,nefret
"Bogaziçi üniversitesi geçmiste, Robert koleji olarak yahudi ve ermenilere özel egitim vererek bir nevi militan yetistirilen bir yerdir.
????????????????????????????????
Ögrencilerin? müslümanlarin kiblesi olan Allah'in evinin resmini yere attiran karanlik bir eldir ..
  
#KabeyiSavunanFisleniyor LINK",nefret
Böyle rum döllerini Türkiye besliyor iste. LINK,nefret
"devlete ait olmadığı için ""henüz"" çökülemeyen turkcell'in çalışmaya devam etmesi, elin arabına üç otuz paraya peşkeş çekilen ve arap tarafından sömürülüp içi boşaltıldıktan sonra batırılıp geri devletime kaktırılan telekomun çökmesi. hıyanet-i vataniyye kanunu duruyor mu sahi? https://t.co/MflEBw9Aey",nefret
"Bu memlekette 10 yıl sonra o katarlı ve suriyeli işletme sahipleri hiç bir TÜRK’ü yanlarında çalıştırmayacaklar. 
O gün geldiğinde biz mülteci olacağız kendi vatanımızda. https://t.co/HBCfFnyO6H",nefret
"Suriyeli bir soysuz Bogaziçi'ni bombalamak istedigini söyleyecek kadar özgür iken, Üniversite ögrencilerinin yerlerde sürüklenmesi...",nefret
"Bu Acıları Sizde Yaşayacaksınız Çocuklarınızda Torunlarınızda Yaşayacak
Bu İş Burda Bitmez
Ne Yaptıysanız Aynısı Size Yapılacak
Ermeni Tohumları
#AnnelerDireniyor https://t.co/2ErDvCiWyZ",nefret
https://t.co/ODwfJdaoAb Sahib çık Türkiyem bu Kürt Türk meselesi değil bu Büyük İsrail projesinin uzantıları Arzımukaddese yolaçma işi burda doğulu kardeşlerimizi şeçtiler bunuda ermeni ve vatan haini kim varsa onlarla devam ettiriyorlar yeter yeter bu zalimlerin yaptığı ses ver,nefret
"Valla
Halbuki Firansa Atom Bombalariyla Peygamberlik yayiyordu DÜNYAya

'hasikdir yahudi
'hasikdir macron LINK",nefret
Ağdam'ın Eyvazhanbeyli köyünün Hiroşima'yı andıran görüntüsü yürek burkuyor. Ermeni işgalcilerin vandalıgına @UNESCO suskun! https://t.co/CyPjSEoPK7,nefret
müslümana gavur eziyeti,nefret
"Toplami 40-50 kisi olan Suriyeli gruplar kavga ediyor, bir motorda iki polis müdahaleye geliyor. Mahalleli biktik usandik su binadakilerden diye polise serzeniste bulunuyor. Polisin cevabi müdahale edemeyiz, Valilige sikayetinizi bildirin.",nefret
Suriyeli teröristler günü geldiğinde işlerini yapacak haberiniz olsun hiç bir ülke 5 milyon insanı boşu boşuna beslemez,nefret
arap görmek istemiyorum ve özellikle psg veya barca formali arap görmeyi hic istemiyorum,nefret
Diğer tüm takımlar fetönün orasını burasını yalarken fetö ile tek mücadele eden takımdır @Fenerbahce. Fetö sayesinde suriyeli @GalatasaraySK defalarca şampiyon yapılmıştır bu buhün bir kez daha kanıtlandı.,nefret
Ya Ülkemizde nekadar gavur varmis siz bitiremezsiniz bizi biz Allaha inaniriz puta degil bu topraklari alan atatürk degil Osmanlidir Istanbul'u fet eden Fatih Sultan Mehmet dir . Onlar olmasaydi Türkiye olmazdi  #MustafaKemalAtatürk,nefret
"İstanbulda Cenaze işlerini ücretli hale getirilmesini meclis gündemine sokacakmış bu hafta Ermeni kırığı 

Akpartiye ders vermek isteyenler 
Hahhh size diyorum bu Ekrem yedi sülalenizi ölünüzü dirinizi belleyecek haberiniz  olsun 🤣😂😎",nefret
"rahmetli babaannem çok ağlardı. o melun yunan mezalimini anlatırken ağzından çıkan ah yüreğinin taa derinlerinden gelirdi ""kafir"" derdi. çok eza cefa etti. sonra da yaktı yıktı ama kemal paşa'ya yenilip gitti. 8 eylül 1922 bugün manisa ve yarın izmir. 97 yıllık minnet...",nefret
"#Clio

6 bakanlıktan fazla bütçeli belediyeyi kaptıran Akepe şimdı cıyaklıyor...
Hırsızlık fıtratlarında var çünkü!
Zihniyet Yahudi zihniyeti çünkü!",nefret
"Arap'tan kalan, yaşayan tüm kalıntılar yok edilmeli, dini dahil bu topraklar da..

Kamal Atamtürk",nefret
RUM KAFASI ANCAK BU KADAR ÇALISIYOR.. LINK,nefret
"Giderayak cezayirli ablamiz havaalaninda yanaklarımı sıktı arap sevmiyoz dedikce basimiza gelenlere bak, yumurulduk",nefret
"1)Başımıza ne geldiyse bu küçük eniştenin yüzünden geldi. Stratejik derinlik dedi, trajik bir tablo ortaya çıkarttı. Komşularla sıfır sorundan, sıfır komşuya geldik. Milyonlarca Suriyeli'yi başımıza bela etti. Rus uçağını düşürme emrini ben verdim dedi, pilot FETÖCÜ çıktı.+ https://t.co/LIq2NwEPCN",nefret
"Ermeniler
Şehit Talat Paşa'nın 
katili
Kancık Ermeni'nin heykelini 
diktilerse
biz de
Asalayı yok eden
Kahraman Çatlı Reis'in
dev gibi bir heykelini 
dikelim!
Hem de tam Ermenistan sınırına.
Bakıp bakıp titresinler!
""Yarın elbet bizim, elbet bizimdir!""",nefret
Tff Fatih Terime verilen cezanin 19:05 te açiklanmasini derhal izah etmelidir. Recep Tayyip Erdoganin ifadesi ile YUNAN MI LAN  bu takim...,nefret
"Kürt Analar uyandi. 
Ermeni PKK ve HDP örgütleri Kürt gençlerini artik zor Daga çikartir...

#kürtgenclerbizim",nefret
"Türk Milliyetçisi ve Cumhuriyetçisi Atatürk;
Türk Milletinin Bağımsızlığını, Başkaldırışını, Şahlanışını azimle, akılla, eğitimle, tüm gücüyle çalışarak ve savaşarak, dünyaya gösterdiğinden, EMPERYALİST işbirlikçileri ve müslüman kılıklı ARAP sevicileri ATATÜRK/TÜRK düşmanıdırlar",nefret
"BM.. DE  ,, SALONU İZLEYİNCE, BOZUK ARAP ALEMİ TEMSİLCİ
LERİNİ GÖRMEK. HALLERİNDEN
SATILMIŞ OLDUKLARI, NASILDA
BELLİ OLUYOR. UTANMAZLAR",nefret
Selanik'e yonunuz düşerse Yunanlının Atatürk'e nasıl saygı duyduğunu görebilirsiniz bizimkilerse uydurdukları din üzerinden birde dil uzatıp dururlar ah şu tarikatlar ingiliz gibi çalışıyorlar...,nefret
Hadi dogunun dogal halki gercek sahibi ermeni orgutune gecis yok https://t.co/tWNBSJIuSr,nefret
"2021'in yalnızca ilk ayında 23 kadın erkekler tarafından öldürüldü, 14 kadın şüpheli şekilde ölü bulundu. LGBTİ'ler her yerde her an şiddete maruz kalırken, savcılıklar bunu insan hakları ihlali saymadı. Emekçiler sadece Kürt, Ermeni, Laz ... olduğu için her gün şiddete uğradı https://t.co/gs84DlYbib",nefret
"terör örgütü pkk ""kürt"" vb değil katmerli bir ""gavur"" örgüttür gavur ne demektir peki? anadolu ruhunda müslüman olmayana ""gavur"" denmez kime denir? türkiyemize vatanımıza bayrağımıza barışa ihanet edene masum insanları katleden ""gavur"" denir #analardireniyor",nefret
Arap sevici zeynep karatas nerede LINK,nefret
"Budur.
70 yildir, yahudi/hristiyan ruslarin (laz, çerkez, gürcü, ermeni) yönetiminde, yahudi/hristiyan abd eyaletiyiz.
Uydurup, dayattiklari din ile aldatip, sigindiklari ülkemizi yagmalamak için her kiliga giren, TÜRK olmayan herkesi bu topraklardan defetmek, TÜRK için görevdir. LINK",nefret
Irakta büyük oyun var devami dünya sinemalarinda oynayacak irak halkida bu filmle avunacak ne hiristiyan seviciler varmis irakta bilememisik tipki bizdeki ermeni Yahudi sevicileri gibi yani hain heryerde var,nefret
"Ünlü bi suriyeli düşünürün de dediği gibi ;
Şehirlere bombalar yağardı her gece, biz seninle sevişirdik...",nefret
"M.kamalin, tc kimligi verdiği,rum,yahudi ve ermeni torunları rahatsız oluyor diye,kendi ďinimizin ayetlerini açıklayan hocamızımı susturalim!

 #hepimizboynukalınız",nefret
"Bugün Türkiye'deki yahudi Rum Ermeni usaklarinin müslümanlara Allah'in gönderdigini dini silmek için baski zulüm ve her türlü eziyetlerin yapilisinin yildönümünü dur 
o serefsizler Allah'in yardimi ve Tayip Erdogan'in katkilari ve halkin  sayesinde bugün tarihten silindirler.",nefret
INEGÖL'ümüzün Yunan isgalinden kurtulusunun 97. Yildönümü kutlu olsun...,nefret
Osmanlı kadar taş düşsün başına rum aşığı ne idüğü belirsiz mahluk! https://t.co/Se1gQTeurg,nefret
"Kim ne düsünürse düsünsün be derse desin ama ben ülkemde ne Suriyeli ne de Arap görmek istemiyorum ya 
Kendi ülkemde yabancilik çekiyorum resmen rezillige bak.",nefret
Dün İstanbul Üniversitesi önünde Suriyeli teröristlerin de katıldığı TC karşıtı şeriatçı grupları huşu içinde seyrerken Bogazici Üniversitesi önünde yazdığı destanın(!) daha beterini polis ne yazık ki bugünde Kadıköy'de öğrencilere ve gazetecilere karşı yazmaya devam ediyor!,nefret
Şehitler ölmez onlar her zaman diridirler ama bunu kafirler asla bilemez kahrolsun yahudi piçleri https://t.co/HFcAXnjxAD,nefret
arap lanetine,nefret
"""Öldürmediğim her yahudi için bana lanet edeceksiniz""
Alinti",nefret
Kürt fobisi kendilerini bitirecek. Kürd kardeşlerim edebiyatı ile arap ve türkmenleri Kürdlerin bin yıldır yaşadığı topraklara yerleştirme çabaları. En çokta sana oy veren Kürdün kanında sıkıntı görüyorum. https://t.co/aAk6bY6gPi,nefret
"Erdogan Gece Gündüz Dolasip Özellikle Yahudi Tefecileri Ingiliz Metresi Serefsiz Arablari Ülkeye Davet Ediyordu Yatirim Için Bir Zamanlar 
#kirklarelivaliligihaddinibil 
#SinirlariniZorla 
#erolbulut
#Melihgökçek",nefret
"Yabancilar!
Özellikle ruslar (laz, çerkez, gürcü, ermeni), rum, yahudi,...!!
Ülkemizden DEFOLUN!! LINK",nefret
Sayın bakan 1 milyon sağlık çalışanı senin emrinde ben onlara karışmam.covid19 korana vs diyerek yahudi oyunu ile beni üzme artık.kentsel donusum ve şehircilik bakanlığı projemde Türkiye halkını 8 şiddetinde depremden kurtaracaktık.masonlar işin cilkini çıkardılar.imza ozaydin65,nefret
"hirsiz rum tohumu, cahil kasim pasa cingenesi .diplomasida yok . suna kadar verdiyi hic bir kararda gecerli deyil. faturayi cok agir odeyecek LINK",nefret
"Yahudi ??lazimligi ile basa gelenlerin sonu geldi sancisini toplum çekiyor dogum yakindir insallah (alinti)
#KabeyiSavunanFisleniyor",nefret
en son arap olmadigim icin sukretmistim simdi yasadigim icin sukrediyorum xd #depremistanbul,nefret
"Şimdi de diyoki ""Sana Avusturya'dan Macaristandan sürekli mektup geliyodu noldu o Hansla konuşmayı neden bıraktın o cocuk iyiydi iyi"" sjcbsjs zamanında Macar milleti kadar varoş bı millet yok diyen annem Arap damadı görünce pisman oldu sjxbshd https://t.co/7x8lMLM0j8",nefret
 çingenesi ne boka yararsin top ezmekten baska,nefret
Yahudi sizin kadar zulüm etmez  #ÖğrtSandıktaBekliyor,nefret
"Hirsiz Tayyip tagini görünce insanliktan nefret ettim. Meger ne çok p*ç varmis bu ülkede... ne çok nankör varmis.. ne çok kripto yahudi usagi avengelist papaz yamagi varmis.. 
Bu tagi açanlari, açanlara destek olanlari, görünce sevinen sevindikçe kisneyenler! Tövbe tövbe... ??",nefret
"Atatürk düsmani, Ermeni sevdalisi, PKK dostu üç kurusluk insan güle güle seni özlemicem @USER",nefret
Benim sanli bayragimin yanina it bayragi koymus sonra ülkemde katil zohnoyot istomoyorom diyor yav bi sg yahudi ülkene LINK,nefret
"Fox tv
Sahibi 
Yahudi'dir.
Ülkemizi karistimak için her türlü pislik icindedir.
Milletimizi birbirine düşürecek yalan haber kanalıdır.
#YalancıFOXTV",nefret
"Mavi Vatanımızı gasp etmeye kalkan ancak suçüstü yakalanan Yunan ve Rumlar dışında kimse verdiğimiz notadan rahatsız olmaz. Çünkü bu hırsızlar sadece bizim değil, Mısır, İsrail, Lübnan ve Libya'nın da hakkını çalmıştır.

Bir sonraki adım MEB ilan edip, bu hırsızları tepelemektir.",nefret
AHMET NECDET SEZER ATAMA YAPARKEN ÇIT YOK.ERDOĞAN ATARKEN NEDEN BAĞIRIYORSUNUZ.BEN SÖYLİYEYİM. ÇÜNKÜ YUNAN TOHUMUSUNUZ...,nefret
"nagihan.erdemgospodinov@USER bütün asagilik küfürlerini iade ediyorum. Sen sapik Ensar pesinde kosmaya devam et. Rüsvetçi ahlaksiz bakanlari ve çetesine ses çikartma. Hirsizliga göz yum , ona buna küfür et. Bütün bunlarin üstüne fetocu diye iftira et. Kul hakki tecavüzcüsü seviyesiz seni",nefret
"Bu Milleti Asimile etme gayretine giren Beyaz Türkler ( Yahudi , Ermeni ) Dönmelerini unutmayin
Adalet bunlari göremiyor LINK",nefret
bir gün gelicek hepinizin karısını kızını bacısını sikmeye çalışıcak bunlar malınıza canınıza göz koyucaklar o zaman görücem ümmet sevdanızı hümanistliğinizi he şu var hakkedenlere suriyeli arap sevicilere yapsınlar çok sevinirim https://t.co/njC1cGQkeQ,nefret
"28 Ocak 1992- Hankendi yakınları

Ağdam'dan Şuşa'ya giden, içinde sivillerin olduğu helikopter, Ermeni teröristleri tarafından düşürüldü. Terör olayında kadınlar ve çocuklar dahil 44 ve 3 pilot Azerbaycanlı şehit oldu. https://t.co/1LtUFJmc1y",nefret
"Demek ki en başından beri pkk nın tarafındaymışsınız !

Siz var ya !
ne TÜRKSÜNÜZ
ne MİLLİYETÇİ
ne de MÜSLÜMAN !

Siz olsa olsa, soyadı kanunu ile içimize sızan 
ermeni ve yahudi TOHUMUSUNUZ !

BAŞKA İZAHI YOK!
BU HAİNLİĞİNİZİN BAŞKA İZAHI YOK!
ANLADINIZ MI ?",nefret
"Bugün, 18 yasindaki suriyeli eleman mesleki yeterlilik kursunda kuaförlük belgesini almis, devletten destekli dükkan açacakmis. Okulu bitirdigimde bana bir lira yardim etmeyecek kendi devletim. Aldigim krediyi zorla isteyecek devletim. Türkiye'de; Türk'ten garibani yok, Net!",nefret
Düsünce özgürlügü CHP li vatan hainleri  pkkli it sürüleri. Domuz yiyin raki için LGBT li olun ne bok yerseniz yiyin bu ülkeyi böldürmeyiz Gerekirse topunuzu cehennem atesinde bu dünyada yakariz. Sizi yahudi babalariniz kurtaramaz. LINK,nefret
"Adamlar üsenmemis
dama serdim üzümü
ne gözlüyon gözümü
gavur dürzünün kizi
yavas isir yüzümü diye türkü yapmislar. Atalardan da bos epey varmis",nefret
iremyilmaz9314 Seda Sayan kendimi sana ne zannediyorsun Lan pislik sen oraya gelince Kürtlerle evlenirsin Kürtlerin altina girersin olan o***** sen onu bunun karisi olan gitsem kalir bile senden kari güzel kaliyorsun ameliyat olan ulan seninle yüz kalmamis o kadar makyaj söylüyorsun ki sen o insanlarin pisligine yüzüne sürülen ondan iyidir Simdi de kalkiyorsunuz da askerlerden mi poz poz gösteriyorsunuz Ulan sonuçlari misin pislikleri sen kimsin lan sen bile dogru düzgün Türk degilsin Arnavut çingene piçleri ya siz kimsiniz ki ya aksama kadar Kürtlerin altina yapan yatin çocuk yapin pislikler Kürtlerin beline para kazanin Ondan sonra baskasinin topraklarina girmesi ile Cumhurbaskani kim olmus ya Kürtlerin sayesinde ya Kürtler bokunu ye,nefret
İşgalcileri dize getiren devrimcinin emanetini koruyamadık.100 Yıllık İngiliz projesi İşbirlikçi Dinci hain; ülkeyi teslim aldı. sanayisini çökertti üretimini bitirdi.Kalan varlıkları İngiliz  Kolni'si KATAR Varlık Fonu'nu yöneten İng/Yahudi'si ROTHSCHİLD Yatırım Fonu'na  satıyor https://t.co/UTJZgeq04m https://t.co/V0OSncM7CU,nefret
İngiliz kaşığı ile Arap b*ku yiyenler beni takipten düşsün hadi naş naşş.,nefret
#SevgiliSelahattinDemirtas pkk sözcülügü yapmayi tercih ederek aslinda Kürt halkina kötülük yapmistir onlarin oylarina ihanet etmistir asli Kürt olan vatandaslarimiza onlar bu ülkenin asli unsuru birde içlerinde ne idügü belli olmayan ermeni yahudi tohumlari ortalik karistiriyor,nefret
"Hdp es baskanlarinin çocuklari..
Diger tarafda kaçirilan Dogulu kardeslerimizin çocuklari..
Büyük Israil projesi (kürdistan sözde) tam hizmet bu ermeni tohumlarindan... #AnnelerDireniyor LINK",nefret
"Bu Ülkenin Sahipleri Müslüman Türk Milletidir. Sabataist Yahudiler Ermeni Dönmeler BİZANS kalıntısı Rumlar Manukyanın torunları Sorosun Beslemeleri Bu Aziz Millete söz söyleyemez.
Haddinizi bilin İslam Düşmanı Vatan Hainleri. https://t.co/bZtrhgGn8i",nefret
Aq çingene senin oynayacagin oyunun aminakoyum ne kadar beceriksizsin birak su futbolu,nefret
Ilk tökezlediginiz yerde yere göge sigdiramadiginiz Arap kardesleriniz vuracak tekmeyi kiçiniza. Yaninizda kalan yine biz olacagiz lütfen bunu düsünerek hareket edin bir sefer,nefret
"8 Eylül 1922 

Ordular yemeden,içmeden ,uyumadan Yunanı yurdun her yerinden Akdenize doğru sürerken Yunan geçtiği yerlerde katliamlar yapıp,köyleri yakıyor ve Manisa kurtarıldı.

Son durağa,kutsal toprak İzmir'i kurtarmaya sadece 1 gün kaldı https://t.co/ZgKKSFOqWO",nefret
Insanlık tan nasibini almamış ermeni ve destekçileri Dünyanın gözü önünde kardeş Azerbaycan da#HocalıKatliamı yaptılar ölen kardeşlerimizi rahmetle anıyorum,nefret
"Acaba pandemi sahtekarliginin amaçlarindan biri, bu ülkede yerli esnafi bitirip Çinli pezevenklere mi yol açmak?! LINK",nefret
"ÇAPA TIP'IN TAŞI,TOPRAĞI,BİLŪMUM NEYİ VARSA ANANIZIN AM#NA GİRSİN ARAP SEVİCİ GÖT OĞLANLARI",nefret
"#Atmaca!
Dosta güven, düsmana korku, endise, kaygi ve belirsizlik.
Özellikle Türkiyeye düsmanlik yapan ve Rafaellerle, Meteorlarla, Tip 214 denizaltilarla ve yeni nesil firkateynlerle üstünlük taslamaya çalisan Yunana.
Büyük basari.
Kutlu olsun. LINK",nefret
Özellikle kürt kardeşler bunu bilmeli. HDP kürt değil ermeni partisidir.. #MücahidinCenazesiniVerin https://t.co/NxJse3syvc,nefret
"İncil'in ilk emri: Sev!
Tevrat'ın: Yaşat!
Kur'an'ın: Oku!

Hristiyan sevmedi
Yahudi yaşatmadı
Müslüman okumuyor...

Aamir Khan",nefret
"Ben görmedim duymadim 100 yildir arab yarim adasinda batiya domalmaktan dik duran suud arab
Dik duran bir Arap, ruhunu Batiya satmis olan 50 Türke bedeldir LINK",nefret
arap'ın başına geçtiği yerden hayır mı gelir? yarın çözüyorum bu işi #türktelekom,nefret
"BUNLAR KÜRT DEGILKI,ISRAIL,INGILIZ BATI AJANLARI LINK",nefret
Otobüslerde bizden çok Suriyeli var allahım sabır,nefret
Herkes üzerine düşeni yapmalı artık. O gençlerin ölüme değil üniversitelere gönderilmesi lazım.  ermeni çetesi @HDPgenelmerkezi bu milletin yakasından düşmeli artık. https://t.co/WgIgC2HBkc,nefret
Çok sükür adalet yerini buldu terörist ve ermeni sevici Canan Kaftancioglu LINK,nefret
ulan it ulan köpek ulan gavur usagi babami siktin tamam dedik bacimi siktin tamam dedik beni siktin tamam dedik ulan putperest pezevenk annemden ne istiyon yazacagin siirin yapacagin isin amina koyim,nefret
Lübnana satilan kaç kurum var bu konusma gucünü verdiniz onlara arkasinda muhakkak ingiliz yada israil vardir .. araplar kadar kalles pislik irk yok .. LINK,nefret
"Ölünüzü dirinizi, her gün birinizi, bir gün hepinizi Canan Kaftancioglu gibi kodese tikamayi bilir bu devlet...

Insanlarin inancina kin kus 
Cumhurbaskanina hakaret et
Terörü öv savun
Ermeni soykirimi de
Sonra devlet kulagindan tutunca bagir çagir.

Hadi ordan 4/1 domuz yiyici..",nefret
"Arap sevicilerin din adi altinda kölelestirdigi avrattan 

Türk kadinina eski degerini ve özgürlügünü  
Atatürk Cumhuriyeti kurdugunda verdi zaten.",nefret
"#osmanliya küfreden birinin 
TÜRK olma itimali sifirdir ...
Insan dedesine neden sövsün 
OSMANLIYI gavurlar kafirler 
Sevmez bu millete geçmisine 
Küfür ettiren zihniyete #CHP denir çünkü onlar yunan atiklari",nefret
"hirsiz rum tohumu, cahil kasim pasa cingenesi .diplomasida yok . suna kadar verdiyi hic bir kararda gecerli deyil. faturayi cok agir odeyecek https://t.co/nqwslU8sIQ",nefret
geçmisteki chp'nin egitim müfredati yat ali yat uyu uyu yat uyu. ayse sen de uyu dünkü chp darbelerden beslenen kaset komplosuyla gb degistiren simdiki chp solcu komünist ateist libos domuz sever ezandan rahatsiz olan hdppkk'ya selam gönderenlerden meydana gelmis bir örgüt.,nefret
"Yedi düvel birleşti, yahudi ve ermeni ile işbirliği yapıldı, Sultan Abdülhamid Han indirildi...
Sonrası için bir plânları yoktu, önemli de değildi onlar için... 
ama  yıllar sonra pişman olan ve gerçekleri anlayan vatanseverler için ise artık çok geçti... 😔
#kafirdendostolmaz",nefret
TÜRK DONANMASI YUNAN'A RESTİ ÇEKTİ ''SAKIN YAKLAŞMA'' SESLERİ ÇIKMADI https://t.co/7kNp1ssbdL,nefret
Baskan baban kurtarir seni merak etme senin gibi pislikler bu ülkede hapis yatmaz fikirlerini söyleyen Aydin insanlar yatar sizin yerinize ama devran döner paran da yetmez bu ülkede yasaman için devran döner yalakasi oldugun iktidar giderse nasil yapican bu mafya ayaklarini kendini zeki saniyorsun iki laf ebeligiyle bazi kitleleri kandiriyorsun da ucuz delikanliligi sever bizim millet sen devam et kitlen koyunlar nasil olsa,nefret
Üniversite hoca bozuntularının ermeni yahudi asıllı olduğu için çok hain ve orb ocukları yetişiyor malesef!,nefret
Senin yaptigin hareketi bir baskasinin esine ayni sekilde sana ya da ailene yapilsa olur mu sen Türk'sen Müslüman isen bu ülkenin kurallarina uyacaksin yavsak serefsiz,nefret
Kentpark’ın üstündeki köprüden geçiyorum. Buram buram nargile ve Suriyeli kokusu.,nefret
Rica ederim amcacim ?? umarim hep birlikte ülkemizi Arap çukurundan kurtaracagiz. LINK,nefret
"Bush ne diyor? ‘ Irak’ın işgalini bana İsa (a.s) vazife olarak verdi’ diyor.

Bill’e ne diyor? ‘Benim Irak harbine iştirakimde asıl faktör Hıristiyan oluşumdur’ diyor. Bunlar Hıristiyan değil mi? Niye Yahudi için çalışıyor? Çünkü Yahudi bunları aldatmıştır. ‘",nefret
"03 Eylül Buharkent
05 Eylül Kuyucak,Nazilli, Sultanhisar
06 Eylül Köşk,Umurlu,Söke,
07 Eylül Efeler (Aydın ), İncirliova,Germencik, Kuşadası
Yunan İşgalinden Kurtuldu.
Yunanlılar geldiler; Türk Milletinin Yiğit… https://t.co/ZuGvNWwWBO",nefret
"Hayal olup gerçeklesmeyecek tek ütopyadir #kürdistan gerçek proje kürdistan degil Türkiye halkini birbirine kirdirmaktir. Bir ermeni, yahudi projesidir. Bu projeye yardim yataklik yapanlarin hepsi kurda kusa yem olmustur toprak altindadir. Aklima kürdistan deyince bunlar gelir",nefret
Suriyeli serefsizlerden nefret eden tek ben mi varim ?,nefret
"1990'li yillarda, Ingiltere adina AP görevli olan Andrew Duff söyle demisti. ""Atatürk'ün fotograflarinin devlet dairelerinden kaldirilma vakti geldi"". Ingiliz, ABD, Yahudi, Fransa, Yunan, Ermeni, Arap, Rus sevmez. Zira hepsinin kuyruk acisi var. Peki, sen neden sevmezsin?",nefret
"Ateist bir müslüman, dinsiz bir müslüman, dinci bir müslüman, Atatükçü bir müslüman ve cemaatçi bir müslüman ile ben sohbet ediyorduk. Hepsi aynı kaynaktan besleniyorlardı. Ve hepsi farklı olduklarını düşünüyorlardı ama hepsi cehalet dinine mensup olduklarını bilmiyorlardı.",nefret
#AnnelerDireniyor Allah belanizi versin #HDP  Milletn çocugnu hangi hakla dağa götüre gavura peşkeş çekp kendi milletni kırdırıyorsnz Soysuz köpeklr!Dağda kaçınızın çocuğu var ?Ermeni tohumları Sizi!Madem sadıksınız davanıza çocuklarınızı dağa gönderin Adiler!@HDPgenelmerkezi,nefret
159 ögrenciyi gözaltina almayi basardilar ama su Suriyeli teröriste dokunamadilar. LINK,nefret
Bu Suriyeli alçak korkudan vatanını terk etmemiş mi acep https://t.co/xUxaTOp7I5,nefret
"Budur.
Dünya ülkeleri, ülkelerini yöneten soyubozuk siyasilerin, bürokratlarin, is ve din adamlarinin çogunun yahudi hirsiz caniler oldugunu anladigi için yahudi hirsiz caniler, din gibi uyduruk bir grip benzeri bu virüsü imal edip, insanligi kontrol etmek istiyor olabilir. LINK",nefret
suriyeli kadin kocasinin yanina oturmayim diye tüm otobüsü ayaga kaldirdi ne yapip edip ikimizi ayirip oturacak yer ayarladilar lan hahahahahha komedi amq :ddddd,nefret
skicem lan yeter gençligimizi yedin Çinli senin mina koyayim LINK,nefret
"Istabul sözlesmesi, islalam düsmani kafirlerin müslüman TÜRK milletine dayatmasidir!
     Bu sözlesmeyi ölümüne destekleyenler ise disaridan ithal edilmis dönme: yahudi, dönme hristiyan, ve dönme ermeniler olan deyyuslardir!!!",nefret
"Daha bana Arap seviciligi yapiyorlar. Lan adamlar dinden kazaniyorlar zaten. Araplar ayri geçiriyor, Arabin dinini kullananlar ayri geçiriyor. Uyuyun amk. Hac mac yapin seytan taslayin devam.",nefret
"Bunların hiç birisi Türk değil Müslüman hiç değil. 
Soyadı kanunu ile ülkeye yerleştirilmiş yahudi ermeni yunan ne varsa Türk kimliği verilmiş kriptolar ve dönmeler varsa toplanmış burada toplanmış

Aziz peder pedriçyo hepsini kutsasın

Amen https://t.co/p5spYTR3SY",nefret
ülkenin %50'si ya hirsiz... ya da hirsizliga göz yumuyor ama sorsan %90 müslüman bir ülke ve cuma'yi da hiç kaçirmazlar,nefret
"Kılıçdaroğlu'ndan AKP'ye 5
Onlar senin düşmanın, sen onların kabusu,
Kalk dikil karşısına, kaçsın hepten uykusu,
Vatanına göz dikmiş, bu ''ermeni'' tortusu,
Bu ''Bayraktan'' değildir, ''Hiç'' tir, Mehmedim..!",nefret
"sevdamuraterustun@USER öküz sensin adi, savasta degiliz, Sen Ermeni insanlar için böyle konusamazsin her yerin kötüsü var, Sende kötüsün Mesela az erimisin Kürt mü belli degil, Sen daha neye tepki verildigini anlayamayacak kadar cahil ve bos bir insansin, burada bölücülük yapmaya ugrasma, burada tepki insanin görüntüsü Allah yarattigi ile dalga geçen fahiseye tepki, senin ne zorun var Hakko ile ne kötülük yapti sanata iyi oldu deyip destek veriyorsun, ayip ayip senin kardesine esine çocuguna yapsa hosuna gider mi??? O yüzden bana kalkip fi tarihinde olan seyi söyleyip abuk sucuk konusma bos beyinli cahil sey????",nefret
Ben aliyorum 500 lira kredi orospu çocugu arap aliyor 1200 lira burs,nefret
"15 temmuzda tünele, otele, mahalle aralarina tüneyen, meclisten kafasini ege ege kaçan, ortalik sakinlesince gelip meydanda carlayan AKPden

100bin suriyeli Terörist siniri asip askerimize saldirip poster yakarken basini kuma gömen AKPlilerden ne bekliyorsunuz?
#KumpasTescillendi LINK",nefret
türban bir arap giysisidir ve islamla bir alakasi yoktur. ahlak ve vicdan her insanin kalbindedir ve türbanin altinda degil. #adamsintelekom,nefret
"Bunlar Kürt degildi ki, Ermeni asala örgütü intikam almak için pkk yi kurdu. Simdiye kadar sustunuz artik devlet arkanizda, bari simdi susmayin.",nefret
"Rus dölü önemli degil, 128 milyar dolarimiz nerede?!
Dünya küçük!
Kaçacaklarini saniyorlarsa, yaniliyorlar.
Önce, 2002 sonrasi, sonra da, 2002 öncesi yahudi, hristiyan hain hirsizlar, mirasçilarina kadar hesap verecek!
ACIMADILAR!
ACIMAMALI!
Anlayanlara iyi geceler. LINK",nefret
"Almanya'dan bomba Türkiye itirafı! Yunan rahatsız oldu
Almanya eski Başbakanı Gerhard Schröder'in Türkiye hakkındaki bomba itirafları Yunanistan'ı rahatsız etti.https://t.co/aNKN4v5mG2",nefret
"Suriyeli şerefsiz bizim ülkemizdeki öğrencileri tehtid ediyor.
Şerefsiz ülkenden tek kurşun atmadan korkaklar gibi kaçarken ayakların kıçına vuruyordu, erkekliğin burda mi tuttu.. https://t.co/lwfsTBpREK",nefret
"Sen kimsin Suriyeli şerefsiz,gelmiş benim ülkemin evlatlarına laf ediyorsun 
O kadar şerefli gururluysan git ülkende savaş ....

 #MuhammedNurTutuklansın
#AsagiBakmayacagiz https://t.co/avLvSxl3JR",nefret
yahudinin biri hırsızlık için camii'ye girer müslümanların geldiğini gören yahudi bağırmaya başlar koşun ey müslümanlar hırsızları yakaladım... tıpkı! aynısı! mustafa cengiz... fatih terim... #uefatoprotectffp,nefret
sbktknveysi@USER pis kafir bekle orayi da alacaz sizden yaklasik 30 milyon Türk var orada az kaldi ??????,nefret
Hısımını sikmiş ermeni gibi somurtmayın amk #BirKezOlsunTepkiKoyun,nefret
"Yüce rabbim,
Yüzbinlerce, hırsız, ahlaksız, din sömürücüsü yobaz, Arap yalayıcı vatan haini, namussuz, şerefsiz varken ölmesi gereken, neden yaşamak için çırpınan bu güzel kızımızı yanına aldın 😔😔😔😔 https://t.co/ZEPAsmL8LR",nefret
"Burada kürtlere küfreden lerin yarısı dönme Kürtler diğer yarısı dönme ermeni dönme Rum, kendileri zorla Türk olunca aslını kaybetmeyen kürtlere uyuz olur koduğumun kavvatları  #kürdistan",nefret
"15-Clinton o dönemde Senatonun Monica skandalini yargilama kiskaci altindadir. Karisi Hillary ve sevgilisi Monica, ikisi de çok önceden hazirlanip Beyaz Sarayin içine sokulmus iki Yahudi kökenli kadin ajandir. Yahudiler bu sanati kendilerine Allahin verdigini söylerler.",nefret
Siktir git geri dön  çingenesi,nefret
sen ninelerine bir sor micotakis ne kadar osmanli ... yemis hangi yunanli saf yunan oldugunu iddia edebilir unutmayin 600 sene siktik sizi anladin yunanovic.,nefret
Bugün 2 Mart Rizenin kurtulusu izmirliler egeye düsmani dökmüs ise bizde karadenize Rus ve ermeni döktük.,nefret
abd... çin de rusya da düşmanınız değil asıl düşmanınız ingilizler ve ingiliz köpekleri asıl onlara dikkat edin herkesi kafalayarak sizi algıyla dövüştürüyorlar.,nefret
"KRIPTO YUNAN EKREM'IN ILK ICRAATI ISTANBUL'A HIZMET VEREN VAKIF KURULUSLARININ DESTEKLERINI KESMEK OLMUSTUR.
KENDINE ""CEMAAT, MUHAFAZAKAR INSAN, MÜTEDEYYIN INSAN"" DIYENLER CHP ZIHNIYETINE OY VERDIKLERI IÇIN PISMAN OLMUSLAR MIDIR?  ALLAH ISLAH ETSIN. LINK",nefret
"Eğer rüyanızda Ermeni gördünüzse, çok dikkatli olun, bilin ki, sizi aldatacaklar veya, size ihanet edecekler. #OlgaSmurova #ermeni #katilermeniler #katilermenistan",nefret
"Türk Devleti Gücünü Milletinden Alır
Gavur döllerinden değil.
#DevletiminYanındayım 
#BORSA",nefret
Suriyeli kardeşlerimizin amk.,nefret
bugün izmir'in kurtulusunun 97. yildönümü. büyük taarruz sonucu türk ordusu yunan isgali altindaki izmir'e 9 eylül 1922'de halkin sevinç gözyaslari içerisinde girerek düsman isgalinden kurtardi.,nefret
"Bunlar dünyanın neresinde olursa olsun insanlık suçudur, terörizmdir. Ancak dünya çifte standart uyguluyor. Konu Türkleri öldüren Ermeni, PKK, Yunan, Fars vs olunca dünya susuyor. O yüzden biz yalnızız ve dünyaya adaleti silahımızla biz getirmeliyiz. https://t.co/I9YkMXeRar",nefret
Norveç takimi..... Norveçe yerlesme vakti geldi pis ingiliz ve Arap görmekten biktim,nefret
Bugün 5 Eylül.. Alasehirimizin Yunan isgâlinden kurtulusunun 97. yil dönümü kutlu olsun. Allah sehitlerimizden gazilerimizden ve direnç gösteren Alasehirli tüm büyüklerimizden razi olsun. #beseylül #alasehir,nefret
"Yahudi köpeklerinin ayakcısı sözde Müslümanların örf pas ettiği suikast Türk tarihinde bir kara leke olarak kalacak...
Ruhun şad olsun Şehit Lider 
#25Mart2009",nefret
la ilahe illallah is a rasulallah derseniz ve isa'nin kutsalina inanirsaniz ve dahi incileri ögütlerine uyarsaniz  hiristiyan olursunuz. yalniz bunlar sahte osmanli'dan sonra çikan yalan dinler.,nefret
"Suriyeli ""Bazı"" Araplar bayrağımızı yakmış nankörlük etmişler...

Medine müdafiisi atamız Fahreddin Paşa ve askerlerini aç bırakarak çekirge yemek zorunda bırakanlar,
Marslılar değildi herhalde...

Tarihten ibret almayan ibret olur...",nefret
go home amina kodugumun cingene suratlisi,nefret
"Yil olmus 2021

Hala daha koronaya inanan varmi yaa ?
2019'un sonunda basladi
Zira siz inanmaya devam ederseniz 2022, 2023
Seklinde devam edecek bu yahudi mason uydurmasi

#MaskeZorunluOlamaz",nefret
analarin feryadi hdp ve pkk yi bitirir. 81 ilde bütün pkk hdp il baskanlik binalarinin önünde kürt analar eylem yapmalidir. pkk hdp 81 ilde kepenk indirmek zorunda kalmalidir. bir kürt olarak çocugu kürt analari hacire ana gibi eyleme davet ediyorum.,nefret
"Sığındığı ülkeyi satıp, soyan herkes vatan hainidir.
Sonuçta, bir planın parçasısınız.
Yahudi hırsız caniler gibi dünya insanlığını sömüren, kullanan hain hırsızlarını.
Bir bilgi daha vereyim.
d.baykal denen çerkez /rus asıllı yalama solcu, rus/rum yahudisi gürcü retö ye yolverdi https://t.co/Yv9mDc6ihn",nefret
"Budur.
akpde, TÜRK, INSAN ve Müslüman yok.
Çogu rus (laz, çerkez, gürcü, ermeni), rum, yahudi,...asilli haçli, haham hain hirsizlar, sinsi kriptolar, ile dolu TÜRKSÜZ akpliler, bozuk amaçlarinin, soylarinin, suçlarinin anlasilmasi nedeniyle korkuyorlar ve ortaligi karistiriyorlar LINK",nefret
bu bir başkaldırmadır haydi tertemiz kürt kardeşler kardeşlik nasıl olur gösterelim sizi kullanan abd israil ermeni soysuzlarına #annelerleberaberizyasen,nefret
türküyle çerkeziyle kürdüyle diye söze baslayan ne kadar ibne varsa önce bunlari sikmek lazim etnik döküntülere cesaret firsat veren hep bu ibneler. zaten çogu ya k. yahudi ya da bu döküntülerin soydasi sosyalizm liberalizm islam gibi dejenere ideolojileri amaçlari için kullaniyorlar,nefret
birader beni karıştırma bu işlere... zaten yahudi zannediyorlar isimden ötürü,nefret
yahudi ali koçumu savunuyor bu tff gezi olaylarini unuttunmu baskan tayyio erdogan olaya el koysana kaos çikaracaklar. #nihatözdemiristifa,nefret
"Vay be. II.Beyazıt Fatih Sultan Mehmed 'in babasıymış..
Ulan rum uşağı..seni kemerle dövmek gerek..",nefret
Gezi olaylarinda Kaz daglarina eyleme çikan bogaziçi için bi yerlerini yirtan ama 13 sehid için tek kelime etmeyen  sözde sanatçi özde vatan haini yahudi köpegi serefsizler elbet sizdende hesap sorulucak...,nefret
"[5] Buna rağmen kendileri Ortodoks olduklarını ve  isimlerinin Yani ve Niko gibi Rum  isimleri olduğunu ve gizli din taşıdıklarını  söylüyorlardı."" 
Mübadele sonunda bunlar, Yunanistan'a gitmişlerdir. Bunların torunları şimdi D.Karadeniz'e gelerek karışıklık çıkarma peşindedir.",nefret
"Füze nasil atilir, suriyeli nasil kapak edilir ekte ????

Taklitler aslini yüceltir. LINK",nefret
"Bunlar Kürt değildi ki, Ermeni asala örgütü intikam almak için pkk yı kurdu. Şimdiye kadar sustunuz artık devlet arkanızda, bari şimdi susmayın.",nefret
Saat 00.15 evimin önünden kaçak suriyeli topluyolar imdb 10/10,nefret
Demekki 1 Azerbaycanlı 5 Ermeni den daha üstün. 🇹🇷🇦🇿 https://t.co/UKCKeJF20k,nefret
"Son dakika... Çildirdilar: 'ABD'liler Türk rüyasinin üstüne mezar tasi koyuyor' LINK via @USER @USER 
Adanin sahipleri Türkleri,Katil rumlar haçli devlet bozuntularinin verdikleri silahlarla katlettiler.adanin TapusuTÜRKLERDEDIR.
LINK",nefret
Sözde siyasetçi iş adamı kimliği ile Büyükşehirlerde teröre maddi ve politik destek veren Amerikan   İngiliz yahudi yalakası vatan hainleri bitmedikçe dağdaki terörist bitmeyecek. Esas Katiller onlardır @suleymansoylu @RTErdogan @fuatoktay  @zafersahin06,nefret
"mezhep kiskirticisi, iftiraci, kaypak, suçlu, sahtekar, mafya, çete, kirli tertip, sasi, kör, bombadan tehlikeli, girtlagina kadar çamura batmis, Yunan ordusu gibi, Sirp katillerinden farksiz, Patagonya ordusunun zavalli generalleri,",nefret
Ula kaptan sen ne yapmis sn. Türkiye agliyor aq,nefret
elmas_Türkmen__ Ben sok sok ???? @USER @USER çiçekler,nefret
"Acilara aldanma
Onlar gelip geçici
Benim Al Bayragima
Ermeni pici",nefret
Ermenilerin hepsini temizlemek lazım ama ve Türkiye de ne kadar ermeni varsa sınır dışı edilmesi şart ve edilmeli. Așșağalık ermeni pç leri  yok edilmeliler https://t.co/SmPzDc3DE7,nefret
"dünyanın en fakir 50 ülkesinin 32'si müslüman. bu 32 ülkenin devlet başkanlarının tamamı ""dünyanın en zengin ilk 500 kişisi"" arasında...",nefret
"Eyyyy AKP seçmeni !
Buyurun Suriyeli kardeşleriniz... 
Sizinkiler (AKP + RTE) verdikçe onlar daha çok istiyor ! Siz verdikçe onlar daha fazlasını istemeye devam edecek ! https://t.co/xYElyTMwkr",nefret
Millet yemek atıyor. Müslüman mı gavur tohumu mu  bilemiyorum ben. 😒,nefret
Nargile daha çok Suriyeli vatan hainleri için satılıyor. Mühim değil 🙂 https://t.co/9U7OYmlcC6,nefret
Yemin ediyorum Çinli gördüğüm yerde medeniyet falan dinlemeden dalarım diye çok korkuyorum. Bizi bitirdiniz be https://t.co/oN6DU0JS5w,nefret
Yalan dolan işiniz yahudi sizi iyi kucağa oturtmuş ama bu milletin büyük bölümü size inanmaz g.t leriyle övünen ahlaksız GÜRUH kimlerin köpeğisiniz marx oldu lenin oldu mao oldu şimdi atatürkçü oldunuz güya reziller#AşağıBakmayacağız,nefret
"Uyan Kürt Kardesim,
Bunlarin Davasi Kürt Davasi
Falan Degil.
Bunlarin Bir Çogu Ermeni'dir.
Ermeni'ye Hizmet Etmektedir... LINK",nefret
"Mq mun suriyeli terörist p*çine bak!!!

Gelmis benim ülkemde seriat diye eylem yapiyor, 
benim ülkemin rejimini çolugunu çocugunu tehdit ediyor
Kendi ülkesine ihanet edenden bu topraklara ne fazda gelir.. BOP un  piçleri LINK",nefret
#AsagiBakmayacagiz suriyeli gay istemiyoruz,nefret
AL BIR MASTÜRBASYON HADISESI DAHA. ULAN ARAP ILE AYDIN KELIMESI YAN YANA GELEBILIR MI? ASLINA BAKARSAN TÜRK AYDINLARIN AKLI BASINDA OLANLARI DA ARTIK TÜRKIYE'DE DEGIL. YOK YANI ORTADOGU COGRAFYASINDA AYDIN NESLI TÜKENDI. LINK,nefret
Türkler olsun dedi düsmanimin düsmani dostumdur mantii ayrica aptal Azerilerin bazisi da sevmiyor Ermenistan i Az?rbaycan yüzünden tanimiyor mk ulan paki leri de bana savundurdunuz ya mk neyse Ermeni düsmani olsalarda dorulardan sasmak yok LINK,nefret
çağdaşlık adı altında erkek erkeğe evliliği kürtajı savunanlar tecavüz vakalarını müslümanlara yıkmaya çalışıyor! her akşam travestiye giden adamlar eli eşinden başkasına değmemişleri sapık gibi göstermek istiyor? yemezler sapık olan sizsiniz! mahkum ekimde af bekliyor,nefret
bu dahi igrenç yahudi zihniyetini ortaya koyuyor.,nefret
"Malesef Paps, dünyanin en güçlü lideridir. Böyle bir makamda oturan birinin hiristiyan dünyasina; Müslüman veya fakirler diye çocuklari neden öldürüyorsunuz, kadinlara neden tecavüz ediyorsunuz, Insanlari yurtlarindan niye kovuyorsunuz diye tepki verdigini duydunuz mu?",nefret
Bu suriyeli sığınmacıları kimler sürüyor piyasaya Türk milletinin karşısına önce gitsin kendi vatanını savunsun işidci pislik. 😠 https://t.co/bD4zsSgQdT,nefret
Bursayi Masallah suriyeli basmis bu ne arkadas ??,nefret
senin yüzüne tüküreyim canan hanım. mukatele diyemedin mi ki soykırım dedin? allah belanı versin önce ermeni erzurum ve doğuda rus himayesi altında bizi kesmedi mi? soykırımcı olsa osmanlının ermeni dışişleri bakanı ve mebusları olur muydu? hani yazılı soykırım planı nerede?!,nefret
"ilkel arap kültürü bulunca fazlasini kara kiçina sürer. buralar tamamen suudilesmis asiret lagimi bölgeler. egitim, sanat, sanayi, tarimi bittiginde suudi arabi gibi olursun. iste bu igrenç durum tayibin ümmet rejimi fotografidir LINK",nefret
"15-Clinton o dönemde Senato’nun Monica skandalını yargılama kıskacı altındadır. Karısı Hillary ve sevgilisi Monica, ikisi de çok önceden hazırlanıp Beyaz Saray’ın içine sokulmuş iki Yahudi kökenli kadın ajandır. Yahudiler bu sanatı kendilerine Allah’ın verdiğini söylerler.",nefret
oguzzalc Ulan hödük. Sen Türk kadinlarina laf edecek insan misin  .. Götün basin oynamasin. Efendi git kendini düdüklet,nefret
Ermeni seviciligi yapip Ermeni soykirimini taniyacaksin sonra auuv auv,nefret
"Azerbaycanin yani özgardaslarimizin daima yanindayiz tek millet iki devlet siariyla yolumuza sonsuza kadar güçlü bir sekilde devam edecegiz.Içimizdeki Ermeni artiklariyla ve Azerbaycana karsi hadsizce girisimlerde bulunan Ermenilerle mücadelemiz sonsuza kadar devam edecek.
???????? LINK",nefret
"Rus haber ajansı RIA Novosti, uzmanlara göre Rus Tor-M2KM hava savunma sisteminin Bayraktar TB2'ye karşı etkili olduğunu ve menzile girmesi halinde İHA'nın ""hiç şansı olmadığını"" iddia etti.

Karabağ'ın Ermeni işgalinden kurtarılmasında en az 3 adet Tor-M2KM imha edilmişti. https://t.co/J5WK4N85q7",nefret
"Akvaryum yapmışlar aşağıda o kadar suriyeli varki cam faunusta hiç balık görünmüyordu hepsi tepeye kaçmış :)
#fuckofsuriye https://t.co/6tPdQ6zQQR",nefret
habere bak çift maske.çift ananizi sikeyim çinli orospu evlatlari,nefret
Müslümanlara iskence hakaretler edildiginde sevincinden dört köse olan alçakoglu alçaklar PKK partisi kapatilmak istenince kahrindan catlayacaklar.Catlayin patlayin Ermeni Rum Yahudi artiklari!!!!,nefret
"arap plakasinin avrasya plakasini ittirmesiyle oluyomus bu deprem. 

topraginiz bile türkiyeye gelmek istiyo komple zararsiniz amk",nefret
Haydi küba'ya gidek.. Suriyeli de yoktur orada ohh miss.. 😎😎 https://t.co/EqttBJzfw2,nefret
#OneMinute #KirmiziOda  #ZkusagiBilmez  Türkiye Cumhuriyeti 18 yildir organize suç örgütü tarafindan esir alinmis durumda. Bu mafyanin basi Yahudi tohumu @USER  dir ve emperyal efendilerine hizmet etmektedir. Sigir olma uyan #Türkiye,nefret
"I V
Bir ermeni sözcü söyle dedi:
""Bizim kürdlerle kan davamiz var
Türklerle toprak davamiz var.Bu
ikisini çarpistiracagiz!""
Mes'eleermeni olmak degil:
Insanluk düsmani ahtapotlara 
suurlu-suursuz kölelik yapmak.
Islam ve Osmanli Imparatorlugu 
nda bu gaddar sömürgecilik asla
yok!",nefret
Kaçırılan çocuk aileleri çoğalması lazım korkmayın devlet arkanızdadır çocuklarınızı o ermeni kırmalarında isteyin https://t.co/L9xnQwOzY3,nefret
"Dirar bu söyledigimi Türkçeden diline çevir!... siktir git!..... lütfen siktir git!.... kimse seni bu takimda istemiyor!... beceriksiz, ise yaramaz, zarardan baska bir bok degilsin!.... SIKTIR GIT!.....",nefret
"Rumlar türkler savaşmadan 
Kıyamet kopmayacak 
savaş oldu bitti  
hocama söyleyin @c_ahmethoca
2018 afrin 
başka Rum arıyorsunuz
@ismailagaulema",nefret
sen ninelerine bir sor micotakis ne kadar osmanlı ... yemiş hangi yunanlı saf yunan olduğunu iddia edebilir unutmayın 600 sene siktik sizi anladın yunanovic.,nefret
Türkiyede yasayan erkekler cidden tuaflar üzgünüm ama gavur dedikleri erkekler bunlara bin basiyo ??,nefret
"Valla bu pis kan karışımından üreyenlerden her b*ok beklenir diye düşünüyorum.
Rasistlik her zaman da kötü değil AQim! 
Arap seveceğime kuş b*oku severim 💞",nefret
"Güney Kibris Rum Kesimi'nde camilere yönelik saldirilara bir yenisi daha eklendi. Limasol kentinde caminin duvarina haç sembolleri çizildi ve Türkler ölümle tehdit edildi..AVRUPA HRISTIYAN TERÖRITLERI DESTEKLIYOR
Camiye haç çizip ""Türklere ölüm"" yazdilar LINK",nefret
Bu saate kadar herhangi bir açıklama dahi yapmayan #türktelekom yöneticileri! !!! Siz ne işsiniz ulan ne işe yararsınız! !!! Sizi yönetici yapanın. ..... sorumsuzlar ve ahmaklar ordusu arap artıkları sizi! !!!,nefret
Sonra da heeeeğpimizzzz gardaaaşızzzz diyor bu ermeni kırmaları...🤦‍♀️ https://t.co/W4aB9cx3pR,nefret
"Doç. Dr. Cihat Yayci:

Yunan ve Rumlar, Yunanistan ve Kibris MEB'i, Avrupa Birligi'nin MEBidir. gibi hukuksuz savlariyla, Avrupa Birligi'ni istismar ederek, Türkiye ile karsi karsiya getirmeye çalisiyor. Avrupa Birligi, Yunan ve Rumlar'in bu oyununa gelmemelidir.",nefret
Osmanlı'nın bütün belgeleri satıldı yakıldı kaçırıldı soyadı kanunu ile bütün yahudi ermeni kriptoları aramızda bizde diyoruz ki bu kadar vatan haini nasıl olur   #TTBKapatılsın,nefret
Hadi dogunun dogal halki gercek sahibi ermeni orgutune gecis yok LINK,nefret
"Irakda abd üssü olan hava alanına füzemi  atmış 
Adi şerefsiz pislik dememek için bir sebep yok 
Yahudi oyunları hilelelerine aman  vermiş",nefret
"#pkk terör örgütüdür 
#pkk dinsizdir 
#pkk islam düşmanıdır 
#pkk serefsizler topluluğudur 
#pkk vatan hainlerinin yeridir
#pkk ermeni hınçak tır 
#pkk kürt değildir https://t.co/TkmIGW852a",nefret
"1990'lı yıllarda, İngiltere adına AP görevli olan Andrew Duff şöyle demişti. ""Atatürk'ün fotoğraflarının devlet dairelerinden kaldırılma vakti geldi"". İngiliz, ABD, Yahudi, Fransa, Yunan, Ermeni, Arap, Rus sevmez. Zira hepsinin kuyruk acısı var. Peki, sen neden sevmezsin?",nefret
"..... TARIHE BAKIYORUM , SINIRLENIYORUM ! ? ! .....

Tarihe Bakiyorum ...:

Arap Ingiliz'le birlesmis Türk'ü arkadan vurmus ,

 Ermeni Rus'la birlesmis, Dogu Anadolu'yu kana bulamis ,

Rum Yunan'la, Yunan Ingiliz'le... LINK",nefret
"Budur.
Aslinda, bizi yönetip, soyan, TÜRK, INSAN ve Müslüman olmayan, çogu rus (laz, çerkez, gürcü, ermeni) asilli yahudi, hristiyan hain hirsizlar, sinsi kriptolar, arsiz yamyamlar, ahlaksiz sapkinlar, dine inanmadiklarini, dinin olmadigini kanitliyorlar da, salaklar anlasa! LINK",nefret
Siktir git amk çingenesi,nefret
"Türk milli takımı formasının orospu çocuklarına giydirildiği kanaatine vardığım 1995 yılından beri Türk milli takımını desteklemem , azılı düşmanlarımız yunan bulgar ve ermeni köpekleri ile maç yapsalar bile desteklemem",nefret
"Doç. Dr. Cihat Yaycı:

“Yunan ve Rumlar, “Yunanistan ve Kıbrıs MEB'i, Avrupa Birliği'nin MEB’idir.“ gibi hukuksuz savlarıyla, Avrupa Birliği'ni istismar ederek, Türkiye ile karşı karşıya getirmeye çalışıyor. Avrupa Birliği, Yunan ve Rumlar'ın bu oyununa gelmemelidir.“",nefret
"Yahudi deyip geçmeyin; onlarin derin ve çok güçlü inanci var!... ""Biz Musa'nin evlatlari olarak dünyanin en degerli insaniyiz""; Evet; onlar sanildigi gibi paranin kölesi degil; PARA ILE INSANLARI KÖLELESTIRIYORLAR; Asla paraya kul olmuyorlar!  Bu yüzden dünyayi yönetiyorlar!...",nefret
"Olaya bakar misiniz? Fransiz, Amerikan Liselerinden mezun devsirmeler Anadolu evlatlarina savas açmis. Kim bunlar? Yahudi tohumlari mi? Yunan kalintilari mi? Cevabi belli olmasa da bu ülkeye ve bu ülkenin degerlerine yabanci olduklari asikar.

#KabeyiSavunanFisleniyor LINK",nefret
Onlar Recep Tayyip Erdoğan Düşmanları Tepki Koymazlar Reis Gitsinde İsterse Ülke Batsın İçimizdeki Yunan Artıkları Hükümeti Yıkmak İçin Herşey Yaparlar Ama İki Mazlum Annelerin ve Babaların Yanında olmazlar Sözde Aydınlar Vatan Hainleri Bunlar. #BirKezOlsunTepkiKoyun,nefret
Araplarin tarih boyunca bize bir yararli dokunmadi üstüne arap levhasi bizim levhanin altina dalip baski olusturuyor bu sayede deprem oluyor,nefret
"Bu Milleti Asimile etme gayretine giren Beyaz Türkler ( Yahudi , Ermeni ) Dönmelerini unutmayın
Adalet bunları göremiyor https://t.co/q9Z2LY7IgD",nefret
Arap kabileleri sadece ARAP ISLAMINI PARAVAN olarak kullaniyorlar. Gerisi yalan dolan talan.... LINK,nefret
#marmaralihocasininyaninda terörist kiçi yalayan 1300 imza  toplayip çukur eylemlerine destek veren vatansiz bayraksiz milliyetsiz dönme Yahudi ermeni Rum asala tasnakçi itlerin yaninda olamaz,nefret
YAHUDİ SAPIKLIĞI -2- - Dursen Özalemdar https://t.co/M3taCbemIi @dengegazetesi aracılığıyla,nefret
"Budur.
Çevrenizdeki TÜRK olmayan, müslüman geçinen, çoğu rus (laz, çerkez, gürcü, ermeni), rum, yahudi, arap,... asıllı hain, hırsız, cani, sinsi, dinbaz siyasileri, bürokratları, iş ve din adamlarını tanıyın ve savaş, iç savaş durumunda, ilk hedefiniz onlar olsun!
Yoksa, yokoluş https://t.co/MiK2uhGSUl",nefret
"Bir Ülke'nin tüm ticari organlari ve Egitim yapisi 100 yildan fazla
Mason, Ermeni ve Rum kesimine teslim edilmis ise,
Küreselcilerin maskarasi olmasina'da  sasirmayacaksin
Millet olarak Tek kurtulus reçetesi
Içimizdeki hainlerin temizlenmesidir.",nefret
"Kiliçdaroglu'ndan AKP'ye 5
Düsman diler hep zevale ermeni
Masa diye kullandigi Ermeni! 
Her an ister senin kayip vermeni
Simdi onlar verecektir insallah!

Disarida bazi itler ürüyor
Sorun olmaz millet zaten görüyor
Kim ki bizi jurnal edip duruyor
O da hapse girecektir insallah!",nefret
"Türklerin can düsmani Yahudi melezi dedeleri Osmanli gibi, Türkleri yine; varini yogunu hortumlayip, fakirlikle, hastalikla, çocuklarini egittirmeyerek, teröristle, savasla, tecavüzle, cinayetle, sistemli, planli, günbegün yok ediyorlar. LINK",nefret
Önce vatanına sahip cik suriyeli pic #MuhammedNurTutuklansın,nefret
Ret niye geldi basimiza iki uç sapiklik acil saçik sapiklik edepsizlik bir de yobazlik Ingiliz Yahudi tuzaklari çarsafli sakali dergâhlara sapik zikirler tecavuzler daha bosun iki ucu boklu degmemek geldi börek yap,nefret
Bu yahudi sifatlilari biz adam saniyorduk LINK,nefret
Al at bku kir at bku Ikiside bir at bku ayni kan Ermeni dölleri LINK,nefret
Ermeni döllerini bozguna uğratan vatanperver Türk milliyetçisi Emerson kardeşimize her fav bir helal olsun https://t.co/ufbUmZHBnj,nefret
"O papaya
hiristiyan katillerin yaptiklari katliam ve tecavüzleri 
iyi göstersinler, 
belki utanir... LINK",nefret
Paranoyak ateist sen Türk bile degil ismini Türk yapmis ya Ermeni ya rumsun yada denize dökülmeyen yunansin LINK,nefret
"Dogru söylüyor??. Bunlar kürt degil,tasnak sutyun-hoybun ermeni terör örgütünün aparatlari???????? LINK",nefret
eğitim öğretim sistemimiz gözden geçirilmeli ateist bir kuşak yetiştiren bu sistem acilen milli ve manevi değerlerimizi öğreten bir eğitim ve öğretim kadrosu ile pekiştirmelidir.,nefret
"Sırrımız farklılığımzda diyen yahudi artığı. Sizin her tarafınız aydın olsa ne olur? Bu ülkeye ait olmadığınız halde bu ülkenin sahibiymiş gibi rol kesmeyi bırakın artık. Artık atatürt ve itönü zamanında değilsiniz. Foyanız ortada artık ❗️❗️❗️❗️❗️❗️
https://t.co/BFBP7HkTei",nefret
"Aykut Kocaman Türkiyenin yetistirdigi en kisilikli hocalarindandir. Ali koçla uyusmamalari bende süpriz degil çünkü Aykut yerli ve milli Tenekeci Ali yahudi dinleri bile yeter 
#imparatorfatihterim",nefret
Dün Istanbul Üniversitesi önünde Suriyeli teröristlerin de katildigi TC karsiti seriatçi gruplari husu içinde seyrerken Bogazici Üniversitesi önünde yazdigi destanin(!) daha beterini polis ne yazik ki bugünde Kadiköy'de ögrencilere ve gazetecilere karsi yazmaya devam ediyor!,nefret
"Bu Sene Çok Eğlenecez Sizinle 🤣 @GalatasaraySK @ultrAslan 
FRANSIZ da Olursun YUNAN da
Senin Sorunun TOHUMUNDA...🤫

#GSLisesindeBirFenerliVar 

Yeni Görevinde Başarılar @Fenerbahce 'li Büyük Müdür Vahdettin Engin... https://t.co/k4qsyAsESj",nefret
"İnsan evladı iki ayak üstüne kalktığı zamanlarda arap yarımadası anadoluyo vurunca boğazlar oluşmuş...
Nasıl kırıldığını düşünün artık...
2 milyon yıl...
Her bok bu araplar yüzünden başımıza geliyo zaten...",nefret
"Bu ermeni dölü @NataliAVAZYAN az o..osbu değil

Hayırlı Cumalar
#Susamam https://t.co/ghI2G8kMBF",nefret
"Dinim Islamin Kiblesi Kâbe nin Degil Resmini Adini Bile O pis Agziniza Almayin Yahudi Bozmalari... #bogaziciuniversity 
#KabeKutsalimizdir",nefret
Aldigin her haram puan zehir zikkim olsun. Insallah layikini bulur katarlilara satilirsin Suriyeli sucuklular #AglamaArtikGalatasaray,nefret
"İşte bu!!  Bizim kürt Annemiz Kardeşimiz, canımız, ciğerimiz. Biz  bu annelerle kürt oluyoruz. Türk oluyoruz.Kürtler ne kadar Türk'se, Türklerde o kadar kürttür. (Aramıza sızdırılmış ermeni kürtleri de düşmanımız) https://t.co/I9kotUrk6l",nefret
"TÜRK olmayan ve TÜRKLERI yönetip, soyan, çogu rus asilli (laz, çerkez, gürcü, ermeni) yahudi, hristiyan hain hirsizlar utanmazlarki! LINK",nefret
"devlet,asker polis,ŞEHİT düşmanı pkk,ermeni sevici aşağılık insan sana az bile verildi",nefret
"Arap sevmemek irkçiliksa, irkçiyim. Böyle pis bir millet görmedim.",nefret
"Benim üllkemde,  benim maasimdan kesilen vergilerle alinan belediye otobüse bile benden önce binyorsuniz görgüsüz ve medeniyetsiz Suriyeli ve Iralkli Araplar. Valla nefret ediyorum sizden ve sizi basimiza çikaranlardan",nefret
"şerrefsiz,Suriyeli kılığına girip milleti kışkırtıyor yetmiyor türk kılığına girip Suriyelileri istemiyoruz diyor.yunan tohumunun kalıntısı utanmaz arlanmaz https://t.co/UPeFbZ3y6k",nefret
"O sirada Imamoglu  Kürdistan Teali Cemiyetinde daha beter 40bin insanimizi öldürmüs HDP/PKKlilarla fingirdesiyordu.

O sirada CHP Istanbul Il baskani Tasnak Ermeni teröristlerinin tezlerini savunuyordu. LINK",nefret
fenerli olsam şu açıklamaları gördükten sonra zerre kanım ısınmazdı irfana ama adamda yahudi kini var sanki biz sabun yaptık dedelerini aq koçu https://t.co/pMdtkMaHCV,nefret
Vatan bölünmez bir bütündür parçalanmaz alsanız alsanız başını alırsınız Ermeni piçleri. https://t.co/3U9to9f4bd,nefret
"Rus (laz, çerkez, gürcü, ermeni), rum, yahudi, arap,... dölleri DEFOLUN! LINK",nefret
Suriyeli piç Beyazit  meydaninda anirabiliyor ama Bogaziçili  genç  Kadiköy 'e giremiyor....onun bunun evlâtlari  deyincede küfür  ediyor  aaaa diye söyleniyorsunuz,nefret
"Bu Karaköyü bak. Yahudi provokatör.. boyutu bakiniz, Bogaziçideki isgal girisimi uluslararasi bir boyutu sahip. 
#UyanTurkiyeDüsmanIçimizde LINK",nefret
yunan'ı izmir'den tam kovamamışlar ya. dedem 18 yaşında selanik'ten gelmiş. yüzmeyi de bilmiyor zaten. üzgünüm ama mission failed!,nefret
"Burnuma çok pis kokular geliyor..

Bu manzara hayra alamet değil...
Bu kışkırtmalar bu algı operasyonlaro boşa değil.

Suriyeli p*çlerin eylemi de boşa değildi..

Zaten sonları geldi
Bırakın kendi pisliklerinde boğulsunlar..

Çocuklarınızı sokaktan alın...!!! https://t.co/L0y6eX4KKL",nefret
"En çok da çocuk ve çocukluk vardir. 
5 Eylül, Susurluk'un Yunan isgalinden kurtulusu. Bayram gününden fiyakali kutlanirdi ben çocukken, üstelik zorunlu olmayan ve coskuyla katildigimiz bir gündü!..",nefret
"Hukuk devleti dediğin Türk milletini ve dinini devletin kurumlarına sokmama fakirleştirme bölme adkeri polisi mayına sürme, banka hortuumlama rejimiydi solteker. Türk milletinin adaletini beğenöiyen Ermeniler ermenistana Rumlar Yonanistana! https://t.co/nBImRrLR55",nefret
"Ermeni'nin derdi yenilmek değil; O'nun yaptığı hayvanca zulmü,Türk  O'na yapmadı ve canını yakan da bu eziklik duygusu ..",nefret
"Mason, yahudi, dinsiz, vatan haini ve onların beslemesi çapulculara karşı#DevletiminYanındayım",nefret
"Vatanını, ailesini satıp gelen Suriyeli’nin #BogaziciÜniversitesi sözleri ibretlik! 

Daha önce de söyledim, yanlış anlayan oldu. Sığınmacı gibi ülkemize doluşan bu tiplerin dini, milleti yoktur, satılıktır! 

Bunlar, muhtaç olup sığınan masumlar  değil, #IŞİD kazıntıları! https://t.co/MujR1J2RG6 https://t.co/NGoriIP5ts",nefret
yahudi yillarca türk milletine sabunu haci sakir diye yutturdu... simdi ise ekrem'i imamin çocugu diye!,nefret
"beslemelerini öne koymus ve deger vermistir.
6.fioyu kabe yapip namaz kilmis amk. ermeni,rum piçlerlerden olusan takima ne söylenir.
siyasal islam.
amk köleleri.
soyu ermeni rum.ktiptolari",nefret
"Budur.
TÜRKIYE'YI ve DÜNYAYI yönetip, soyan yahudi hirsiz caniler, dünyanin yönetimini kaybetmemek için her pustlugu sergiliyorlar.
Ilaç sektöründen silaha, igneden iplige, filmden uyusturucuya, bütün sektörler yahudilerin kontrolü altindadir. 
Uydurup, inanmadiklari din bile! LINK",nefret
Türker.kahraman@USER ben satmam ben satici degilim ben sikerim ama sadece anani,nefret
Bunlari yapan gavur tohumudur. Yunanin arkada biraktigi pislikleridir. LINK,nefret
berkay_coskunerofficial serefsiz pislik namus yoksunu @USER Türkiyenin yüz karasi nalet olsun sana senin gibi kalbi bes para etmez adamlari bu ülkede basimiza çikariyoruz @USER hakki senin kafana sikmak insanin namusuna dil uzatilmaz bir de tanimiyorum deyip siyirmissin dogru karsindaki de siradan halktan bir kadin etek giy dolas,nefret
Bu yahudi benim vergimle mecliste yiyip içip yatiyor zehir zikkim olsun yemek nasip olmasin kör kursunlara gelsin..... LINK,nefret
"Ermeni isgalciler 29 yil önce Hocali'da yeryüzünün en vahsi katliamlarindan birini gerçeklestirdiler.

Azerbaycanli kardesimizden 613 kisi sehit oldu. Bu mazlumlari asla unutmayacagiz.

 Allah rahmet eylesin. 
  #HocaliKatliami",nefret
"#Pejmürde Hayat

Suriyeli görmüs CHP'li gibi bakma gözlerime
Kriz beklentisiyle $ alip da Pejmürde olmus bir haldeyim
Pismanim Hdp oylariyla seçilen Ip misali
Söz veriyorum, Ekrem'in kollariyla kucaklayacagim seni

             Âsik Mahsun Korhânî",nefret
#deprem istambul tamamiyla onarimdan geçirilmeli iyilesmeli tas beton yiginindan kurtulup yeniden insa idilmeli arap istilasindan kurtulmali,nefret
Seni doguran yahudi kancigi sende müslümanlik ne ararmis babanda yahudi yahudi memleketinde gömüleceksin vatan haini alman köpeyi amerika iti israil piçi uzaklarda havlama sende zerre kadar cesaret varsa Türkiyeye gel havla  boynuna nasil tasma takilacagi görürsün it köpeyi LINK,nefret
biz müslümansak inandığımız bir kutsal kitap varsa o kitapta kanunlar varsa biz neden hristiyan şeriatı olan demokrasi ile yönetiliyoruz? #deprem,nefret
"Dün din, hocaefendilerinin günüydü! Bugün artik Laiklik ve bilim insanlarinin günü! Biz hâlâ bu arap cellatlariyla dünde kaldik! Bati bilim insanlarina sirtimizi döndük!Ama onlarsiz yapamiyoruz!Gün gelip darbe yapiyorlar! Cahal birakanlarda onlar!Sömürmek için insan hersey yapar! LINK",nefret
Seni vatan hayini kani bozuk ermeni grubu yine toplanmis senin için #SevgiliSelahattinDemirtas,nefret
yaratıcı zihniyet bem dışarı nargile düşündüm sonra beni suri arap sanıp linç ederler diye vazgeçtim,nefret
#suriyeli istemiyorum ülkemde diyorum ya iste bunlar gibi #suriyeliistemiyorum LINK,nefret
"Meral Akşener
《paranûdî》 mi.?

Pakranûdî;
Aslı
ermeni yahudi olup
Türk ve kürt
Görünümlü
Bilinçli
Gizli millet düşmanı

Ülkemizi
90 yıldır
Geri bırakan
İlerlemek
isteyenlerin
önünü kesenler
Milleti
Aldatanlar kimdi?

Milleti
Ayrıştıran
Müslümanlara
Fitne sokan
Pakranûdî'ler mi? https://t.co/nMHZndlAgJ",nefret
"KÜRD kadını böyle yürekli işte
Ben yılardır hep derim yüzde 10 KÜRD ler hdp ye oy verir  kürdüm hdp liyim diyen inananlar ermeni soyludur  
Ben de bir KÜRD olarak sonuna kadar bu annelerimizi destekliyorum
Annelerimiz  yanlız değildir https://t.co/66Zwmax1N3",nefret
Muslumanlarin Incil ve Tevrat’i inkar ederek Hristiyan ve Yahudi dinine mensup insanlarin dini kutsallarini alenen asagiladiklarini biliyor muydunuz? Bilmiyordunuz muhtemelen. Onemli de degil zaten. Peki BU ogrencileri neden gozaltinda #BoğaziciAblukada,nefret
azerbaycanliyi öldürdüler sürdüler yurdunu yakip yiktilar. karabag'i alip ermeniye verdiler. ama simdi devran degisti daha güçlüyüz. askerimiz çok istekli. ermeni de biliyor ki o topraklarimiza dönecegiz. zaman kazanmaya çalisiyor. siginmaya gölge ariyor. kaybedecegini anliyor,nefret
"Yörük Ali'nin, Demirci'nin, Çete Ayşe'nin Aydın'ın dağlarına ovalarına yazdığı bir destandır 7 Eylül. 
Yunan mezaliminden kurtuluşun simgesidir 7 Eylül.
Mustafa Kemal Atatürk ve Aydın'ın Efelerine selam olsun.
Ne Mutlu Türküm Diyene !#7EylülAydınınKurtuluşu",nefret
"Türkiye'nin asil sahip çikmasi gereken insanlar soydasimiz olan, kardesimiz olan Türkmenlerdir, kapilari açmadigimizda devletimize küfürler eden nankör Arap pislikleri degil! LINK",nefret
"Kokain beyinli domuz usagi sen kimsin alman yahudi melezi eminim baban bile seni sevmezdi
Sen
Cumhurbaskanimiz Recep Tayyip Erdogan'in ayakkabisinin bagcigi bile olamazsin katir LINK",nefret
pkk ateist bir örgüttür ve kürt halkinin dostu degildir lgbti'ye degil annelere destek,nefret
işinize gelince çok güzel susarsınız chp'li solcu kemalist pkk sevici yahudi artıkları!,nefret
Arada kalmis Ezik Arap karekteri bu modeller böyle LINK,nefret
"kemalist_kevser@USER ayette diyor ki mümin kadinlar incinmemeniz için taki yerlerinizi örtün.. örtülerinizi omuzlariniza dökünüz.. ayet bu.. son yillarda ise sikma bas rahibe modeli kat kat kafa sarilip bazen hörgüçlü ve hep boneli islama ters.. Hristiyan rahibe ve Yahudi örtüsü türban.. bizim basörtümüz yazma yemeni esarp.. hangi ayette kara çarsaflara peçelere bürünün var .. yok.. rahibe modeli sikma bas boneli yok...omuzlariniza dökünüz ayeti var.. ayete degil rahibeye uyuyorsunuz.. hangi ayette var bir tek saç kili gözükürse cehennemde yanilacak diye?.. asla yok.. ilk ayet oku oku oku yani oku ilerle...simdi hukukun üstünlügünü Lâik T.C var.. sapiklara en agir ceza.. Atatürk çü Lâik kadinlar ne çok kapali ne çok açiktir.. çünkü cinsel kimligiyle degil kisiligiyle fikirleriyle edebiyle görgüsüyle vardir.. maun süresi derki, vay o namaz kilanlarin haline, yetimin hakkini çalip gösteris ibadeti yapanlara cimrilik yapanlara vay.. yüce Allah sadece iki günahi affetmiyor.. sirk kosmak ve kul hakki yetim hakkini.. eger yüce Allah kahramanlik abidesi Gazi Mustafa Kemal Atatürk'ü bu ülkeye vermeseydi, kadin cariye kuma muta köle idi.. seçme seçilme miras tek esli serefli namuslu erdemli onurlu medeni kanun bile yoktu.. tesekkürler Atamiz tüm kahramanlar ebediyen izindeyiz!..",nefret
"7 Eylül Aydinimizin yunan isgalinden kurtulusu kutlu olsun

????????",nefret
Bu tagı açan fetö piçlerine sorsan gusül abdesti almasını bilmezler şeriat isterler gayeleri de şeriat değil rum Ermeni ve Yahudi kırıntıları bunlar #KemalizmEsaretineSon,nefret
"Kendi içindeki ve sınırlarındaki terörü bertaraf etmeye,
Suriye ve Irak’taki Türkmenleri zulümden korumaya çalışırken,
Karabağ’ın Ermeni işgalinden kurtarılması için destek verirken, türlü kumpaslarla Hükümeti engellemeye ve uluslarası hukuk önünde suçlu duruma düşürmeye çalışan",nefret
Pubgde beni vuran suriyeli siktirgit kendi ülkende ayni performansi göster lan birinciligi kaybettimmm çok sinirliyim,nefret
Otobüste girerken kulagimda kulaklik oldugunu farkettim..evet müzik dinlemek için takmistim ama müzik çalmiyordu ülkemde suriyeli istemiyorum,nefret
"Bu cografya da 
Yahudi ler 2 isimli
Hiristiyan lar 2 isimli 
 Müslümanlari kandirmak için olsa gerek!!!
bi adi Mehmet digeri Simon",nefret
"nadircenkkoluk Bunu dinleyen izleyen insan yerine koyanin aklina sicagim , Türkiye Cumhuriyetinde su hokkabaza para kazandiriyorsunuz ya çok yazik çok ! @USER.sayfaofficial",nefret
6 yıldır PKK nın tuttuğu rehinleri bilen varmı anlatan varmıydı yok yandaş medya vur çatlasın patlasın misali aya çıkıyoruz. Yezid’in hep yaptığı yahudi taktiği mağduru oynamak gördünüzmü şehitlerimiz var ayakları konuşma yüzü kalmadı valilere söyletiyor. Bunları bilerek yapıyor.,nefret
"Ermenileri bir millet olarak yeryüzünden silmedigim için gelecekte ya beni alkislayacaklar, ya da lanetleyecekler.'' demis Emir Timur Lanetliyorum seni keske bir tane ermeni birakmasaydin
#emirtimur #büyükhükümdar #katilermeniler #katilermenistan",nefret
reklamlarda suriyeli ve türk çocuklarin birlikte okumasi için ab'nin 400 okul projesi ballandirilarak anlatiliyor allah'in askina koyun gibi seyretmeyin ab ingiliz alman ve suriyeli çocuklariyla birlikte okutacak okullari kendi ülkelerinde yapsin,nefret
Salah kaç bin tane Liverpool taraftarini Müslüman yapti bu amina kodumun çocugu bizi dinden çikardi siktir git lan bu takimdan,nefret
"Ümmet için,millet için, birlik için, suriyeli apaçi kardeslerimiz için #IBByeBoykot LINK",nefret
"II
kadar kafalari çalismiyor mu!
Mes'ele gayet açik!
Haham diyor:""Büyük Israili kurmak için kürdleri türklerle çarpistiracagiz.""
Elliden önce:
Halis ermeni olan Inöni:""Kürd diye birsey yok;hepimiz türküz!"" diye kürdü ASIMILE etmeye çali
san Inönünün kizkardesinin torunuolanSezai",nefret
03.32 annem odama gelip sen niye 12 imamlarda alkol aliyorsun diye darliyor. Al sana alevi terörü,nefret
"Akhisar İlçemiz,22 Haziran 1920'den 6 Eylül 1922'ye kadar yunan işgalinde kalmıştır.Kazanılan zaferin ardından Teğmen Selim Örsel tarafından Akhisar Hükümet binasına Türk bayrağı çekilir ve 6 Eylül 1922 günü Akhisar kurtarılır.Aziz şehitlerimizi rahmetle anıyoruz
#Manisa #Akhisar https://t.co/F32BgqhlJ7",nefret
Suriyeli vatan hainleri defolsun gitsin Arap artiklari istemiyoruz LINK,nefret
ermeni temizleme hatti LINK,nefret
ALOOOO suriyeli teröristlerinizi bağlayınız... https://t.co/UDK1boGngQ,nefret
Ülkeni haksız yere hedef gösteren birini duvarlara boyamak ? Ha arap sevici akp ha sen ne farkın kaldı ? https://t.co/JvcJ63HOt8,nefret
"Bir müslüman çocuğu.
İlk okula  müslüman başlayıp, Üniversiteden ateist veya putperest olarak mezun oluyor ise..
Bizim başka dış düşmanlara ihtiyacımız yok demektir..

NOKTA. https://t.co/FlJhN84UCH",nefret
suriyeliler için kapilari açiliyor yüzbinlerce geliyorlar ülkemde suriyeli istemiyorum #yenikapi,nefret
"Mersin'in merkez Akdeniz ilçesinde kömür kazanına gizlenmiş 200 bin uyuşturucu hap ele geçirildi, gözaltına alınan Suriyeli 3 şüpheli tutuklandı. 
https://t.co/gHajflbeUG",nefret
"Ermeni - Yahudi kırması 
Gari Kasparov.
Fırıldaqdır... https://t.co/z7YYtKu18j",nefret
"Tag'a bak hizaya gel: Kemalim esaretine son..
Türk Bayrağının altında kendinizi neden esir gibi hissediyorsunuz?
Siz Yunan mısınız, Ermeni mi, Fransız mı Rus mu?
Zira Atatürk Kurtuluş Savaşında bunları ''Esir'' aldı.
Siz hangi milletin artığı, hangi gavurun tohumusunuz?
Hainler! https://t.co/rqG4uPgFV4",nefret
Bu Suriyeli karıların götü neden büyük acaba vay amk,nefret
içisleri bakani süleyman soylu ekonominin çöküsü pahalilik zamlar vs de görev ihlali mi oluyor acaba vatandas olarak agzimiza siçtiniz. ölelim mi yandaslar onun bunun adamlari rahat yasarken biz geberelim mi suriyeli kadar degerim yok bu ülkede,nefret
"Malesef Paps, dünyanın en güçlü lideridir. Böyle bir makamda oturan birinin hiristiyan dünyasına; Müslüman veya fakirler diye çocukları neden öldürüyorsunuz, kadınlara neden tecavüz ediyorsunuz, İnsanları yurtlarından niye kovuyorsunuz diye tepki verdiğini duydunuz mu?",nefret
30 Agustosta Yunan mezalimi yok! Mustafa Kemal yok! Muharremde Ehlibeyt yok!Muaviye Yezid zulmü yok!,nefret
"Immmmh
Babacığım bir tanecik kızını senin gibi bi Arap itine 4.eş olarak verseydi cennete gidecekti diii mi? https://t.co/uabi1SClpW",nefret
Senin Gibi Kani Bozuk Vatansiz Hainleri Bu Dünyadan Göndermek Farz Oldu it oglu it Ulan Pust #yasarkemaluğurlu Seni Bu Dünyaya Gönderende Adalet Yok Adalet Olaydi Seninm Gibi Pi9slik Ermeni Tohumlarini Bu Dünyaya Bela Etmezdi https://t.co/kOP75ydkDP,nefret
"Bende henüz öldürülememis, hayatta olan pkk lilar için üzülüyor ve buraya yaziyorum.. Tez vakitte cehennemin dibine insAllah israil-ermeni-abd tohumlari.. ??
@USER LINK",nefret
"Mustafa Akıncı rum yanlısı,Türk düşmanı haindir. Siyasi itlaftır

Memleket Hareketi karşıtlarının ortak özelliği Kıbrıs'ı rumlara, Mavi Vatan'ı ab ve yunana, Karabağ'ı ermeni canilere peşkeş çekmek istemeleri

Bize AKP'li bile deseniz sizin gibi vatan toprağından vazgeçmeyeceğiz https://t.co/LHVECqpdbB",nefret
Ege'nin #Yunan işgalinden kurtuluşu haftasında YeniCHP'li belediyeleri Dersimli #BakkalKemal izinde halka küfrediyor! #Kuşadası'nda #ÖmerGünel antik dönem #Megaloİdea merkezi Pan-İyon'da belediye meclisi topluyor. #Selçuk'ta #FilizCeritoğlu Yunan Müzik-Dans gösterisi. Alçaklar! https://t.co/KPfWcY9L3n,nefret
sultanalibicer Hey gidi hey Müslüman alemi bosverin bunlarda para bok gibi evlilik de bosanmakta çocuk oyuncagi bunlar için olan çocuklara oluyor Türkiye simdi o küçücük sedanura agliyor bunlarin ki bos is evlilik bosanmak bunlar için viz gelir tirs gider,nefret
"🔴Ermeni esaretindeki bir başka Azerbaycan askeri Azerbaycan'a iade edildi.

 Karabağ'daki Rus barış güçlerinin komutanı Korgeneral Rustam Muradov:",nefret
Nolur saçinizi kafaniza yapistirmayin nolur ya yeterince suriyeli görüyoruz zaten,nefret
"Siz HDPKK severler??,dün yazdik. Bunlar kürt kardeslerimizin temsilcisi degil. Ermeni Tasnaksutyun-Hoybun ermeni terör örgütünün aparatlari. Asala bitirildigin de,artiklari bekaa vadisine Aponun himayesine sigindilar. ASALA hala orada?????????? LINK",nefret
Ronaldo gittin çingene kızı birini aldın çocuklara bak amk Suriyeli gibiler ya https://t.co/iqzbq1PKxP,nefret
"7 Eylül 1922 - Efeler diyari Aydin Yunan isgalinden kurtuldu.

#saniser LINK",nefret
"Bugün Türkiye'de 10 milyon issiz insan varsa, Bunun sebebinin AKP hükümeti zamaninda ülkeye giren 5 milyon suriyeli arap çomari oldugunu neden kimse konusmuyor?

#suriyelilerii?stemiyoruz 
#suriyelilerkardesimizdir 
#suriyelileriistemiyoruz
#suriyeliler 
#suriyelilerdefolsun",nefret
"Hdp eş başkanlarının çocukları..
Diğer tarafda kaçırılan Doğulu kardeşlerimizin çocukları..
Büyük İsrail projesi (kürdistan sözde) tam hizmet bu ermeni tohumlarından... #AnnelerDireniyor https://t.co/dSHkZdk5dq",nefret
Birazını okudum daha yüreğim kaldıramadı okuyamadım.Allah radikal sol örgütleri yok etsin perişan etsin zavalli Kürt cocuklarindan ne istemişler😭😭😭 https://t.co/d9alDmrysW,nefret
"bunlarınki hiristiyan alevi ve yahudi kafası işte !
inkar etmek iftira atmak
nefret saçmak  ve sonunda bi halt etmemiş gibi kenara çekilmek
bunlar bizden değil ! https://t.co/cm2O5Q1MFq https://t.co/HMRYny0joW",nefret
"demet_efem_çikotella@USER?????? Neyse ki hala bu ülke de düsünenler var! Ürettigi hiç Bir sey yok ! Kirli magazin figürleri. Hepsinin hayati birbirinden berbat. Bunlara para kaynagi saglayan Siyonist tapinakçilari da zaten Türkiye de gençlerin yozlasmasini ve degerlerinin hiç edilmesini istiyor. Bir zamanlar Bülent Ersoy, Fatih Ürek ile insanlarin kimligine saygi duyma gibi zirzavatlarla milletin beynine algiyi yerlestirdiler. Ben Yaradana saygimdan dolayi yaradilmisa saygi duyarim kimligine degil! Bu insanlarin gözü ne zaman açilacak ? Bunlarin kazandigi parayla bir çok ögrenci burslu okur, köy okullari yeniden hayat bulur, orda yasayan zipkin gibi genç beyin kaliteli egitim alir. Ama gel gör ki beyin yerine bu zamanda popo sallamak daha çok prim getiriyor. Yazik ki çok yazik ! Gençlere tavsiyem bunlarin tirnagini dahi örnek al-ma-yin!",nefret
Hdppkk kürtleri savunuyor diyen kahpe soyu ermeni tohumlari hami hdpkk nerde bu annelerin haninda kim var #bunlarkürt,nefret
Arap Levhası bizi itmese bu depremler hiç olmayacaktı. Bıktık bu Araplardan.,nefret
"Cengiz Mustafayev 26 Şubat 1992’de Ermenilerin Hocalı'da yaptığı katliamı dünyaya duyuran gazeteciydi. Hocalı katliamını dünya kamuoyuna ulaştıran Cengiz Mustafayev, katliamdan birkaç gün sonra Karabağ bölgesinde Ermeni keskin nişancılar tarafından şehit edildi. 
#HocalıSoykırımı https://t.co/EX80nfHc8x",nefret
"Kemalist bir kadın çocuğunun Başörtülü bir öğretmen tarafından okutulmasını istemiyor.
Biz de çocuklarımızın Kemalist, Lâik, Ateist, Dinsiz ve Solcu öğretmenler tarafından okutulmasını istemiyoruz...
Allah bu azgın güruha fırsat vermesin... https://t.co/VhGL6DW1bz",nefret
#YeterCHP biziktir git artık a.q ya yunan a mi gidersin fransız a mi ? Ama bir siktir git ...,nefret
Suriyeli hain ulkenden kaçip gelmissin köpek #MuhammedNurTutaklansin,nefret
"Yunan açik düsmandir.! Anlasilir.
""Hain""olanlar isbirlikçilerdir.!
Türkiye Cumhuriyeti' nin kurulusu,
Düsman devletlerle birlikte,
KÜRT + ARAP + ÇERKEZ 
ayaklanmalarina RAGMENDIR.!
Bu ; ONURLU BIR GEÇMIS DEGILDIR.
Baska kapiya.! LINK",nefret
"""Balikesir'de sahte dolarla alisveris yapan Suriyeli yakalandi"" Haberin detayi...LINK",nefret
Araplari sikeyim,nefret
İyi ki Karamanoğlu Mehmet Bey ve Ulu Başbuğ Atatürk Türkçeye değer verip yüceltmiş. Yoksa bu arap sevici piçler yüzünden dilimizden olacaktık. #TürkDilBayramı,nefret
"senin iddia ettigin sey tamamen yalan ve yanlis. sdg toplama bir terör örgütüdür ve inde saydiklarinin tamami hristiyan'dir ve özellikle fransa tarafindan toplanmis bir örgüttür... araplarin ypg tarafindan isgal edilen bölgeye ""isgal degil haklarini ariyorlar"" kisvesi içindir",nefret
Aşağılık bir Yahudi takımından da bu beklenirdi https://t.co/0c6FwYDy9T,nefret
"Keşke tazminat ödeyecek param olsa da yavşak siyasilere, burhan kuzu gibi proflara, tacizci sapık arap özentisi cemaatlere, ülkeyi, doğayı, hayvanları es geçip cebini düşünen iş adamlarına sövebilsem. Böyle asansörle inip çıksam en ücra köşelerine... Ah ulan fakirlik!",nefret
"Birgün bütün Türkler Kürtlerin yanında olmak isteyecek
Tercih ettikleri Arapların ve Arap kültürlerinin ne b*k olduğunu öğrendiklerinde... https://t.co/213lxL9Ny1",nefret
"Müslümanlari aptal yerine koyuyorlar halbuki aptal olan PAPA kendisi onu dinleyenlerde müslüman degil sia münafiklari 
Dünya ya kan kusturan hiristiyan yamyamlar emperyalist ve siyonist kan emiciler  baristan kardeslikten bahsetme haklari yoktur LINK",nefret
"Eger rüyanizda Ermeni gördünüzse, çok dikkatli olun, bilin ki, sizi aldatacaklar veya, size ihanet edecekler. #OlgaSmurova #ermeni #katilermeniler #katilermenistan",nefret
Ermeni ezelden ebede düşman ülke yunan gibi Türk yemeklerini çalıp ..sosyal medya hesaplarında yayın yapıyorlar ..birde havlusuyla ermeni yazan havluyu yayın yapıyor Türk topraklarında neyin pesindesin göt kadar ülkenin göt insanları ..,nefret
"kürtler söz konusu olunca muhafazakar medya 2 değil çok yüzlüdür! bunu dindar barzanilere karşı takındıkları tavırdan biliyoruz. bir överler. bir ""yahudi"" yapar söverler! hdpkk'ye karşı direnen analar konusunda da samimi değiller. yarın o anaları hedef alırlarsa şaşırmam!",nefret
Az evvel markette tek türk bendim hee bide kasiyer.. birbirimize sarilip aglamak istedik. Sayimiz giderek azaliyor.. Suriyeli ve araplardan nefret ediyorum!!,nefret
"Ölen Türktü hep sustunuz, zaten ya Ermeni ya Rustunuz!",nefret
"Boğaziçilileri yerlerde sürükleyen polis,
Suriyeli provakatörlere neden dokunmaz?
Her yaptığınız koltuğunuz için.
Koltuğunuz bu ülkeden daha mı değerli?

#AsagiBakmayacagiz https://t.co/Hv5fmdGnWC",nefret
 yasinalptu bi an türkü söylüyon sandim amik,nefret
"Kendi ülkemizde, TÜRK olmayan, müslüman geçinen, çogu rus asilli yahudi /hristiyan hain hirsizlardan, sinsi canilerden, arsiz yamyamlardan koruyacak duruma düstüysek, TÜRK ULUSU olarak, çok ama, çok düsünmeliyiz!
Herkes hirsizlarini, çaldiklarini, kaçirdiklarini teslim etsin! LINK",nefret
✍️Bizi Osmanlı'dan koparan Yahudi ile Rusa lanetler olsun buna göre ki Türkler in hepsi Rusya yı suçluyor halbuki o dönemde Ruslar ın ne kadar suçu varsa Rusya da yaşayan yahudilerin de o kadar suçu vardır buna göre Ussr zamanındaki yahudilere bakmak gerek tarih bilmezler✍️,nefret
"Denize döktügümüz yunan Canan Kaftancioglu nu kurtarmaya gelecekmis 
Onlarin kocalari simdi yorgo",nefret
"#depremvergilerinerede
Suriyelileri beslemeye harcaniyor.
malum 15 temmuzu bunlarin düzüsüp çogalmasi sayesinde atlattik. Daha çok düzüsseler;  hiç deprem filan da olmayacak ülkede.koca ülke arap siki sayesinde ayakta duruyor.. LINK",nefret
Al at bku kır at bku İkiside bir at bku aynı kan Ermeni dölleri https://t.co/LcvqdWEZAG,nefret
"Suriyeli ""Bazi"" Araplar bayragimizi yakmis nankörlük etmisler...

Medine müdafiisi atamiz Fahreddin Pasa ve askerlerini aç birakarak çekirge yemek zorunda birakanlar,
Marslilar degildi herhalde...

Tarihten ibret almayan ibret olur...",nefret
Doğru Yarın Duruşmada Bütün Yunan Artıkları Cananın Yanında Olacaklar Silahsız Gerilla Canan #CananBaşkanYalnızDeğildir,nefret
Az evvel markette tek türk bendim hee bide kasiyer.. birbirimize sarilip aglamak istedik. Sayimiz giderek azalıyor.. Suriyeli ve araplardan nefret ediyorum!!,nefret
Bu piç tutuklansin sen kimsin lan yavsak suriyeli ??#MuhammedNurTutaklansin LINK,nefret
Ben alıyorum 500 lira kredi orospu çocuğu arap alıyor 1200 lira burs,nefret
"Ermeni tohumları Müslüman Kürt çocuklarını dağa götürüp Vatana,millete kurşun sıktırıyor. Hdp ,Chp nin arka bahçesidir. #AnnelerDireniyor  https://t.co/vNQ1gKt8Vm",nefret
"arslan bulut yazdı ""300 metrekarelik konaklar yaptıralım suriyelilere…"" akp iktidarı istanbul'un ve güneydoğu şehirlerinin demografik yapısını değiştirdi! suriyeli çalıştıranlara teşvik bile veriyorlar! türk çalıştırırsan teşvik yok!",nefret
Düşünsenize eksiklerimiz var diyor. Ve 175 araç için ihale yapıyor. La sen nasıl bir süzme o çocuğusun hani israfdı hani bin 800 araç nerde la ermeni yunan tohumu bizim beldede bile 50 hizmet aracı var 16 milyonluk şehirde bu kadarcık mı ? Ve nerdeeeee haniiiii,nefret
Çiftlikte suriyeli atakumda suriyeli spor salonunda suriyeli. Irkçı değilimde bizi bi salın da baba. Samsunda samsunludan çok suriyeli var aq,nefret
BAFRADA SURIYELI SALDIRGAN YAKALANDI LINK,nefret
38_akargulay@USER TÜRK KANINI BIZ KORUYACAGIZ SEN GIDIP KIM KARDASHIAN'A BENZIYECEN BIZDE SENIN GÖTÜNÜ KORUYACAGIZ NEDEN SEVDACIK GÖTÜNÜ KIM KARDASHIAN'A BENZETMEK IÇIN AMELIYAT OLACAK BIZ TÜRK MILLETI OLARAK ARKANDAYIZ SEN MERAK ETME VATAN MILLET DEVLET ARKANDA ????????????????????????????,nefret
"Yakilan ormanlara ,Iskence edilen sokak hayvanlarina ,Memleketimi dolduran suriyeli insanlara ,Sabah kalktigimzda haberdar oldugumuz zamlara ,Tahrip edilen tarihi miraslarimiza ,INSANLIKtan çikmis gibi bu olan biteni dogal karsilayisimiza ... #BirKezOlsunTepkiKoyun",nefret
"Bu Sene Çok Eglenecez Sizinle ?? @USER @USER 
FRANSIZ da Olursun YUNAN da
Senin Sorunun TOHUMUNDA...??

#GSLisesindeBirFenerliVar 

Yeni Görevinde Basarilar @USER 'li Büyük Müdür Vahdettin Engin... LINK",nefret
"3 yıl 3 ay Yunan işgali altında kalan..
Menderes'in güneyinden de İtalyanlar tarafından işgal edildiği için iki ülke tarafindan işgal edilmiş olan tek kentimiz...

Efeler diyarı Aydın'ımızın düşman işgalinden kurtuluşunun 97. yılı kutlu olsun..💃💃💃

@ErtugrulFilizay https://t.co/o7cdrrS7YH",nefret
Türkiye'm bir numarali ibnesi atesin bol olsun??????????,nefret
Ne demek asagi bakin siz kimsiniz ? Suriyeli hainlere yapmadiginiz muameleyi siyasi görüsü ne olursa olsun bu Vatanin öz evladina yapamazsiniz o kadar #NutukTim #AsagiBakmayacagiz LINK,nefret
sokakta vs suriyeli erkek görünce kafasını bedeninden ayırasım geliyo aq hicret diye bir şey var evet de kadına çocuğa yaşlıya var genç adamsın göt savaşsana,nefret
"Ülkemizi, soyubozuk, hain hirsizlar yönetince, böyle olur.
TÜRK ve Müslüman olmayan, çogu rus (laz-çerkez-gürcü-ermeni), rum, yahudi,...asilli haçli, haham hain hirsizlar savaslarla, darbelerle dönem dönem, TÜRK neslini yokettiler. Bu dönem, TÜRKLERI cahillestirerek yokediyorlar LINK",nefret
Bu Suriyeli  teroristleri bu ülkeye alanin........ LINK,nefret
"Imamoglu ne kadar saf, Düsünmemis çocuklarini hdp pkk ya kaptiran ANNELERI , bu ingiliz oyunu TÜRKIYE DIKKAT ET .",nefret
"KKTC Cumhurbaşkanı Ersin Tatar:

▪️Limasol’daki camimizin duvarına “Bütün Türkler ölün” şeklinde ırkçı ve faşist sloganlar yazılmıştır.

▪️Bu olay Rum zihniyetini bir kez daha gözler önüne sermektedir.

▪️Rum yönetimi, ırkçı ve faşist saldırıları organize edip desteklememelidir. https://t.co/1j80tsiE1c",nefret
"Zaten fikri ne ki zikri ne olsun, marksit ateist bir zavallı haliyle kendi yolunda olan fikri sapıkları destekliyecek🤔yani desteklese ne olur, yürümekle yollar aşınmaz bizde böyle yoğurdu böyle yeriz Sırp bozması anladın🤔
#DevletiminYanındayım 🇹🇷 https://t.co/Gwa7NvMY5v",nefret
Türkiye'nin iletişim alt yapısının Lübnan li arap piçlerine verirseniz hersey olur kimse gocunmasin #Deprem #depremistanbul #turktelekom #Vodafone,nefret
O çinli yavsak nerde hergün 20 tane ev geziyoruz adimiz bohçaciya çikacak,nefret
1918de Bakumuzu Ermeni ve Ruslardan kurtaran Kafkas Islam Ordusu komutani Nuri Pasayi saygi ve minnetle aniyoruz???????? LINK,nefret
"Suriyeli kardeşleri, bu milletin evlatlarını tehdit ediyor!
#MuhammedNurTutuklansın
#SuriyelilerSuriyeye https://t.co/nv0wg3phq2",nefret
"#HirsizTayyip 1,5 milyar islam aleminin kalbini,gönlünü çaldin içimizde ki bir avuç Kiliç artigi , ermeni,rum,yahudi dönmelerini memnun edemedin, sana olan nefretlerinden lgbt li sapik oldular !",nefret
ALOOOO suriyeli teröristlerinizi baglayiniz... LINK,nefret
evini kaçak muayenehaneye çeviren suriyeli polis baskini sirasinda ailesiyle kahve içti! rahatlar çünkü ülkede dogru düzgün yaptirim olmadigini biliyorlar. hirsizlik adam yaralama tehdit... ölüm hariç hiç bir seyin cezasi yok. #afdegilcaydiriciceza,nefret
"Haham Yaacov Perrin:""Bir milyon Arap, Yahudi tırnağına değmez."" https://t.co/r0pAgs24Zb",nefret
"Yalnız bu yezidin çocukları çok komik 3 5 tane ermeni, yahudi, haçlı piçleriyle cennet vatandan toprak alıp adını kürdistan koyacaklarmış. O eteğine yapıştıklarınızı dedeleriyle sizide onlara kefen diye cennet vatanın cehennem yer altında buluşturacağız.",nefret
Önce vatanina sahip cik suriyeli pic #MuhammedNurTutuklansin,nefret
disaridaki yunanlilar bunu kabulleniyor da içimizdeki rum tohumlari bu gerçegi bir türlü kabul etmek istemiyor #receptayyiperdogan,nefret
Eski piyasaya bak aq hitler alman arabasının bu kadar değerleneceğini bilse yahudi sikmez araba sikerdi https://t.co/DVmxvvwAtu,nefret
Her yer arap kayniyor🤮,nefret
Yeter amk adami siz bu hale getirdiniz Türk halki ispanya maçinda ardayi yuhlarken onlar sahip çikti Barcelona'da teknik rektör sirf Türkiye de gösterdigi kötü performans yüzünden adami kadro disi birakti insan bu amk insan bana ayni seyler yapilsa ben çildirirdim elbet hatasi var ama ne yapsin eski arda yok biz böyle yaptikçadir gelmez...,nefret
#MuhammedNurTutuklansin  ya bu suriyeli orospu çocugunu neden esedin yanina geri yollamiyoruz ki?,nefret
Ermeni piçleri dir https://t.co/gV4BGIoBRy,nefret
#Perşembe Bol Suriyeli bir İstanbul sabahından günaydın.Suriyeli orta kesimlerde hafif şiddetli kıyı kesimlerde yer yer görünüp kaybolma şeklinde hayatımızın içinde.,nefret
Bunlar Kürt değil yahudi münafık zalim,nefret
"Eyyy CHP terör örgütü,önce sizi sonra yahudi babalarinizi topraga gömmek için ayetlerin sonuna geliyoruz,ayetlerin rahmeti tüm Islam'a hayirli olsun,artik kâfirlerin sonu geliyor,ALLAHU AKBAR",nefret
Canan Kaftancıoğlu Ermeni tohumu bir PKK'lı,nefret
"yine izmir'den baslasin bir kurtulus savasi! ""keske yunan kazansaydi"" diyen feslinin istahi satafati yalani kini zulmü bitmeyen takkeli müritlerini kordon'dan yenikapi'dan samsun'dan anamur'dan denize dökelim. #9eylül #türkiyecumhuriyeti",nefret
"#AsiminNesliMeydanlarda
Düsmanlarimizi yahudi mason dönme komünist, emperyalist, ilerici devrimbaz diye saymaya ne hacet.Bütün Allah ve Peygamber düsmanlari düsmanimiz

düsmanlarimiza ise tek damla kanimizi okyanuslar çapinda genisletip herbirini içinde bogacak derecede düsmaniz LINK",nefret
"Operasyondayken güvenlik güçleri ""Mehter Marşı çalıyor"" diye haber yapan yavşaklar var bu ülkede.

-Ne yani Çav Bella mı çalacaklardı? Ermeni dölleri.

Inadına değil Aşkımızdan Türkiye 
   .🇹🇷🇹🇷🇹🇷🇹🇷🇹🇷🇹🇷🇹🇷🇹🇷🇹🇷.",nefret
"Müslüman Kürt görünümlü kripto Ermeni terör örgütü ASALA,PKK,PYD,YPG,SDF vs nin teröristleri Mardin Midyat'ta yola patlayıcı döşedi Askerimiz Mehmet Acar şehit oldu 2 askerimizde yaralandı Şehidimize Allah rahmet eylesin Yaralılarımızada acil şifalar versin Amerika KAHROL",nefret
Amina koydugumun yeteneksiz orospu evladi oynadigin o top götüne girsin orospunun dinsiz evladi amina koydugumun çingene kiliklisi ben senin izzeti ikramina sunulmus futbol bilgini sikeyim,nefret
"Boğaziçi ünide rektörü konu edenleri, kaz dağlarında ağaç diyenleri, sma hastalığı için ilaç diyenleri yine Türk Milletinin karşısında gördük, pkk (hdp) ile ittifak kuranlar alayınız şerefsizsiniz namussuzsunuz, Türk kılığındaki ermeni yunan arap yahudi olduğunuzu iyi biliyoruz..",nefret
"Kalbimizi çaldın reis😍Sen çok yaşa, sen çok yaşa ki kudurmaya devam etsin yahudi dölleri #HırsızTayyip https://t.co/apGkzkV8lZ",nefret
TÜRK olmanin binlerce yillik onurundan arap gericiliginin onursuz batakliginda hazin bir çöküs !!!,nefret
park caddesi saglik ocagi taraflarinda mobese falan var mi 2 suriyeli piç pezevenk bir bayanin arkasindan sahit olmak istemedigim bir hareket yaptilar kiz arkasi dönük oldugu için farketmedi bense suratlarina dik dik bakabildim sadece onlarsa piskin piskin siritip gittiler,nefret
"KANI BOZUK, KANSIZLARIN,
EMPERYALİSTLERİN,
SİYONİSTLERİN,
BÖLÜCÜLERİN,
FETÖCÜLERİN,
BİZANS ARTIKLARININ,
ERMENİ TAŞNAKLARIN,
RUM BOZUNTULARININ,
İSLAM İLE KAVGALI ZİHNİYETİN,
İSLAM İLE KAVGALI ZİHNİYETLE İTTİFAK EDEN ZİLLET İTTİFAKININ İNADINA
BAŞKAN
#ErdoğanınYanındayız https://t.co/pzt5QhMXah",nefret
"Bunlarin yaptigini Ermeni yapmaz, Rum yapmaz!. LINK",nefret
"Bunlarda SOLUN cahil yobazi..
Resimdeki insanlar , PKK destekçisi, terörist CHP Il Baskani Canan kaftancioglu için Çaglayan adliyesinde toplanan kalabalik....
Kahrolun hepiniz ...
Yunan fasisti ile Atatürk'ün ne alakasi var... LINK",nefret
"Konusan imam üstelik Ayasofya Caminin imami , nefretlerini kusacak tabiki kripto rumlar ahahah #hepimizboynukaliniz",nefret
"Suriyeli korkak savaş kaçkınına bakın...
Beyazıt Meydanı’nda pankart açan kişi.
Sosyal meyada da bize efelenip esip gürlüyor.

Bak oğlum bizde bir laf vardır öğren:
“Sap döner keser döner
Gün gelir hesap döner!”

 #AsagiBakmayacagiz https://t.co/b8uK7U2C5X",nefret
canan kaftancıoğlu'na yaklaşık 10 yıl hapis cezası verildi ses yine ne kadar ermeni yahudi ateist putperest müptezel varsa onlardan çıktı! canan'ı savunanların alayı pkk sevicilerdir! bu kadının türkiye ile chp ile zaten bir alakası yoktu! neyse hapiste helal et yer,nefret
pkk ateist bir örgüttür ve kürt halkının dostu değildir lgbti'ye değil annelere destek,nefret
"Akhisar Ilçemiz,22 Haziran 1920'den 6 Eylül 1922'ye kadar yunan isgalinde kalmistir.Kazanilan zaferin ardindan Tegmen Selim Örsel tarafindan Akhisar Hükümet binasina Türk bayragi çekilir ve 6 Eylül 1922 günü Akhisar kurtarilir.Aziz sehitlerimizi rahmetle aniyoruz
#Manisa #Akhisar LINK",nefret
Bir mesele anlasilmadan bu ülkede dönen dolaplari anlamak imkansizdir. Özellikle osmanli sonra da cumhuriyetin ilk yillari olmak üzere bu ülkeye kabul edilen yaklasik bir milyon YAHUDI! Ispanyadayken Katolik buraya gelince Müslüman ayaklarina yatan dönmeler! Samuel Eto'o,nefret
aynen öyle!... pkk müslüman degil pkk gavurdur pkk müslüman kürt düsmanidir. ama teyzecigim siz bu tepkinizi daha önce verecektiniz.,nefret
"Pkk a bir ermeni örgütüdür 
#AnnelerDireniyor",nefret
Ilk is hatti degistirmek. Araptan hayir beklemek çölde yagmur beklemek gibi. #turktelekom,nefret
"#Suriyelilersuriyeye 
#DönsünartıkSuriyeliler Suriyeli sahte doktor evindeki ultrason cihazıyla yakalandı https://t.co/MNFquLhpDc @Gazete_Yenicag aracılığıyla",nefret
sözde alevi arkadaslarim her zaman gösterdiginiz duyarin üçte birini tutulan oruçlara da saygi duyup tükettiginiz alkollü içeceklerin fotograflarini paylasmazsaniz mi :),nefret
Türkan_ue Serefsiz,nefret
"#KahrolsunPKK demek yetmez. Yahudi ağababaları, maddi destekçileri, sempati duyanları da kahrolsun.",nefret
"#TürkiyeninNabzı nda Yusuf Kaplan meseleyi gerçek zeminine oturttu!
""son 200 yıllık tarihe bakarsak..ingiliz projesi..
1-islamı tarihten uzaklaştırmak..başardılar..
2-müslümanları islamdan uzaklaştırmak!""
konuş şimdi ismail!",nefret
"Bogaziçilileri yerlerde sürükleyen polis,
Suriyeli provakatörlere neden dokunmaz?
Her yaptiginiz koltugunuz için.
Koltugunuz bu ülkeden daha mi degerli?

#AsagiBakmayacagiz LINK",nefret
like_its_75_again@USER Ulan mal Türkan Soray a benzetiyorsan kiskançlik tan bir zahmet çatla....ayrica sen ne karisiyorsun. ...senin sikik yorumunu takan kim it,nefret
arap yagi çok bulunca gerisini siz anladiniz,nefret
"zaur_elchinoglu@USER Beyinsiz degilim. Ermenilerin Türk düsmani oldugunu bilen Azerbaycan türküyüm. Süphe yok ki, bu ibne bizim dedelerimize kursun sikan pisliklerden birinin torunudur. Sana da son sözüm! Eger bu köpege yine destek çikarsan, senin de ermeni oldugun meydana çikar ve duymak istemeyecegin sözler yazarim sana.",nefret
"biz zaten susmadik da ""sizin polisiniz silahini çekip güpegündüz ortalikta vuramaz diledigini"" degil ""herkes ermeni olursa ben kuvayi milliye! 20 yasinda yigitler gitti ölüme rum'a aç limani siyonizm plani sag sol tutmadi simdi kürt yalani dedigimiz için bilinmedik. #susamam",nefret
"Bir Osmanli torunu Kürt Anamiz çikti HDPli, itlere öyle bir tokat vurdu ki güneydogu'yu salladi, arkasindan arkçi sarsintilar geliyor, Allah yardim etsin. Iste böyle yürekli insanlara ihtiyacimiz var bazi erkek bozuntulari na örnek olsun
#AnnelerleBeraberizYaSen LINK",nefret
"""Fox TV bir yahudi sermayesidir.yani yaptigi haberler haberden çok temennisidir yahu akil var bir müslüman düsmanindan iyi bir seyler beklemek ya ahmaklik yada safliktir",nefret
"26Ağustos1922 Büyük Taarruz ve 30Ağustos Dumlupınar Zaferiyle A.karahisar,Kütahya,Uşak, Eskişehir'in Yunan işgalinden kurtuluşu ardından 3Eylül'de Tavşanlı,Bigadiç,Emet 4Eylül'de Söğüt,Kula 5Eylül'de Bilecik,Bozöyük,Orhangazi, Simav,Susurluk,Salihli,Alaşehir, Nazilli,Ödemiş,Tire+ https://t.co/Kl2vtRJRuK",nefret
"Bitlise gittigimde yasli bir amcayla sohbet ettik.  Kürt sorunu yoktur, üç bes tane ermeni piçinin ceremesini çekiyoruz , dedi. Selo köpegide ermeni piçten teröristten kukladan baska bisey degildir. Pesinden giden ermeni dölüdür. #SevgiliSelahattinDemirtas",nefret
"timur_zencirHerkes begenmek zorunda mi ya, Zafer algöz gibileri de bir bok saniyor kendini amk",nefret
"HIÇ BIR MÜSLÜMAN TÜRK EVLADI ISLAMIYETTEN, SELÇUKLUDAN VEYA OSMANLIDAN RAHATSIZ OLMAZ.RAHATSIZ OLANLAR BIZDENMIS GIBI GÖZÜKEN ERMENI, RUM VEYA YAHUDI DÖNMESI KRIPTO DÖLLERIDIR.ONLAR BIZANS VE GAVUR HAYRANIDIR.",nefret
"Hem müslümansin,hem Türk , ama suriyeli tehcir artiklarinin çözüm süreci hainlerinin , yurtlarda çocuk tecavüzcülerinsn pesindesin,kim kendine dönüp bakmali sence LINK",nefret
"Allah,dinimizi diyanetimizi,vatanimizi,bayragimizi gavur esaretinden kurtaran Mustafa Kemal #Atatürk ten binlerce kez razi olsun,gani gani rahmet eylesin.",nefret
Bugün bi grup oglan suriyeli gördüm moralim bozuldu yine,nefret
"Erdoğan'ın çok çalışarak kazanıyor dediği Yahudi Elon Musk, üç kağıtçı spekülatör bir kan emici.. https://t.co/u8P6zXTrtL",nefret
"Erdoğan daha ne desin, halkımız bir an evvel uyanmalı! Doğrudan söyleyemiyor salgının olmadığını! Adam ağzını açsa belki Tanzanya devlet başkanının akıbetine uğrayacak! Çünkü, dünyayı tekeline almış devletler üstü küreselci yahudi/şeytaniler var karşımızda!
#KongreVarsaKoronaYok",nefret
"Zamanında bir KGB subayıyla tanışmıştım (olur öyle) adam bana dedi ki:

Türk'ten Kürt'ten Arap'tan karını, Azeri'den paranı Çeçen'den canını koruyacaksın. Daha adamı yalanlayan bir şey görmedim.",nefret
5. Birincisi; garanti Sn. Akıncı’nın sandığı gibi Kıbrıs Cumhuriyeti’nden kaynaklanmamaktadır. Bilakis; Kıbrıs Cumhuriyeti’nin kaynağı Kıbrıs Türklerinin egemen iradesidir ve Rumlar tarafından gasp edilmiştir.,nefret
"İBB'de erkeklere zorunlu ib.elik legebete dersi vermeye kalkan bir gereksiz cahilin, Fatih Sultan Mehmet Han Hazretleri'nin babasını TANIMAMASI gayet normal.
Ceddini bilmeyenlerin sonu böyle rezalet olur işte RUM ARTIĞI.
İşte bu Paçavralara karşı
#DevletiminYanımdayım",nefret
"Kemalist bir kadin çocugunun Basörtülü bir ögretmen tarafindan okutulmasini istemiyor.
Biz de çocuklarimizin Kemalist, Lâik, Ateist, Dinsiz ve Solcu ögretmenler tarafindan okutulmasini istemiyoruz...
Allah bu azgin güruha firsat vermesin... LINK",nefret
"Size Hz. Ali'nin bir sözünü söyleyeyim
""Sonu Ölüm Bile Olsa Zalime Boyun Eymeyin"" o yüzden sakin boyun Eymeyin Ziya Ermeni ziya Allah seni bildigi gibi yapsin 
#EqualityForTurkishStudents LINK",nefret
Nazim böyle devam ederse muhtemelen kisa zamanda BB Erzurum formasiyla Pazar 13:30 maçlarinda arz-i endam eyler. MHY-Ozan-Caner üçlüsü sahadayken gizlice soyunma odasina gidip rehberlerinin karistirilarak gece herhangi bir Suriyeli pezevenk arayip aramadiklari kontrol edilmeli.,nefret
Sizin gibi yobazlara inat kadinlar her zaman yanimizda yürüyecek her zaman Hanimiz olacak. Arap dölleri sizi... LINK,nefret
Haber kanalları Hep Pkk nın ekmeğine yağ sürüyordunuz Kürtler ile Ermeni oluşumu pkkyı bir tuttunuz Neden şimdi Bu Annelere destek çıkmıyorsunuz Yoksa Vatanseverliğiniz para mı ? Haber değeri taşıyormu bu Annelerin durumu #BirAnneBirDevrimDoğurur,nefret
"BUGÜN, BÜYÜDÜGÜM SEHIR OLAN SALIHLI'NIN DÜSMAN ISGALINDEN KURTULUSUNUN YIL DÖNÜMÜ. 05 EYLÜL 1922 SALI GÜNÜ GÜZEL ILÇEMIZI YUNAN ISGALINDEN KURTARANLARA VE ÇARPISMALARDA SEHIT DÜSEN 23 TÜRK ASKERINE RAHMET DILIYORUM. ALLAH, BIR DAHA ISGAL GÜNLERI GIBI GÜNLER YASATMASIN... LINK",nefret
"NtV şu anki haberlerinde esenyurt, ta iki grup arasında kavga çıktı en az 20 kişi birbirine girdi diyor, bu ğrup suriyeli pislikler diyemiyor yazıklar olsun haberciliğinize.",nefret
Şerefsiz Yahudi kanalı ve Fetochpnin yalancı itleri https://t.co/K9mJr6WSHR,nefret
yaratici zihniyet bem disari nargile düsündüm sonra beni suri arap sanip linç ederler diye vazgeçtim,nefret
"TÜRKSÜZ akpli, çogu rus asilli yahudi, hristiyan hain hirsizlar, sinsi kriptolar, arsiz yamyamlar, ahlaksiz sapkinlar, soyubozuk serefsizler efsunlu, üfürüklü, asili olmalilar.
?????????? LINK",nefret
Amina koydugumun çingenesi siktir git suradan,nefret
"Lan Yunan’ı denize döktük martavalıyla bu güne kadar kandırdılar milleti,Gerçekte bu güne kadar Yunan’ın tohumlarını yerleştirmişler ülkenin başlarına. #MelihBuluYalnızDeğildir",nefret
"Muminlerin Halifesi Mutasım'dan Rum köpeğine, ya esir aldığın bacımı serbest bırakırsın yada ordumu gönderirim diyen yönetici nerde...

Zalim, işgalci, tecavüzcü Çin hakkında övgüler dizen siyasiler nerde...

#KatilÇinTürkiyedenDefol

Hilafet(Halife) Tek Çözüm https://t.co/2luwXQdeFh",nefret
"Belediyemiz Kurtulus etkinlikleri çerçevesinde, ÖYKAM'in (Ödemis Yildiz Kent Arsivi ve Müzesi) kurulusunda büyük emekleri olan Prof. Dr. Engin BERBER, ""Yunan Isgali ve Birgi"" konulu soluksuz geçen konferansi için... LINK",nefret
Okyanusu olacak Güneydogu'ya siradag itelemisler. Içinde Arap olan bir seyin de su ülkeye faydasi olsun be kardesim LINK,nefret
"Bu senenin sinekleride 
Lambalarda bekleyen suriyeli gibi 
Amacina ulasmadan gitmiyorlar ????",nefret
Birden şekerler düştü amk arapları şeker bile alamıyorlar dedim depremin bende yan etkisi arap önyargımın bitmesi.,nefret
"Bugün 3ncü dünya savaşı var
Türkiye (Beşiktaş)/ Karşımızda Haçlı ittifakı (rumlar,fransızlar, yunanlılar,romalılar, ingilizler,almanlar)
Allah yar ve yardımcımız olsun.
#BeşiktaşınMaçıVar",nefret
"Chpli,hdpli terörstlerin iprenç ötesi dölleri,lüx satafat içinde barlarda pavyonlarda içki fuhus pahali araba ile zevk sefa içinde yüzerken Kürt degil bizim müslüman kardeslerimiz o seytanlarin,abd,Ingiliz kölesi Allahsiz kitapsizlarin nasil emir eri olur.onlarin dölleri gebersin",nefret
Arap Levhasi bizi itmese bu depremler hiç olmayacakti. Biktik bu Araplardan.,nefret
30 Ağustosta Yunan mezalimi yok! Mustafa Kemal yok! Muharremde Ehlibeyt yok!Muaviye Yezid zulmü yok!,nefret
Ulan bütün iş güç kaldı bu lanet Arap firması operatör tatarundan. Hesap yapmadan işyerinden ayriliyorum. Ucuz etin yahnisi oldu Avea işi. Saatlerdir operatör hizmet veremiyor bunu nasıl telefi edecekler çok merak ediyorum.,nefret
"Sunu kesinlikle unutmayin, Türk'ün Türk'ten baska dostu yoktur. Türklerin baska bir millet ile de sikintisi yoktur. Yillardir ülkemizde birçok irk ile birlikte yasiyoruz. Sikinti çikaran olursa o zaman isler bozuluyor. Suriyeliler büyük sikinti. Ükemde Suriyeli istemiyorum.",nefret
"cemaatten birisi şarjlı diş fırçası kullandığımı öğrenmiş, sabah namazına gittiğim camiden yaka paça ""pis yahudi"" sloganlarıyla atıldım",nefret
Hainler bitmez içimiz de 1914 de 200 bin yahudi 800 bin ermeni ye türk kimliği verildi https://t.co/2iiALok1S1,nefret
"Mersin'in merkez Akdeniz ilçesinde kömür kazanina gizlenmis 200 bin uyusturucu hap ele geçirildi, gözaltina alinan Suriyeli 3 süpheli tutuklandi. 
LINK",nefret
bu aq çinli usaklari var ya babadan ogula nesil heralde bunlar pü aq çinli usaklari babadan ogula nesil heralde LINK,nefret
egitim ögretim sistemimiz gözden geçirilmeli ateist bir kusak yetistiren bu sistem acilen milli ve manevi degerlerimizi ögreten bir egitim ve ögretim kadrosu ile pekistirmelidir.,nefret
Host lan  seni o bestepeyi getirenin alnından mihlarim hain kôpek sen kim MHP kim soysuz Ermeni dôlü PKK'lı soysuz https://t.co/GPwu25PZO3,nefret
Nefret ediyorum gs denen ermeni klübünden,nefret
"Twitter da sallamakla olmuyor. İçimizde gizlenen ve hainlik yapan, fitne çıkaran Ermeniler ve Rumlar #DevletiSizeTanıtacağız",nefret
"Küçüktük güzeldi hayat
Büyüdükçe güzel günler gelecek dediler
Ne gelen var ne giden 🙄
Ya zam geliyo ya Suriyeli 😏",nefret
"Bi kız denk geldi bana Yahudileri savunuyor,Türkleri kötülüyor. Bu kızı siken yahudi her kimse çok güzel sikmiş kız aşık olmuş resmen Yahudilere.",nefret
İdlipte 34 şehit verdik bu konu hakkında Cumhurbaşkanı bir mesaj yayınlamadı hadi onu geçtim hiç bir bakanda bir mesaj yayınlamadı. Konu #Türk olunca hepiniz sustunuz zaten  ya ermeni ya rum yada RUS'tunuz !,nefret
"#ŞunuSöylememGerek
Bu Suriyeli'ler bu ülkedeyken bizden bir sap olmaz ahlaksızlıklarini yanında getirdiler bizdekiler yetmiyormuş gibi 😡",nefret
"Çocuğu PKK ya katılan anne çocuğuyla telefonla konuşuyor
ANNE=Ben senin adını Peygamber efendimizin adı Mustafa yı koydum
ÇOCUK=Hayır benim adım bundan sonra AGİT
PKK nın aslında Ermeni bir örgüt olduğunun kanıtlarından biri",nefret
".

    #AnnelerDireniyor
Terörü Müslüman Kürtler yapmiyor, 
Kürt kiligina girmis birtakim kriptolar yapiyor. 

Içeride ve disarida terörün bitmesini istemeyen mihraklar var. 
Bu terör kesinlikle Kürt terörü degildir. 

Kripto Ermeni ve kripto Yahudi terörüdür.",nefret
Ülkeyi yönetenler arap çocuğu için sümukleri ile ağlar ama ülkemizde ki çocuk istismarına tecavüzüne sessiz  kalır çünkü bu pisliği yapanları @Akparti @ailevecalisma @tcmeb @diyanetbasin @TC_icisleri koruyor besliyor çoğu suriyeli  ahlakı olup istifa eden yok https://t.co/aaZsandigY,nefret
"Erkeklere de fazla yüklenmeyin, kadinin kadina yaptigini da gavur Müslümana yapmaz, öyle haller de var.",nefret
KURNAZ RUMLAR HAREKETE GEÇTI LINK,nefret
"nusholin Ya Bu kizi kurtarin Bu pislikten, vallahi elinde video mu var Ne var, zorla tutuyor, kiza yazik",nefret
içerdeki chp ibneler hep saadat baştan beri projelendirdikleri hıristiyan fetö köpeği şerefsiz abd siyonist israil emperyalist sömürgeci ingiliz projeleri faal çalışıyor unuttukları bir şey var! bu milletin adı türk ne arap ne de şerefsiz ölümü şerbet bilen bir tür,nefret
"Oğlu Müslüman Kürt görünümlü kripto Ermeni terör örgütü ASALA,PKK,PYD,YPG vs nin siyasi kanadı HDP tarafından dağa kaçırılan Fevziye Çetinkaya'nın ailesi başlarım sizin kürdistan davanıza,fakirin çocukları dağa,sizin çocuklarınız özel okula,sizse koltuklara diyerek tepki gösterdi",nefret
Arkadaşlar Kürtlerde kaçakçılık meyli olmayan ya Ermeni'dir ya Zaza. 😂,nefret
BASLARIM SIZIN kürdistan DAVANIZA... Bunu söyleyen kürt ana o maymun dan dönme ermeni artiklari iyi dinlesin #AnnelerDireniyor,nefret
"Bir kere de, yok abi siz gidin ben jetle gelicim bi isim var bana demiyor ki piç, binecek o jet e, portekizden çikican yolla tam denizin üstünde jet yarragi yicek ve mutlu son geberecek pilot kurtulacak olmuyor ki mk piçi bi gebermiyor, saçina verdigin özeni topuna versen  topu her hafta sac kesiyon top desen bi sikim yok seni çocukken topa yollayan sülaleni sikiyim",nefret
"Suriye Ortodoks Hıristiyanları...Yani, 1915'de ülkeye ihanet ettikleri için TEHCİR'e tabi tutulan Ermenilerin torunları.
Bu yıl şubat ayında İstanbul'da temeli atılacak.

Hürriyet gazetesi 2 defa Suriye'den 2 milyon Ermeni'nin Suriyeli Arap kimliğiyle Türkiye'ye geldiğini yazdı,",nefret
Vahşikatolizmin maşası ermeni döllerinin sonu geldi! Çünkü #Analardireniyor  teröristlerle kucak kucağa adelet yürüyüşü yapanlarda siyaset sahnesinden siliniyor.#Bitik CeHaPe  @kilicdarogluk  @faikoztrak  ve tr705 kodlu cia ajanı! https://t.co/kjzE5XKU9z,nefret
"BIR ANANIN FERYADI...
KADINCAGIZ NE GÜZEL ÇÖZMÜS OLANLARI...

PKK IÇIN BUNLAR KÜRT DEGIL GAVUR DIYOR...
IBRET IÇIN DINLEYIN...

BILHASSA RICA EDIYORUM SAGDUYULU CHPLILER DINLESIN... LINK",nefret
Karaktersiz Türk toplumuna örnek olmayacak karakteri belli olmayan soytari Barcelona ve fatih terim sen ve senin gibilerin ne halt oldugunu çok önceden anlamis elin adami senin karina aynisini yapsa aynisini dese ne yapacaksin ayrica sen evlisin bekar bile olsa senin o davranisi yapman normal mi Türk karakterinde böyle Bir sey yok her seyi geçtim esinin dogumu yaklasmis soytari evinde esinin yaninda olsana kadinin ya kanamasi agrisi olsa ne yapacaksin basaksehir bakalim adam ise seni sutluyormu görelim bir insan tepeden böyle asagi düser yaziklar olsun sana soytari biraz emre piçini örnek alacagina haci'yi örnek alaydin da adam olaydin,nefret
Ne kadar bu   vatan topraklarında Ermeni Yunan tohumu varmış hergün daha fazla fazla öğreniyoruz...,nefret
kimin parasi bu türk halkinin parasi peki bizim bu kadar suriyeli baktigimiz yetmedigi gibi bir de bahçeli ev mi yapacagiz? türkiye tapusunu da verelim mi suriyelilere... hani su yakaladiginda arkadan vuran suriyelilere... besle kargayi oysun gözünü yapan suriyelilere...,nefret
Haklısın ama bu iş belhandayla bitmez. Bütün arapları ülkeden çıkarıp ülkeyi de arap sabunuyla yıkamak tek çare. https://t.co/RSk9jxJUBX,nefret
Bunlarin türk erkegi olduguna inanmiyorum,nefret
araplardan çektiğimiz yetmiyor bi de arap levhasının anadolu levhasını itmesi sonucu depremle uğraşıyoruz,nefret
sehalett@USER kurt tökezleyince köpeklerin maskarasi olur fener tökezleyince oklarin Soytariligi tutar :),nefret
"Bu mevzuda, yillardir israille mavi balina disinda sicak çatismaya girmedigimiz için masonbahçemizin arkasindayiz. Ancak geçtigimiz yillarda yunan ve fransizdan illallah etmis milletimiz jimnastikçilere ve fransiz kulüplerine firsat vermemelidir.",nefret
Akp bunun hesabini 2023 de vereceksin ben avrupada yasiyorum kardesim rusyada yasiyor sizin yaptiginizi gavur yapmadi lan yaziklat olsun size  #SirdanciBedoYalnizDegildir,nefret
"Suriyeli vatan haini itler ellerinde öso bayraklari ile eylem yaparken etrafında koruma duvari ören polisler, boğazici ogrenci olaylarini protesto eden ogrencileri neden yerlerde surukler??",nefret
barış özcan... hindistan'ın aya inişini canlı yayınlıyor. öküze tapıyor dediğiniz hindistan aya ayak basarken müslüman! olan ülkemin ahlak ve saygı seviyesi yerin altında böyle geziyor.,nefret
"Ulan telekom isi biliyon,eski arap ortaklarindanmi kaldi bu rüsvetçi zihniyetin,ne demis ünlü düsünür Reza Zarrab rüsveti pesin vericen demis,hadi s.... git dünkü yasattigindan sonra,g.t versen bile yoksun benim için,Ailemdeki 6 hatta bugün Turkcell e gececek  #AdamsinTelekom",nefret
gulhancelebi34Sinem kobal ucuz kurtuldu bu sapik pislikten Karaktersiz sebek,nefret
Senin gibi sinsi kopek görmedim tipin zaten nasil bir it oldugunu gösteriyor amk hadi siktir git o Türk formasinda giyme artik amk utaniyoruz,nefret
"Suriyeli promosyonu | Suriyeli çalistirana Türk issiz esantiyon  Haberi, Haberler, Son dakika haberler LINK @USER araciligiyla",nefret
"terörist desteçilerine çok merhametli davrana bir adalet sistemi var türkiyede, ingiliz ve almanlar ira terör örgütü raf terör örgütü destekçilerin zehirleyip öldürüyor kendini astı diyor prences dina gibilerini de trafik kazası ile öldürüyor https://t.co/8OCQXlR6fT https://t.co/XQsI9StY5v",nefret
"KRİPTO YUNAN EKREM'İN İLK İCRAATI İSTANBUL'A HİZMET VEREN VAKIF KURULUŞLARININ DESTEKLERİNİ KESMEK OLMUŞTUR.
KENDİNE ""CEMAAT, MUHAFAZAKAR İNSAN, MÜTEDEYYİN İNSAN"" DİYENLER CHP ZİHNİYETİNE OY VERDİKLERİ İÇİN PİŞMAN OLMUŞLAR MIDIR?  ALLAH ISLAH ETSİN. https://t.co/6f5JbeHd8x",nefret
"Bir çok yabancı ailesi hiristiyan ama kendileri dinsiz olan arkadaşım var ama hiçbiri bizim Türkiye'de kileri gibi azgın çirkef kudurmuş kuduz gibi İslama saldırmıyor. 
Ben inanmıyorum diyor konuyu kapatıyor. #YenidenHilafet",nefret
Senin ben o beyincigini sikeyim amina kondugum esegi saçini sarisina bosaldigimin çocugunun evladini silktigimin çocugunun eseginin amina kodugum em besili  zencisi saçini beyincigini silktigimin salagi,nefret
Lan orospu çocugu siktir git kurtulak amik,nefret
"İstanbul'un çöpünü toplamaktan aciz CHP, iktidar olsaydı:

Millet, corona'dan kırılır.
-Karabağ'da Ermeni işgali devam eder.
-Akdeniz elden gider.
-pkk Suriye'de devlet kurar.
-Fetö Türkiye'yi ele geçirir
-İHA ve SİHA şirketlerine el koyulur
-Türkiye yeniden ABD'den yönetilirdi.",nefret
"Örnegin bir suriyeli bok torbasi, Türkiye'ye gelip, bombali saldiri yapacagim der. Bu, o bireye özel  bir sey degil, arabin asagilik kültürel kodlarindan biridir.",nefret
Bütün isyerleri Suriyeli dolmus ise giremiyorum kendi ülkemde ben suriyeliyim amk,nefret
Binlerce Müslüman Anadolu Halkini astilar bu gavur usaklari. Allah'in laneti bu keferelerin ve Islâm düsmani putperest tapkanlarin üzerine olsun.. LINK LINK,nefret
Bunları yapan gavur tohumudur. Yunanin arkada bıraktığı pislikleridir. https://t.co/VswD8bWi8A,nefret
"Terör destekçisi, Devlet düsmani, Domuzsever, Ermeni asigi olan bu kadinin hapislerde çürümesini yürekten diliyoruz. 

Seninle ayni ülkede yasamaktan utanç duyuyoruz. Canan Kaftancioglu yalnizdir çünkü biz hain degiliz. #CananKaftancioglu LINK",nefret
Sari kiz valla senin bir hesabin vardi takip ettin sonra o hesap gitti bir süre sonra bunla geldin bu insanlarla tartisacak enerjiyi nereden buluyorsunuz anlamiyorum ama ermeni kudurtmaya devam ??,nefret
"Bu devlet, ortodoks hristiyan Karaman Türklerini mübadele ile Yunanistan'a sürdü ise, çerkez, arap ve asiret artiklarini da sürmek zorunda.
Yunanistan'a sürülen 80. 000 ortodoks hristiyanin 60. 000'i Karaman / Türk... Onlarin  Türk olmadigini öne sürenler, yunan tohumlaridir!..",nefret
"Ermeni Ruhunun Allah bin belasını versin. Ermeni Diasporanın Fransadan sonra ikinci Askeri Militan üssü. Her pislik var, her türlü tuzak ve cinayet odaklarının toplandığı alan",nefret
Bu satılmış aşağılık sanatçıları ve yahudi hizmetindeki kanalları unutmayacağız DAHA BU ÜLKEDE YEMEK YİYEMEYECEKSİNİZ ekmek yok 🇹🇷👊👊 #AşağıBakmayacağız,nefret
Bu anlayışın ve medeniyetin son temsilcisi Osmanlı bu nedenle dışarıdan Siyonist merkez ve Batı dünyasının ittifakı içeriden dönme yahudi ihaneti ile yıkılarak hakim olduğu coğrafyada yine bu merkezlerin kontrolünde T.C. dahil 70 küsur devlet(!) kurulmuştur.,nefret
"Vay be. II.Beyazit Fatih Sultan Mehmed 'in babasiymis..
Ulan rum usagi..seni kemerle dövmek gerek..",nefret
"Yasak kelimeler

Giz ('sır' karşılığı)
Gizem ('esrar' karşılığı)
Gizemli ( 'esrarengiz' karşılığı)

Uydurulmuştur.
Sır, esrar, esrarengiz gibi güzel ve işlek kelimelerimiz varken 1930'larda Ermeni Agop'un uydurduğu kelimelere itibar etmeyiniz.",nefret
"#ErdoganinYanindayiz  abd den yardim bekleyen fetö piçinin çocuklari abd size de baris getirecek irak gibi, hepiniz o ülkede gebereceksiniz kimse de sizi hatirlamayacak, hristiyan mezarliginda hep beraber yatacaksiniz, gavur tohumlari. o zaman stop nasil oluyormus görürsünüz.",nefret
aq çingenesi,nefret
"Eyyyy #ZKusagiDinle 

Türkiye düsmani yahudi mördakin fox'un Türkiye'deki izleyici kitlesi 

fetö - pkk - kemalit - tengriciler - vb mankurtlardir
FOX TV

#HayirliCumalar
#dogecoin 

@USER'in dedigi gibi; yalani bol bol tekrarlayin
 LINK",nefret
Gecenin 3 ünde niye yoldan geçerken Suriyeli gibi bagira bagira konusuyorsun abi derdin ne,nefret
"Ingilizler ve Yunanlilarin tek derdi;
Osmanli'yi yikmakti. 
Savasip ikisini de yendik
Osmanli yikildi..

Yendik dedikleri ingiliz ve yunan duruyor...
Ilginç.!???",nefret
Bu yahudi benim vergimle mecliste yiyip içip yatıyor zehir zıkkım olsun yemek nasip olmasın kör kurşunlara gelsin..... https://t.co/o20DazG7aF,nefret
açik açik pkk terör örgütüne destek veren ve ermeni sevicisi canan kaftancioglu'na isleyen adalete sözümüz yok yalniz ayni durumu paylasan binlercesine de isletilsin ki adalete olan güvenimiz sarsilmasin,nefret
"Biride çikip demiyor ki Anne'cim Baba'cim oglun kendi vatani icin sehit olmadi ki vatan sag olacak.

Elin Suriyeli mültecisi savasmaktan korktugu icin geldi onlar cafede filan türk kizlarina laf atarken oglunuz orda çatisti.",nefret
sahintacligoz Arda caner emre melezoglu bunlarin Türk futboluna zarari var kansiz gavatlar,nefret
"iyice çalisip comment yazmissin, veya yazdirmissin...diger commentlere de kapatmissin, burasi eksik kalmis...bi boka yaramaz. Seni kimse kurtaramaz...Allah belani vermeye basladi, devami gelecek...",nefret
"Arkadaslar hatırlarsanız ben dünyayı kasıp kavuran, Çinli ibnelerden çıkışlı Covid-19 denen meretin içinden geçmiştim. Bu işin sırrı nedir biliyor musunuz?
Alman kızların güzelliğini kabul etmek.",nefret
Göztepe'de 5 sene sakatlan da futbol senden kurtulsun  yeteneksiz,nefret
"Birinci Kafkas Kolordusu Kumandanı Kâzım Karabekir'in kızı Timsal Karabekir, Ermeni zulmüyle ilgili Kâzım Paşa'nın anılarını anlatıyor. https://t.co/Jla5SwS7Fy",nefret
"Yahudi kökenli oldugunu saklamis hanimefendi ki insanlar kendisini kiskanmasin, zira kendileri pek bir aydinmis.

Yahudilerin Filistinde uyguladiklari vahsetin aydinligi tüm müminlerin kabusu oluyor. Hatta vicdanli hristiyanlar bile utaniyor. Yerin dibine batsin bu aydinliginiz. LINK",nefret
Bu hayatta sansimiz olsa zaten suriyeli dogardik ????,nefret
ne kadar din düsmani vatan haini ermeni sevici varmis memlekette. #canankaftanciogluyalnizdegildir,nefret
Yarin 8 Mart Emekçi dünya kadinlari günü söyle bir baktigimizda gelismis ülkeler yani Hiristiyan ülkelerde kadinlar gayet rahat ve özgür fakat Müslüman ülkelere baktigimizda kadinlar siddet görüyor tecavüz ediliyor ve öldürüyorlar Inanin bana benim sözümün bittigi yerde kaldim,nefret
"Hocalı'da katledilen Türk olduğu için sustunuz zaten ya Fransız ya Ermeni yada Rustunuz 
Bir gün geldi intikam için birleşti bütün yürekler Türk intikamını almadan kıyamet kopmazdi bilmiyordunuz gördünüz
 yine göreceksiniz
#HocalıKatliamınıUnutmadık 
#HocaliKatliami https://t.co/yDlKoi67ZZ",nefret
Ne güzel söylemiş Rahmetli hocamız Bu vatanın bir karış toprağı ne icerdeki ne dışarıdaki gavurlara verilmeyecek Devletimize sahip çıkalım Yahudi uşaklarina kanmayın https://t.co/cyMmNtfhct,nefret
"Kürtler araplar ve araplaşmış Türkler..
 
 Cumhuriyeti kim kurdu..Türkler..Ganimetini kim yiyor..Kürtler ve son yıllarda suriyeliler gürcüler rumlar..Kim yıkmaya uğraşıyor ermeniler rumlar kürtler..
 
 Peki bu gün gibi dünde bu asalakları başımıza bela edenler kimler???.",nefret
"Türkler Ermeni Soykirimi Yapmistir. Diyen @USER u savunan. Açikça söylüyorum. Serefsizdir.
Türk Degildir.Ermeni Dölüdür",nefret
#DevletiminYanimdayim bu Yunan artiklarina  gereken ceza verilsin düz duvara baksinlar,nefret
Suriyeli kardeslerimizin amk.,nefret
"Demokrat degilim, siyasetin medya ve para gücüyle yönlendirildigi bu Yahudi oyununa hiçbir inancim yok. Metehan-Alparslan-Fatih-Atatürk çizgisine geri dönülüp, tüm vatan hainlerinin kellesinin alindigi ve tek bir vatan hainine dahi konusma firsati verilmeyen bir sistem istiyorum!",nefret
Nazım böyle devam ederse muhtemelen kısa zamanda BB Erzurum formasıyla Pazar 13:30 maçlarında arz-ı endam eyler. MHY-Ozan-Caner üçlüsü sahadayken gizlice soyunma odasına gidip rehberlerinin karıştırılarak gece herhangi bir Suriyeli pezevenk arayıp aramadıkları kontrol edilmeli.,nefret
"Kurdugunuz bütün sokaklar çikmaz olsa her sözün ardi idam olsa Kabe dedikçe etimizi koparacak akbaba gibi üstümüze saldirsaniz Vallahi bizler haykiracagiz Kabe Kutsalimizdir!Ve siz ülkemde ki Ermeni Yahudi artiklari sizinde putlarinizi basiniza yikacagiz!
#KabeyiSavunanFisleniyor LINK",nefret
"Suriyeli göçü yüzünden muhatap oldugumuz belayi ve iç savas tehlikesini dile getirmeyi dis güçlere baglamak ihanettir!

Demografik, mali, sosyal ve kültürel yapimizin dinamitlenmesine göz yummamiz isteniyor. Sorunlar büyük, tehlike ise çok büyük!

@USER",nefret
w.buhs yardımcısı eloms Abraham ortadoğu uzmanı bop planı mühendisi dış politika strejisi belirleyen kriptolanmiş Yahudidir yahudi kongresi (ıcfr) başkan yardımcısı bop planı geniş corafyada etkili plandır Çinden İpekyolu avrupaya İsrail kontrolüdür #NeOluyor,nefret
Lübnan'ın Hristiyan Cumhurbaşkanı Michel Avn'dan Osmanlı'ya skandal iftira! https://t.co/zLSTiI0yWA,nefret
Bu arap dini yasaklanmali müridleride hakkettigi kazigi tatmali! Yetti artik! Kin arsa dayandi!  Türkün daha fazla sabrini sinamasinlar.  15 Bin yillik Türk Yurdu Anadolu ve Balkanlarda ugrastigimiz saçmaliklara bakin.,nefret
"Bunlar Kürt degil !
        Bunlar bebek katili,bunlar orman katili kadin çocuk katili.Hain kafir dostu yahudi dostu bunlar!!!",nefret
"Bunu suna istinaden  anlattim aslinda, onca kültür farkliliklariyla çesitlenmis bir soydan gelirken biz Atatürk'ü minnetle aniyoruz. Siz hangi agaç kovugundan çiktiniz Atatürk'e laf ediyorsunuz Ermeni tohumlari?",nefret
Iyi ki senin gibi Arap devsirmesi müslüman bir ahlaksiz degilim. LINK,nefret
"bu transferleri sike ustasi Ali K.O.Ç ve Acunun yahudi parasiyla usulsüz yapildigini görmek istemeyip Futbol hayati boyunca GALATASARAY disinda kupa kaldirmamis Emre Byi kahraman yapmalarini anlamiyorum YAZIK.
Zannediyorlar ki bu ise uefa el attiginda da nihat abileri kurtaracak",nefret
"Müslüman düşmanı, kürt düşmanı Kripto Ermeni Öcalan'ın kürtlere yönelik stratejisi, kürtler zordan anlar,her kürt aileden bir bir fert;
1.Ya dağda terörist olmalı
2.Ya cezaevinde olmalı
3. Ya da toprağın altında ölmüş olmalıdır.. ki devlet sorumlu tutulsun.... https://t.co/gSpVU0l9X4",nefret
Kürt kiligina girmis ermeni pkk ya karsi #AnnelerDireniyor,nefret
dertleri kürdistan olan ya da idealleri olanlar aile fertleri ile mücadele ederler kızının sevgilisi ingiliz olur oglununki de fransız olur yani pervin dağda az apo ile pembe odada kalmadı bunlar ermeni asala militanları geçmişte tırpanladık ama köklerinden kalmış birazcık onları da,nefret
Rum piçlerini kudurttuğu için#ErdoğanınYanındayız,nefret
bugün müsterime ilahiyat fakültesi karsisindan ev gösterdim. bu muhitten nefret ediyorum isim olmasa durmam buralarda dedi. neden dedim. ilahiyati sevmiyorum dedi. yahudi misiniz diye sordum. yok canim elhamdülillah müslümanim dedi. 3-5 saniye sessizce bakisip dagildik.,nefret
Vasifsiz dallama siktir git  çingenesi,nefret
Hele şu rum dönmelerine bak. https://t.co/sBIakuLD6d,nefret
#deprem salladığında kaymakamlıktaki görüntüleri izledim Kaymakamlıkta Türk yoktu Arap tarzı Dualarla Suriyeli pisliklerle doluydu,nefret
Çok şükür adalet yerini buldu terörist ve ermeni sevici Canan Kaftancıoğlu https://t.co/8PZ28InJqN,nefret
"Elbette ıraklılar kendilerine zulüm eden, Ülkelerini işgal eden, namuslarını ayaklar altına alan, hırıstiyan ülkelerinin dini liderini yani papayı baş tacı edecektir. Bu karşılama Namus şeref vatan gibi değerler her toplumun taşıyacağı değer olmadığını gösteriyor.",nefret
"Bir millet düşünün 1876 dan beri savaşan ülkesi işgal edilmiş varını yoğunu ortaya koyup kadınıyla yaşlısıyla savaşıp ülke kazanmış.
TÜRK.

Bir millet düşünün ülkesine bikaç bomba atıldı diye anayı bacıyı orada bırakıp istanbula kaçmış.
suriyeli
     #SivasKongresi",nefret
#mrshl Allah sizin belanizi versin.yahudi piçler.anasi babasi belli olmayan süzmeler.para için anasina bacisina karisina kizina küfür ettiren piçler.,nefret
"...en net soru şudur.

Neden hala yahve ye hizmet eden ingiliz güdümünde ki ermeni ajanı pkk uzantısı hdp her dönem Meclisimizde ve apo iti hala nasıl yaşıyor?",nefret
"#7Eylül
#Aydın’ımızın Yunan işgalinden kurtuluşunun Yıl dönümünü kutluyor başta M.Kemal Atatürk olmak üzere,#Aydın`ın kurtuluşuna vesle olan büyük kahramanlk gösteren,milletimzn selameti için canlarndan vazgeçen aziz şehitlermze Rabbimden rahmet diliyor ve minnetle anıyorum.",nefret
Ermeni teröristler; hampig sasunyan ve krikor saliba tarafindan katledilen Sehit Kemal Arikan... LINK LINK,nefret
bu bir baskaldirmadir haydi tertemiz kürt kardesler kardeslik nasil olur gösterelim sizi kullanan abd israil ermeni soysuzlarina #annelerleberaberizyasen,nefret
Benim dini bütün müslüman kardeşlerim yiyin ha yiyin utanmaz arlanmazlar https://t.co/et4wXSRdqN,nefret
Aksam çayi pejmürdeler pontuslular yunan dölleri. LINK,nefret
"1. Karabag Mücadelesi 1992
Isgalci Ermeni Azerbaycan Türklerine SOYKIRIM yapti 

Katliamdan kurtulanlar YALIN AYAK BASI KABAK öz vatanlarindan kovuldu.?

2.Karabag Savasi 2020
Azerbaycan Türkü vatanina
gururla, serefle ve ASKER POSTALIYLA geri döndü..! LINK",nefret
Mehmet Ali Erbil tez zamanda sağlığına kavuşup ekranlara döner inşallah bıktık ekrandaki samimiyetsiz yobaz tiplerden Arap kanalı mi izliyoruz Türk kanalı mı belli değil,nefret
"Türkiye Cumhuriyeti'nin emriyle Türkiye Cumhuriyeti bürokratı ve askeri olarak Afrika'ya İslam'ı yaymaya gitmiş olan Kürt Ebubekir Efendi'nin torunları, zerdüşt marksist, doğuda kripto ermeni, asalahdpkk'ya haddini bildirecek,hdp'nin kürtürk zulmune boyun eğmeyecek güçtedir. https://t.co/8P7ydLU3r1",nefret
ya adama bakar mısınız sanki babasının evinin kapısını açıyor... insanlar rezil olmuş rezillik paçalardan akıyor istemiyoruz sn cumhurbaşkanı ülkemizde suriyeli istemiyoruz bir halkına sor bakalım biz bunları istemiyoruz!,nefret
"Su dizilerdeki sakalli tipleri de bir bitiremediniz Amk...
Ne kadar da meraklisiniz sakalli yobazlara.
Biraz medeni olun da özünüze dönün.
Birakin bu arap kirmalarini taklit etmeyi.
Özünüze dönün ve,
TÜRK OLUN...!",nefret
"Çünkü Türkiye ilerlemesin, başını kaldırmasın. Türkiye'deki halklar birbirine düşman olsun. Hala Kürtler uyanmayacakmı? PKK HDP bir ermeni kuruluşudur. Son olaylarda sizi ayıktırmadıysa sizinde Ermeniden bir farkınız yok demektir.",nefret
Arap istilası yakındır https://t.co/Qk3z8jACpQ,nefret
"#KabeyiSavunanFisleniyor

Varsa bir fişleme beni ilk sıraya yazın. Kabe kutsalımızdır, içimizdeki sabetay, yahudi dönmelerinin maskesini düşürmek bizim vazifemizdir..",nefret
Amın feryatları deprem bitti çıkın saklandığınız yerden arap dölleri https://t.co/7hscZsVTdX,nefret
Türk milleti ne zaman aşağı baktı yahudi tezekleri?? #AşağıBakmayacağız,nefret
"28 subatta öyle bir zulüm yapildi ki bizden oldugunu zannettigimiz, serefsizler meger yahudi den ermeni den rumdan daha büyük alçak ve serefsizlerdi",nefret
"Kürt halkının haklarını koruduğunu iddia eden, hdpkk,
Kürtçe bilmez,İslâma düşman
İyic araştırınca bir bakıyorsun Kürt değil Ermeni.
Hiç düşündünüz mü Ermeni bir örgüt niçin Kürt halkının hakkını arasın.
#AnnelerDireniyor 
#BabalarÖlümOrucunda",nefret
Bir bok boğazlı Çinli yüzünden neler geldi başımıza vallahi YETER,nefret
Bizim memlekette bizim sorunumuza bir Suriyeli teröristin dahil olması !! Sen kim kopeksin lan!! Sana giren çıkan ne? #MuhammedNurTutuklansın,nefret
#selahattinDemirtasTeroristtir ona özgürlük vs sevgili felan filan diyen soysuz ermeni usagi kalakteristik kertenkele dir net .,nefret
ne kadar din düşmanı vatan haini ermeni sevici varmış memlekette. #canankaftancıoğluyalnızdeğildir,nefret
Evet biz Türküz ama mesut Alman hepimiz derken onu katma LINK,nefret
"#KemalizmEsaretineSon diyenler, süzme ana rahminde yunana g...vererek doğan türk düşmanları anonim dölleme artıklarıdır.ataturk ve silah arkadaşlaŕının ANALARINI kurtaramadıkları ermeni rum artıklarıdır. https://t.co/iuYasgE99W",nefret
"Ey vatansiz yunan ermeni artiklari
Ey Türke düsman ümmetçi kimliksizler
Sizi tanidik bildik
Sizde Türkü taniyip bileceksiniz?",nefret
"Fransızlar Adana bölgesini işgal eder etmez, beraber getirdikleri Ermeni alaymdan başka bölgede bulunan ve Birinci Dünya Harbinde göç eden ve bu kez Adana bölgesine dönen Ermenileri de silâhlandırarak Türklere karşı kullandılar.",nefret
"Geçen sezon Abdürrahim Albayrak'in son 4 maç öncesi yaptigi algi operasyonuna bu yil Mustafa Cengiz erken basladi,
Ulan Yahudi organize politikalarini bile astiniz. LINK",nefret
"Pkk ve Hdp gibi şer organizasyonlarını Kürt'ün ve Kürtlüğün temsilcileri olarak görmeyen herkes evlatlarını yeniden bağrına basmak isteyen analara destek vermek zorundadır. #Evlatlarımızıİstiyoruz #BirAnneBirDevrimDoğurur
https://t.co/NFdznUWvzq",nefret
"Yine garip rüyalar görmeye basladim. Gece boyunca rüyamda hastanede arap terör örgütüne rehin verilip, bununla mücadele ediyordum. Her uyanip uyudugumda rüya kaldigi yerden devam ediyordu. Bilinçalti diyorum ama bunun ne olarak bilinçaltini yapmis olabilirim bilemiyorum. ??",nefret
"Bu Suriyelilerin çok bela olacağını söylediğimizde islamcısı, solcusu, liberali bu mağara kaçkınlarını el birliği ile savunuyordu. Suriyeli fuhuş çetesi haberini görmezden geldikleriden o kadar eminim ki.",nefret
"1-DÜNYA YAHUDI NÜFUSU

malum dünyada bilinen resmi Yahudi nüfusu 30 milyon civarindadir 10 u Israil'de 15 i ABD ve Rusya'da 2 si AB de geri kalani dünyanin muhtelif yerinde
ama bunun kripto ve dönmesiyle 2 iltisaklilari ile 5 katina çikabilecegini saniyorum",nefret
 gizemeydi__ kaç senedir Türkiye'nin 4 bir yaninda koyup koyup kupa aliyoruz hala yenilik diyorsun kaç senedir basariniz yok Bir bak bakalim istersen basari sadece kadi köydeki maçlar degil bayan. Platininin Bir lafi vardir bilirmissin küçük takimlar büyükleri ,nefret
"""Yahudi, yoksulun hakkından bile bir zulüm doktrininin anıtını yükseltmesini bilmiş kara bir dehadır. Zulmün, inkârın, güvensizliğin, kuşku ve korkunun dehasıdır yahudi. Bütün hazzı, yıkmakta, çürütmekte, çökertmekte...""

(Sezai Karakoç, Kıyamet Aşısı, syf. 29-30)",nefret
"Unutmayın, Balıkesir Yunan işgalinden kendini kurtaran tek şehirdir. Unutmayın, Kurtuluş Savaşımızın ilk askeri kurşunu 172.Alay tarafından 29 Mayıs 1919'da Ayvalık'ta, son kurşunu Kocaeli Gurubu ve Millî Müfrezeler tarafından 18 Eylül 1922'de Erdek’de atılmıştır. 
 #6eylül1922 https://t.co/wseigErqBb",nefret
Siz Türkiye'nin kara yüzüsünüz ermeni kanlilar @USER,nefret
pkk ermeni terör örgütüdür ve hdp bunlari siyasi yuvasi ve destekçisidir. pkk ve hdp'li kansizlarin daga çikardiklari evlatlari için çirpinan analarimiza destek çikalim! #annelerleberaberizyasen #annelerdireniyor #anneleredestekolalim,nefret
"""bunlar kürt degil bunlar müslüman degil bunlar gavur. hdp almis oglumu götürmüs pkk'nin eline vermis."" allah'in izni ile bizi bölmeye çalisan bu kallesleri senin gibi mübarek analarimizin destegiyle yok edecegiz. agzina yüregine saglik mübarek anam... #annelerdireniyor",nefret
"Keske tazminat ödeyecek param olsa da yavsak siyasilere, burhan kuzu gibi proflara, tacizci sapik arap özentisi cemaatlere, ülkeyi, dogayi, hayvanlari es geçip cebini düsünen is adamlarina sövebilsem. Böyle asansörle inip çiksam en ücra köselerine... Ah ulan fakirlik!",nefret
urhanerdem59Arda sen Türkiye'ye magazin için gelmissin futbolun yüz karasisin karaktersiz sin digerinde baskasinin karisina asilmak neymis görsün lavuk.,nefret
Suriyeli piç Beyazıt  meydanında anırabiliyor ama Boğaziçili  genç  Kadıköy 'e giremiyor....onun bunun evlâtları  deyincede küfür  ediyor  aaaa diye söyleniyorsunuz,nefret
"Seni cennet mahallesinde cennetspor izliyormus dirar, ama bence dansöz spora git aq çingenesi seni",nefret
"1922 - Türk Kurtulus Savasi: Kahraman Türk Ordusu, Yunan Isgali altindaki Nazilli, Alasehir ve Susurluk'a girdi ve mezalim bitti",nefret
Kafamin ici bir sarki bir dua artik ben hangi taraftan medet umacagimi sasirdim muslumana gavur eziyetisinz,nefret
CHP  de atatürk cüler ayrildi  meydan ermeni yahudi hiristiyan yunan islam düsmani vatan hainlerine kaldi,nefret
"Orospu çocugu bir Arap Levhası var aşagıda bilmem kaç bin yıldır yukarı hareket etmeye çalışıyor,sıkıştırıyor Anadoluy'u.Deprem olup duruyor. Adamlar'ın cografyasından'da insanın'da ayrı çekiyoruz.",nefret
"13 kisinin öldügü 13 Mart 99 Mavi Çarsi, 6 kisinin öldügü 30 Mayis 07 Anafartalar Çarsisi, 18 kisinin öldügü 27 Temmuz 08 Güngören PKK saldirilarini da, 7 Agustos 82 Esenboga, 15 Temmuz 83 Orly Asala saldirilarini da anmaz. Her halde ölenler Türk öldürenler Kürt/Ermeni oldugundan",nefret
"Yahudi medya patronu Islam düsmani Murdoch'un sahibi oldugu FOX TV, yalan haberciligine bir yenisini daha ekledi. Televizyonun iddia ettigi Tarzan Basarin kizinin tedavisinin yarim kaldigi haberi yalan çikti..
#YalanciFOXTV LINK",nefret
"Bunu yazan suriyeli yavşak adam olsaydın kendi vatanını korur,benim toprağımda sadakayla geçinmezdin. https://t.co/5O1fm99bek",nefret
"BUNLAR KÜRT DEGİLKİ,İSRAİL,İNGİLİZ BATI AJANLARI https://t.co/Uz9ifLWSRo",nefret
"BÖL-YÖNET-SOY taktigi!
Bir ülkeye zarar vermek istiyorsan, uygulanmasi gereken taktik Budur.
Yahudi bunu yapiyor. LINK",nefret
yahudi yamaklari #PKKExecutesCivilians,nefret
#YalanciFOXTV Yahudi kanalindan ne beklersin..,nefret
bir yahudi alim islam'i seçer. ve peygamberin kendisini sormasini söyler. övgüyle bahsedenler. o müslüman olursa kendilerinin de olacagini söylerler. o çikip müslüman oldugunu söyleyince hakaret eder iftira atarlar. iste chp zihniyeti tam da budur. dün övdükleri feyzioglu ya bugün,nefret
Aklima bugün ablamin ev süpürürken kediye banada yardim etcen mi Leoooo diye bagirmasi geldi. Üzülüyorum haline.. Bu çinli kahpe nerde ablami bu duruma düsürdü güzelim kizi,nefret
Babamin babasi ise Sirp zulmünden babaaini kaybetmis annesiyle Türkiyenin sahiplendigi bir çocuk(9 yaslarinda gelmis),nefret
"Suudi Arabistan, ABD ve Gavur Yunan ortalığı karıştırma peşinde. Yakında kokusu çıkar. Önümüzde 2 seçenek var. Ya savaşacağız ya Doğu Akdeniz'de geri adım atacağız.",nefret
Farkli cinslere özenen terörist vari bir evladi olamaz bu ülkenin. Siz Yunan artiklari sahip çikabilirsiniz onlara #HepsiBizimEvladimiz,nefret
"100 bin dolar aldım desem kim inanır. Suriyeli alıyor, eline geçen 100, 500 tl e geçse deviz alıyorlar. Her suriyeli de enaz 50bin100bin deviz var. İktidar farkında değil, ekonomiyi suriyeli çökertiyor. Iktidar nedenini anlayamadı gönderse Türkiye şaha kalkar. Çok inat çok.",nefret
"Meral Aksener
«paranûdî» mi.?

Pakranûdî;
Asli
ermeni yahudi olup
Türk ve kürt
Görünümlü
Bilinçli
Gizli millet düsmani

Ülkemizi
90 yildir
Geri birakan
Ilerlemek
isteyenlerin
önünü kesenler
Milleti
Aldatanlar kimdi?

Milleti
Ayristiran
Müslümanlara
Fitne sokan
Pakranûdî'ler mi? LINK",nefret
"Su uyur bu rumlar uyumaz TAK !

#SamsunsporYalnızDeğildir 
#samsunsporyalnızdeğildir",nefret
Selanik'e yonunuz düserse Yunanlinin Atatürk'e nasil saygi duydugunu görebilirsiniz bizimkilerse uydurduklari din üzerinden birde dil uzatip dururlar ah su tarikatlar ingiliz gibi çalisiyorlar...,nefret
Ye haramzade Yahudi hain https://t.co/Hg6629veO0,nefret
"CHP-HDP-İP-ABD-AB-İSRAİL- İNGİLİZ-YUNAN-ERMENİ ve NATO UŞAKLARI! İyi tanı ey yurdum insanı iyi tanı bunları. Unutma, aslını, neslini! Ne mutlu Türk’üm diyene ve Türk kalabilene!",nefret
"Bir müslüman çocugu.
Ilk okula  müslüman baslayip, Üniversiteden ateist veya putperest olarak mezun oluyor ise..
Bizim baska dis düsmanlara ihtiyacimiz yok demektir..

NOKTA. LINK",nefret
"Ali Erbaş hocamız, iyimiş çok şükür, rumlar üzgün.",nefret
"Ayçiçeği tarlalarına beton döküp toki yaparak, o evleri de suriyelilere hibe edersen gündemin ayçiçek yağı fiyatı olur tabi. Şimdi ne yapmayı düşünüyorsunuz, suriyeli yağı mı yapacaksınız? Suriyeliler ayçiçeğinden çabuk ürüyor sonuçta.",nefret
"#MücahidinCenazesiniVerin diye tag açmış  kürdistan diye diye genç hayatları söndüren,küçük kızları dağlara kaçırıp tecavüz eden,masum yavruları anasız babasız bırakan,oyla seçildim diye devletine hainlik eden,siyonist haçlıların köpekliğini yapan ermeni kırmaları topunuzun A.B.V https://t.co/yNrOE2sTCK",nefret
azerbaycanlıyı öldürdüler sürdüler yurdunu yakıp yıktılar. karabağ'ı alıp ermeniye verdiler. ama şimdi devran değişti daha güçlüyüz. askerimiz çok istekli. ermeni de biliyor ki o topraklarımıza döneceğiz. zaman kazanmaya çalışıyor. sığınmaya gölge arıyor. kaybedeceğini anlıyor,nefret
"#Tutustular çünkü gerçekten habersiz iddialar var! Gerçek ise #Turk Suvari Birligi'nin 5 Eylül'de, 1 günde 3 sehiri alarak Alasehir, Salihli ve Nazilli'yi ATATÜRK sayesinde Yunan zulmünden kurtarmasi! LINK",nefret
Bütün oglanlar toplanmis Türkiye sizinle gurur duyuyor..,nefret
5. Birincisi; garanti Sn. Akincinin sandigi gibi Kibris Cumhuriyetinden kaynaklanmamaktadir. Bilakis; Kibris Cumhuriyetinin kaynagi Kibris Türklerinin egemen iradesidir ve Rumlar tarafindan gasp edilmistir.,nefret
"Ermeni bir terörist tarafından 27 Ocak 1973’te şehit edilen Los Angeles Başkonsolosu Mehmet Baydar ve Konsolos Bahadır Demir’i @Atasc’nin katkılarıyla Santa Barbara’da düzenlenen törenle saygı ve rahmetle andık. #şehitler 

https://t.co/AcuQlmz0sH https://t.co/MQfUnuMflf",nefret
devlete silah dogrultan kürdün de islam'a söven türkün de gelmismis geçmisini. ne tesadüf her ikisi de sol kafa yahudi kafa. bok kafa.,nefret
"Atatürk en büyük Türkçü,Cumhuriyetçi ve Türk milliyetçisidir.
Türk Milletinin kendini yönetmesi için Türkiye Cumhuriyetini  kurmustur
Türk'lügün Bagimsizligini,Baskaldirisini,Sahlanisini tüm dünyaya gösterdigi için, EMPERYALIST isbirlikçileri ve ARAP USAKLARI ATATÜRK'ü sevmezler",nefret
Yilanin basi Iran Yahudi den betersin LINK,nefret
abd... çin de rusya da düsmaniniz degil asil düsmaniniz ingilizler ve ingiliz köpekleri asil onlara dikkat edin herkesi kafalayarak sizi algiyla dövüstürüyorlar.,nefret
Sevgililer günü ne kardesim birakin bu yahudi oyunlarini,nefret
"“Bu ülkenin olmazsa olmazları” Suriyeli katiller, işidli bir kaç öfkeli genç kadar koymetli olamadı nedense.

İşidlilere bile böyle müdahale edilmedi! @Ahmet_Davutoglu o katillere bile “bir kaç öfkeli genç” dedi. 

https://t.co/tY2RML9Zc1",nefret
dkwgngwknh Su yesim sarkin kendini ne bok saniyor acaba?? Ne kadar varos Arnavut kiziymis! bizde TÜRK HALKIYIZ @USER sayan 'nida sonuna kadar arkasindayiz!!!,nefret
"Nerde din, tarikat, örgüt görsem bu vaatlerle geliyorlar insana. Bu Satanist için de böyle Müslüman için de Hristiyan veya Yahudi için de. Insanlari zayif avlayip kendilerine sömürecekleri bir kan bulabiliyorlar.",nefret
"MHP'li Akçay: Yunan isgaline karsi mücadelinin fitili Alasehir, Gördes ve Salihli'den ateslenmistir
LINK LINK",nefret
Neden fox un yalan haberinlerini ortaya çıkardığı için mi kapatılsın istiyorsunuz. Bence yahudi kanalı fox TV ve halk TV kapatılsın celladına aşık bir kitle yetişiyor. Dine ve insana bu kadar hakaret eden başka kanal görmedim #ahaberkapatılsın,nefret
devlet eli ile suriyeli işçi alımına teşvik türkler aç gezse de olur #ibbyeboykot #birkezolsuntepkikoyun #yenikapı #suriyelileristemiyoruz #suriyeliler,nefret
"Theresienstadt Aile Kampı 1943 vs Doğu Türkistan 2015

Bu kamp, Nazi Almanyası tarafından Yahudi mahkumlar için kuruldu.

Burada çekilen propaganda filmleriyle uluslararası kamuoyunu kandıran Almanlar, perde arkasında 20. yüzyılın en büyük soykırımlarından birine imza attılar. https://t.co/fY1hPjfdmF https://t.co/hP3BrRYCiZ",nefret
"Hem müslümansın,hem Türk , ama suriyeli tehcir artıklarının çözüm süreci hainlerinin , yurtlarda çocuk tecavüzcülerinşn peşindesin,kim kendine dönüp bakmalı sence https://t.co/fdjGjfg4zX",nefret
"Türk Milletinin Asırlardır Bileğini Bükemeyenler, Anadolu'dan Çanakkale'den , İzmir'den savaşarak  denize döktüğümüz gavur bizi dolarla yıkamayacağını çok iyi biliyor ama içimizdeki hainleri bu gibi bahanelerle ayaklandirma pesindeler. Fakat Türkiye Eski Türkiye Değil. 🇹🇷🇹🇷",nefret
#Turkey about #Italy #France #IntersectionNews Kurnaz Rumlar harekete geçti! İtalya ve Fransa'ya Doğu Akdeniz'de yeni ruhsat! https://t.co/8yc2vvqEdM Shared through @connexun,nefret
oğlumu hdp aldı bunlar müslüman değil bunlar gavur. amerikayla iş tutuyorlar. kürt falan da değiller. kendi çocuklarını göndersinler dağa. amerika'da çocukları okuyor. ciğerimizi yaktılar allah da onların ciğerini yaksın. vicdansız bunlar. kürtlerle niye uğraşıyorlar. gavur bunlar,nefret
Ulaa bu çarşamba adım başı suriyeli bizim kekolar bile bunlardan daha yakışıklı amk,nefret
"#KabeyiSavunanFisleniyor

Varsa bir fisleme beni ilk siraya yazin. Kabe kutsalimizdir, içimizdeki sabetay, yahudi dönmelerinin maskesini düsürmek bizim vazifemizdir..",nefret
ugurozTürk1618Lezbiyen iliskide mesrulasti artik. Türkiye'nin iyice boku çikti,nefret
"Bu suriyeli sığınmacılar çok oluyor artık benim vatanım, da bunu yapamaz defolsunlar vatanlarına 😠 https://t.co/nxnBnGKozo",nefret
"Bunu yapmazlarsa İngiltere Yahudi Bankerleri, İngiltere Emperyalizminin silahşörleri olarak Türkiye'yi teslim alacak. RTE, IMF den kredi almayıp yüksek faizle bu bankerlerden borç alıyor. Hazine garantisi yemeğin kalan kısmı. İngiltere savaşta alamadığını RTE ile alıyor. https://t.co/PLtXl7WN2X https://t.co/1GUKl5s7Zn",nefret
herkes ermeni olursa ben kuvayi milliye. #sat biz hiç #susmadik!,nefret
Her seye karismak veya her seyi bilmek özellikle de bana karismak sizin haddinize degil ebenizin dinine kadar yolunuz var az bi rahat birakin la insanlari soysuz ermeni tohumlari sizi,nefret
"Bazen düşünüyorum tarih kitapları yalan mı yazıyor, Anadolu’nun kapılarını açan biz miydik,Bizans’ı yıkan bir çağı değiştiren biz miydik, Kurtuluş savaşını başlatan,Yunan’ı denize döken biz miydik?Türk milleti ne zaman bu denli umarsız oldu,birlik beraberlik rüya oldu #susamam 🤷🏼‍♀️",nefret
Lan bu dalyarak bir de Suriyeli miymiş? Siktir git ülkende Daeş'lileri patlat amk çocuğu. https://t.co/ZCRc1apGeq,nefret
Artık rüyamda da suriyeli görür oldum.uykularımıda işgal ediyolar🤦‍♀️,nefret
hdp pkk'dır. kürtlerin destekçisi değil ermeni yahudileridir. gerçek yüzünüz ortaya çıktı artık. #sanatçılardiyarbakıra,nefret
Türkiye Basketbol Takımının şarkısını niye suriyeli bir kürt söylüyor?,nefret
"Budur.
TÜRK, İNSAN ve Müslüman olmayan, çoğu rus asıllı yahudi, hristiyan hain hırsızlar, sinsi kriptolar, saltanatlarını sürdüremeyecekler. 
Bozuk amaçları, soyları, suçları anlaşıldı diye korkuyorlar ve ortalığı karıştırmak için uğraşıyorlar.
TÜRKİYE'Yİ TÜRKLER YÖNETMELİDİR! https://t.co/Ze5SI8JIIn",nefret
#MuhammedNurTutuklansin  ya bu suriyeli orospu çocuğunu neden esedin yanına geri yollamıyoruz ki?,nefret
"Budur.
TÜRKİYE'Yİ ve DÜNYAYI yönetip, soyan yahudi hırsız caniler, dünyanın yönetimini kaybetmemek için her puştluğu sergiliyorlar.
İlaç sektöründen silaha, iğneden ipliğe, filmden uyuşturucuya, bütün sektörler yahudilerin kontrolü altındadır. 
Uydurup, inanmadıkları din bile! https://t.co/jDG5ZazBX6",nefret
"#MuhammedNurTutuklansin daha bunlar iyi günlerimiz. suriyeli çeteler geliyor az kaldi. insanlara irkçi, fasist diyenler sokaga çikmaya korkacak.",nefret
"Bunlarınki yahudi taktiği,hemvurur hemde vay anam diye bagırırlar,bin tl lik putları yüzbin tl ye yaptırır, hem müesses nizama yalakalık yaparlar hem o yolla çalarlar hemde iş yapanlara etiket takarlar.
Çünkü iş yapmak kalkınmak siyonizme çengeldir..
Kudurun
#YiğitLiderERDOĞAN 🇹🇷",nefret
"#DevletiminYanindayim 
Ne @EmmanuelMacron 
Ne @biden 
Ne ab ne yunan ne bilmem ne bela
Biz hepimiz Turkiye'nin yanindayiz. https://t.co/dJmpqd4Q3U",nefret
"İBB'Yİ YALANLARLA KAZANAN KRİPTO YUNAN EKREM,
MÜTEMADİYEN YALANLARA, İFTİRALARA, ÇAMUR ATMALARA DEVAM EDİYOR. İLGİLİ MAKAM SAHİPLERİ GÖLGESİNDEN KORKUYOR YADA SADECE KENDİ DUYACAĞI KADAR İTİRAZ EDİYOR. İMANSIZ İLE İLGİLİ ŞİKAYETLER NE ZAMAN BAŞLAYACAK? @RTErdogan @Akparti",nefret
Bugün 2 Mart Rizenin kurtuluşu izmirliler egeye düşmanı dökmüş ise bizde karadenize Rus ve ermeni döktük.,nefret
ulan it ulan köpek ulan gavur uşağı babamı siktin tamam dedik bacımı siktin tamam dedik beni siktin tamam dedik ulan putperest pezevenk annemden ne istiyon yazacağın şiirin yapacağın işin amına koyim,nefret
"#Bu #millet,
5 milyon Suriyeli sürüsünün ülkeye doldurulmasının @Ahmet_Davutoglu nun eseri olduğunu öğrendiğinde ❗ https://t.co/bjl5eHDoZj",nefret
"Sanat camiasinin %80 ya ermeni ya Sabatay (yahudi) 

Yesilçam dönemine gidilirse arastitilirsa görürsünüz. 

Diyecegim o ki bunlar tabiki pkk savunur tabiki fetöyü savunur tabiki Bogaziçine destek verir. 

Teröristleri çok uzakta aramayin kumanda elinizde .",nefret
TÜRK MILLETI ILE DALGA GEÇEN BU EMPERYALISTLERIN ARAP VERSIYONU SOYSUZLARIN ARPASI KESILMIS HALLERI 33 OLSA BILE HIÇ ÇEKILMIYOR LINK,nefret
Cürete bak ...Dagdan gelmis bagdakini kovacak ...Kendine gel Suriyeli ...Burasi Türkiye Cumhuriyeti ...Yerinizi haddinizi bilin ..???? LINK,nefret
2 aydir eskisehirdeydim. aile evine geldim dün. dogalgaz 452 lira gelmis babam uyuyorum saniyo su an içerde konusuyolar duyuyorum yahudi mi yakiyor evde sabah agzina sicicam bu fatura ne falan diyo napicam,nefret
40 kisi olunca Uygurlari Çin zulmünden  313 kisi olunca Kudüsü yahudi zulmünden kurtaracagiz. Ama su an 2 milyar kisiyiz ve Kabeyi Ebabillerin  kurtarmasi Için dua ediyoruz.  #KabeKutsalimizdir LINK,nefret
Suriyeli mülteci ögrencilerin tweetlerine sasiranlar var. Bu adamlarin ekseriyeti ideolojik bir yamyam. Muhtemelen ortalama bir türk'ün yasam tarzi nedeniyle öldürülmeyi hak ettigini düsünüyorlar. Garip olan bunu suan fark etmeniz..,nefret
"Kahrolsun 6 yil boyunca evlatlarimiz için hiç birsey yapmayanlar 
Kahrolsun gizli açik pkk ya destek veren hainler 
Kahrolsun apo piçinin mektubunu okutanlar
Kahrolsun osman öcalani trt ye çikaran yahudi tohumlari 
#KahrolsunPKK",nefret
"Kökü dışarıda Ermeni ve Yahudi dönmeleri, soyunuz kesilsin.#BirDolarlıkHainler",nefret
orospu cocugu ulkemde suriyeli amcik istemiyom #MuhammedNurTutuklansin,nefret
"Deniz Kuvvet., İngiliz gemisinin Türk karasularında atışlı tatbikat yapacağını duyurunca Atina, bu koordinatı sahiplenip Navtex yayınlamak istedi. Türk ve Yunan donanmasının aynı noktada egemenlik ilanı tansiyonu yükseltti. Yunan Türkiye'nin çizdiği sınırı aşmaya cesaret edemedi https://t.co/RpU4hfYJJT",nefret
en çok esini dövenler üniversite mezunu ve hatta sola yakin kesim. çocuk istismari avrupanin icadi. nikahsiz iliski seküler kesimin en çok yaptigi sey zaten... ama sorsan müslümanlar sapik? #annelerleberaberizyasen,nefret
Gariban kürt halkini sömüren ermeni köpeklerin karsisinda #AnnelerleBeraberizYaSen,nefret
"24 bölüm boyunca sen tüm zorluklara göğüs ger, ölme sonra bir orospu çocuğu çinli gelip seni öldürsün... Bu adalet mi lan???",nefret
müslümana gavur eziyeti dedikleri bu https://t.co/HxCzn84deO,nefret
AQduğumunun müslüman kazıkçıları bak gavur indirimi nasıl yapıyor 6.95 den 2.99 indirmişler https://t.co/sLHEsQCG5Z https://t.co/sm3BGvZTR2,nefret
"1)Basimiza ne geldiyse bu küçük enistenin yüzünden geldi. Stratejik derinlik dedi, trajik bir tablo ortaya çikartti. Komsularla sifir sorundan, sifir komsuya geldik. Milyonlarca Suriyeli'yi basimiza bela etti. Rus uçagini düsürme emrini ben verdim dedi, pilot FETÖCÜ çikti.+ LINK",nefret
"Vatandaş: ""Daha fazla Suriyeli alınmamalı, olanlar da gönderilmeli""
https://t.co/J3YGlXN5ZU",nefret
itibardan tasarruf olmaz dediler bin odalı sarayda yaşadılar. aynı fırsatçılığı suriye politikası yaptılar ülkemize 4 milyondan fazla düşük profilli suriyeli yerleşti. ata yurdu ne bereketli görüyor musunuz!,nefret
Yemin ediyorum Çinli gördügüm yerde medeniyet falan dinlemeden dalarim diye çok korkuyorum. Bizi bitirdiniz be LINK,nefret
Arap ülkelerine atadıkları kral gibi koydular başımıza yahudinin en krosunu. https://t.co/bvPVlE8wB1,nefret
"Yol sordugum insana kadar herkes suriyeli çikiyor,yemin ediyorum örümcek agi gibi kapladiniz ülkeyi",nefret
"Kurt'un çobana
Türk'ün arap'a ihtiyacı yok..

Anladın?",nefret
Yok efendim reis Filistini savunan tek adam BM kürsüsünde tüm dünyaya onları savunuyor İsraile demediğini koymuyor. BANANE filistinden araptan ulan Çin de Türkistanda soykırım var Çine bir tane laf var mı ??? Ümmetçiliğiniz arap seviciliğiniz batsın !,nefret
"Türkiye'deki Suriyeli TERORIST 
Türk ögrencileri TEHDIT EDIYOR! LINK",nefret
"#davamızınpeşindeyiz #sanatçılardiyarbakıra akit'e konuşan kürt siyasetçiler ""kürt analar hdp pkk'yı 81 ilde kapatmaya hazırlanıyor""",nefret
"2. EL ARAC ALMAK ICIN 
MUSLUMAN ULKESINDE 
GAVUR EZIYETI CEKIYOZ 
#Araçalamıyoruz",nefret
Türkiye Agustos ayi boyunca 8.901 Suriyeli'yi sinirdisi etmis. Bunun 2 kati Suriyeli çocuk dogmustur tabi o ayri konu. ??,nefret
Ermeni ezelden ebede düsman ülke yunan gibi Türk yemeklerini çalip ..sosyal medya hesaplarinda yayin yapiyorlar ..birde havlusuyla ermeni yazan havluyu yayin yapiyor Türk topraklarinda neyin pesindesin göt kadar ülkenin göt insanlari ..,nefret
#suriyeliistemiyoruz #suriyeli #suriyeliler #suriyelilerdefolsun #zam https://t.co/edIWEVFUMq,nefret
"Biz bu vatanın ekmeğini yiyen,
suyunu içen,
havasını soluyan herkesi kendimiz gibi vatansever sanıyoruz..
Halbuki kimi ermeni,
kimi yahudi,
kimi hristiyan kimi bilmem ne?..
Hepsinin kimliği gizli,
kini aşikar!
Allah kinlerinde boğsun #KatilPKK  diyemeyenleri....",nefret
"Boğazici ünv olayların arkasında gizli servisler tarafından yurt dışında kurulmuş, Türkiye’de demokrasi adı altında sokak eylemlerini örgütleyen NGO'lar var başta Alman..Basına yansıyan 33 kişiden bir kısmı Kavalacı Iletişim yazarı olması tesadüf değil

#BirSilersinMilyonYazarız",nefret
tonguetechnology.mp3@USER Sevemez miyim amina koyayim hahahahaha benim hayatima karismaya hakkin var mi senin? En azindan yobaz birisi degilim ben her türlü sanata açigim insanlari gavur Hristiyan diye ayirmam ??,nefret
RUM KIRMASI DEDESININ INTIKAMINI ALMAK ISTIYOR https://t.co/DWeHY1eFpE,nefret
bu soyubozuk alçaklar kim acaba.bunlar garanti haçli/yahudi soylaridir.müslüman mahallesinde salyangoz satiyorlar.pisliklerine arka çikan CHP'ye güveniyorlar.ey soyubozuklar bu vatan bizim ve  size asla yedirmeyiz. LINK,nefret
#KabeyiSavunacağız Mekke medine ABD ve yahudi uşağı Suudi arabistan yönetiminde değil mi MBS size söz hakkı vermez.,nefret
"bize böyle haberlerle gelin, yıkılsın ermeni itleri... 🖐️ https://t.co/xOqCvghubO",nefret
lan CHP'li bilmem ne çocuğu bu ülkeyi terk et lan senin gibi Ermeni tohumları na bu ülkede yeri yok lan senin gibi bilmem ne çocukları bu ülkeye zarar veriyorlar yediğin ekmek burnundan gelsin lan çocuğun çoluğundan çıksın lan gavat https://t.co/mk1CSXLAAb,nefret
"(15 Temmuzdan sonra Kandile kaçan Serefli Türk ordusunun üniformasini giymis onlarca serefsiz FETÖcü general ve subaylari hatirladinizmi?)

Ama bütün bunlar kadar önemli olan bir güruh daha var dünya üzerindeki her siyonist Yahudi ve kripto Yahudi ve bunlarin yönettigi,",nefret
PKK'yı savunan ne kadar insan tanıdıysam gözleri tipleri şekilleri aynı zombi gibiler Birbirine benziyorlar yani Ermeni😉spor,nefret
"#SuriyelilerSuriyeye
Istemiyorum #suriyeli ve digerlerini.
#pazar #Konya #bursa #Istanbul
Bunlar hiçbir bilince sahip degiller.
Bu haberler önümüze geldikçe iyice tiksiniyorum. LINK",nefret
"Birleşik Anadolu emirlikleri kürt halkı 29 kürt isyan bastırmayı sinesinde söndürür, BAŞKAnımız merdoğan 1. Yardımcı selahaddin eyyubi Torunu demirtaş TÜRK kürt kandavası sonlanır, gavur  avucunu yalar, kürt halkları GAVURA asla güvenmez, GAVURUN derdi k dev kur değil,sürekli kan",nefret
AKP hükümeti Suriyeli teröristleri piyasaya sürmeye basladi.. Anladiniz mi? neden ülkeye getirdiler bunlari. #MuhammedNurTutuklansin LINK,nefret
"Chpli,hdpli terörstlerin iprenç ötesi dölleri,lüx şatafat içinde barlarda pavyonlarda içki fuhuş pahalı araba ile zevk sefa içinde yüzerken Kürt değil bizim müslüman kardeşlerimiz o şeytanların,abd,İngiliz kölesi Allahsız kitapsızların nasıl emir eri olur.onların dölleri gebersin",nefret
arap ve arap sevicilerdeki terlik aski niye,nefret
"Abi lafla mafla olacak is degil, altina siçana kadar döveksin bunu. Ulan pezevenk babalar kizlarini ne zorluklarla okutuyo senin haberin var mi? O emekçi adamlarin vergileriyle maasini aldigini unutma. Siktimin arap özentisi.. Insallah bu tiviti görür de bana dava açarsin! LINK",nefret
"Gerek 1914-24 arası Ermeni ve Rum tehciri, ve 1923-24 Nüfus mübadelesi; gerek 1955 6-7 Eylül Rum yağması esasen SIYONIST ve SABETAYİST elitlerin tüm pazarlara hakim olmak için tezgahladıgı bir operasyondu.. Hıristiyan esnafa Yahudiler'in bir ayar çekmesi idi.. https://t.co/fracJOkUqj",nefret
"Fox tv
Sahibi 
Yahudi'dir.
Ülkemizi karistimak için her türlü pislik icindedir.
Milletimizi birbirine düsürecek yalan haber kanalidir.
#YalanciFOXTV",nefret
"Ben gs 'ı Fransız  bilirdim . Meğer bunlar sürekli baklavayı , rakıyı , kahveyi çalmaya kalkan Yunan soyundan geliyormuş. Zamanında dedeleri de 3'ün 1'ini almışlardı , şimdi de alacakları bu olur.
#ÜçlüBeşiktaşınÜçünBiriGsnin",nefret
Ey yahudi kafir oglu bu müslüman ülkesinden defol #KatilÇinTürkiyedenDefol,nefret
"anaların feryadı hdp ve pkk'yı bitirir yiğit analara destek olalım kürt selam anadolu hareketi genel başkanı galip ilhaner ise şunları ifade etti ""hacire akar ve fevziye çetinkaya gibi anaların sayısı artmalı.""",nefret
"Ardahan'in Hanak ilçesinin Rus ve Ermeni isgalinden kurtulusu (1918)
Mersin'in Arslanköy ilçesinin Fransiz isgalinden kurtulusu (1922)????",nefret
"YUNAN denen pislik el mali ile gerdege girmeyi çok seviyor anlasilan Bak YUNAN YUTAMAYACAGIN LOKMAYI ÇIGNEME BOGULURSUN????????

Dogu Akdeniz'de Türkiye'ye karsi Fransa,ABD,Misir ve Birlesik Arap Emirlikleri'yle birlikte hareket eden Yunanistan,bu kez sahaya bir baska ülkeyi sürüyor. LINK",nefret
Galatasaray'a bu kadarını Yunan yapmaz vallahi yapmaz billahi yaomaz @TFF_Org yaziklar olsun size.,nefret
"şerefsiz ermeni tohumları, amerikanın batının itleri (it bile ekmek yediği kapıya ihanet etmez) siz bunları yaşatıp şimdi de vatanına sahip cıkanları diktatör diyorsunuz. hain olanda asılması gerekende  sizlersiniz. siz kahpece haince kalleşce ya hava helikopter düşürtürsünüz. https://t.co/guXYXfVQi7",nefret
"Chpliler bu millete hiç bir zaman insan gözüyle bakmazlar çünkü zihniyetleri buna müsait değil.
Onlar ancak güç aldıkları Hıristiyan Batı'ya köpeklik ederler. #kadindusmanichp",nefret
"🇹🇷 Selahattin Eyyübi kadar Kürt ! 

🇹🇷 Fatih sultan mehmet kadar Türk 'üm ! 

Selahattin demirtaş teröristtir.. Hain Ermeni yorgonun kardeşidir.

#SevgiliSelahattinDemirtaş https://t.co/TZCLAvLxvg",nefret
"Bunlarin hiç birisi Türk degil Müslüman hiç degil. 
Soyadi kanunu ile ülkeye yerlestirilmis yahudi ermeni yunan ne varsa Türk kimligi verilmis kriptolar ve dönmeler varsa toplanmis burada toplanmis

Aziz peder pedriçyo hepsini kutsasin

Amen LINK",nefret
onurlu bir kürt genci hdp binası önünde duran akp kuklalarına satılmışlar diyerek bağırdı. bu insanların acıları falan diyerek oynanan oyunu görmeden masumlaştırmak doğru değil. onları anlıyoruzun sonu hdp önünde birikebilecek yüzlerce insana daha davetiye çıkarır,nefret
LAN SENI BI KURUMA FALAN SIKAYET EDEMIYO MUYUZ YA GENÇLIGIMIZLE OYNUYORSUN KODUMUN ÇINGENESI,nefret
#spk marşalldeki hırsızlığı nedense görmek istemiyor spk.bu yahudi devşirmelere bir cezanız olmayacakmış?güven kalmıyor kurumunuza,nefret
" esmasultanvideolarifacebook_ hm su TECAVUZ MESRULASTIRILAMAZ kafasinin tersi degil mi? Bir de KAZA degil cinayet platformu var ama sizin HASTALIGINIZ tamamen secim bunun hiçbir çözümü yok kansere çare bulundu toplum sülüklerine çare bulunmadi. Siktir git Arabistan da ""bu hale ""gelmeyenlere kibir tasla asla kendini üstün gor sonra gel muslumanim de çok laf az is.",nefret
"#BirKezOlsunTepkiKoyun
KEMALİST OLMAK

Kabul etmezler heykelden BAŞKA,
Heykel diktikçe geldiler AŞKA,
Soyu sopu katıksız YUNAN.
Ülkesini batıya SUNAN.

""NURİ PAŞA""",nefret
"Bugün Şirin Nazillimizin Yunan işgalinden ve zulmünden kurtaralışının 97 yılı, 5 Eylül, Cumhuriyetin ayak seslerinin geldiği yer, Nazilli, Büyük Bayram'ın kutlu olsun",nefret
"kktc cumhuriyet meclisi başkan yardımcısı töre ""rum zihniyetiyle siyasi eşitlik düzeyinde bir anlaşmaya varmamız mümkün değil"" haberin devamı için tıklayın...",nefret
"#MuhammedNurTutuklansın daha bunlar iyi günlerimiz. suriyeli çeteler geliyor az kaldı. insanlara ırkçı, faşist diyenler sokağa çıkmaya korkacak.",nefret
Fazla irkçilik yapmayayim diyerek güne basliyorum. Gece saatlerinde bir tane ermeni geliyor bütün ayarimi bozuyor. Püh a*k ermenisi. Seni zürriyetsiz piç anani yurdunu soyunu sopunu isirayim!,nefret
Ankara İstanbul uçak bileti 300 tl ( yeni havalimanından). Uçaktayım. Uçağın yarısı Suriyeli. Hani savaştı hani fakirlikti hani . Lan ben firma karşılamasa belki uçağa binemeyecem adamlar 5 kişi uçağa binmiş ya. Hani bunlara yazıktı. Adamlar keyif sürüyor. Hey yavrum hey,nefret
emrahynk16Gezi olaylarinda Türkiye cumhuriyeti cumhurbaskanina Tayyip ölü ya da diri ele geçirilmeli diye tweet atarken kisi haklarina saldiri düsünce katliami siddete meyil siddetten öte insan hayatina kasit ederken iyiydi degil mi @USER simdi kolun morardimi o kin besledigin devletin adaletine siginirsin. Az bile sana. Bu ülkede yolda biçaklanip kursunlanan o kadar kadin varken üstelik haberi bile yapilmazken senin bu kadar haber olman ayri bir serefsizlik.beter ol,nefret
türk çift degil gavur bunlar,nefret
Türkleri suçlamayan bi Ermeni arkadaş bulmak mı Allahım nasip et,nefret
CANAN KAFTANCIOGLU TÜRK MILLETINE VE DEVLETINE KIN BESLEYIP EMPERYALISTLERIN MASALARI OLAN PKK HDP ASKINI IFADE ETMEKLE KALMAYIP VATAN HAINLIGI YAPARSAN BU DEVLET VE MILLET SENI AFFETMEZ.IMAMOGLU DENILEN SATILMIS YUNAN AJANI VATAN HAINININ SONU DA SANA BENZEYECEKTIR.,nefret
"Yunanın dostu,
Türkün ve İslamın düşmanıdır.
BU DEĞİŞMEZ.
DOMUZDAN POST
YUNANDAN DOST OLMAZZZZZ.
Boşuna GAVUR demiyoruz.
Anadolu İSLAMındır
Bir Müslüman
Dünyaya bedeldir.

KUDÜS MÜSLÜMANDIR.
MESCİDİ AKSA İLK KIBLEMİZDİR
MÜSLÜMANIN NAMUSUDUR.

https://t.co/ABrf1Ox6De",nefret
bunu yunan söylemez,nefret
"7 Eylül Aydın’ımızın yunan işgalinden kurtuluşu kutlu olsun

🇹🇷🇹🇷",nefret
Kendi ülkemde Arap sevicilerden trip yiyorum. Oğlum onlar sizi hiç sevmiyorlar niye böyle yapıyorsunuz ahsgsgsg,nefret
Yanındakine soyle tarihi benden ögrensin 1inci inonu 2inonu conk bayırı kilitbahir kacatepe italyan ingiliz frnsiz italya  yunan buşerefsuzlerle savaştı senin halifen gemiye bindi kaçtı,nefret
"Sana bir beyit yazdim @USER,
 Dikkatli ol Yunan evladi,
 Pejmürde olmana az kaldi.",nefret
sevda9265@USER Türkiye de herkes birbirininim götünü yalayarak bir yerlere geliyor türkiyedeki ahlaksizlik Avrupa da yok kime kime duam Duma olmus vuran vurana anladiysan tabi????????????,nefret
"cemaatten birisi sarjli dis firçasi kullandigimi ögrenmis, sabah namazina gittigim camiden yaka paça ""pis yahudi"" sloganlariyla atildim",nefret
"Bu devlet, ortodoks hristiyan Karaman Türklerini mübadele ile Yunanistan'a sürdü ise, çerkez, arap ve aşiret artıklarını da sürmek zorunda.
Yunanistan'a sürülen 80. 000 ortodoks hristiyanın 60. 000'i Karaman / Türk... Onların  Türk olmadığını öne sürenler, yunan tohumlarıdır!..",nefret
"Bi kiz denk geldi bana Yahudileri savunuyor,Türkleri kötülüyor. Bu kizi siken yahudi her kimse çok güzel sikmis kiz asik olmus resmen Yahudilere.",nefret
"Ateist bir müslüman, dinsiz bir müslüman, dinci bir müslüman, Atatükçü bir müslüman ve cemaatçi bir müslüman ile ben sohbet ediyorduk. Hepsi ayni kaynaktan besleniyorlardi. Ve hepsi farkli olduklarini düsünüyorlardi ama hepsi cehalet dinine mensup olduklarini bilmiyorlardi.",nefret
Bu capslz ongurusuz vizyonsuz hicbir plrojesi olmayan klropto ermeni kemalmi  ulkeyi yonetecek https://t.co/7OfAgFzZIL,nefret
"hava sahamiz delik desik, amerikan ve yahudi uçaklari havada fink atiyor, ve hava savunma sistemimiz yok! adam türkiyeden girip suriyeyi bombaliyor ve dönüste yakit depolarini türkiyeye atiyor!
simdi bir hava savunma sistemi kurulursa hava sahamiz bu iki HAYDUT geçisine kapatilir LINK",nefret
Covid19 yahudi oyunu ile malesef Türkiye'mizdede çok önemli iş adamlarımız.Şehid edildi.yine topluma yön veren haydar baş Döngeloğlu taşçıoglu bazı eski komutanlar çok sır bilen siyasetçiler öldürüldü mason teşkilatları eliyle.asi ile 900 bin sağlıkçı kobay yapıldı.imza ozaydin65 https://t.co/N3Wmgwtd5w,nefret
5 milyon Suriyeli (ingiliz italyan alman giç farketmez) siktir edilip gönderilmeli. Gönderemeyenler sandıkta gönderilir er ya da geç 😉,nefret
Ermenistan yine itlik yapmaya baslamis gavur yillardir Müslüman tokati yemedigi için kendini aslan zannediyor domuz oldugunu hatirlatma zamani gelmistir... #TeröristHeykeliKalkacak,nefret
Hariri güzel devirmis bizim yavsaklari. Amk arap sevicileri sizi.. Yikimli deprem olsa yarali olupta #türktelekom hatti kullanan herkes cennete gitmislerdi. Tanri belanizi versin orospu çocuklari!!,nefret
"1922 - Türk Kurtulus Savasi: 
Kahraman Türk Ordusu, Yunan Isgali altindaki Balikesir, Bilecik ve Inegöl'e girdi. Mezalim bitti",nefret
"[2] dolaştırırlarken, büyüklü, küçüklü, kadın erkek her birerleri pencerelerden (bizi cani Türklerden kurtarmağa ne zaman geleceksiniz) diye barbar bağıran, ve muhayyel Pont
hükümetinin binası olarak yaptırdıkları mekteplerinde Yunan paçavrasını sallandıran bu nankör ++",nefret
 dirar_nabil seni futbolcu yapani sikiym senin oynacagin futbol sana girsin yavsak arap ulan kaç sene sabriye güldük laf ettik sen sabrinin sol ayagi bile olamazsin serrefsiz siktir ol git takimdan ruhsuz köpek,nefret
"Osmanli Devleti lav edildikten sonra bütün ünilerden Müslüman Proflarin yerine Selanik'ten getirilen Yahudi proflar getirildi,Gençlerimizin beynini yikamaktan baska bir bok yapmadilar #KabeyiSavunanFisleniyor LINK",nefret
"Suriyeli Açız diyor
Neden
Bunlarda ahlak yok
Hadi ülkenize https://t.co/NzAq67vK9z",nefret
Tatava Cengiz yazip aklinca tiye alan suriyeli de net o.cocugudur. hirsizlik yapanin anasini avradini.........!! Gerçi siz keyif alirsiniz ensest p.cleri.,nefret
ensar muhacir benzetimlerini bir çırpıda geçelim... onlar suriyeli olgusuna toplumsal onay boyutu kazandırmak için piyasaya sürülmüş lakırdılar!...,nefret
"Genel Başkanımız Sayın Devlet Bahçeli'nin Azerbaycan'ın Dağlık Karabağ bölgesinde Ermeni işgalinden kurtarılan Şuşa kentinde yaptıracağı okulun projesi tamamlandı.
.
“Okulun ana kapısında Selçuklu motifleri kullanılacak. Ana kapının etrafında Selçuklu ve Osmanlı çinileri olacak. https://t.co/x5FUiFzVdV",nefret
Suriyeli diyince kızıyorlar🤣🤣🤣 https://t.co/rNwUPCMpsi,nefret
"reyhology79 Bir KADIN olarak: benim sevgilimi ya da kocami biri ellimden alsin ve o metres ortalikta elini kolunu sallayarak dolassin, ben o kadini yillar geçede af ederiyim? Allah askina siz af edermissiniz? bir de beni degil sadece birinin yuvasini daha sonra bir daha ve hep hep millete be iyilik melegim çok iyi bir Müslümanin ve anneyim dese. Ekranlarda bu kadinin iki yüzlülügünü gördükçe çildirmazmissiniz? Bir kadin olarak bu ahlâksiz kadinlari ekranda görmek istermissiniz? Mideniz bulanmiyormus? Baska kadinlara yapilan haksizliklara karsi çikmazsak bir gün bizim basimiza gelir kimse sahip çikmaz! Dogrunun ve asil magdur olunda durur Türk toplumu. Bir KADIN olarak bu ahlâksiz kadinlari ekranda görmek istemiyoruz. Bir SEYIRCI olarak: iki yüzlü ekranda melek arkada baska insanlarin aglamasina sebep olan kisiler görmek istemiyoruz! Net. Ya göründügün gibi ol ya da oldugun gibi görün! Samimiyetsizlige artik tahammülümüz YOK artik ANLADINIZMI yok! Bir insan olarak: Ahmet de geçmiste onu yapti, oda aldatti oda zina yapti oda para yedi oda yalan söyledi.... o yüzden kötünün iyisi oldugu için çok görmüyoruz. Allah askina nereye gidiyor bu TOPLUM? Her seyi mesrulastiralim tamam yalandan baslayalim, zina, aldatma, tecavüz ensesi her sey normal mi görünsün? Banale baskasi yapiyor diye ahlâksizligi savunmayin Yeter artik! Dürüst omurgali serefli vicdanli olun. Ahlâkî degerlerimize sahip çikalim!!!! Bu bizim toplum içerisinde yasadigimiz bir insan olarak sorumlulugumuz.",nefret
"Budur.
MIT DEVLET DEMEKTIR!
MIT çerkezde/rus, hükümet gürcüde/rus.
70 yildir, hain, hirsiz, cani, sinsi soyubozuk siyasetçisiyle, bürokratiyla, is ve din adamlariyla yönetilen ülkemizde, kendi yarattiklari sorunlarla sözde magdur olan TÜRK düsmani rus, rum, yahudi,...kahrolsun! LINK",nefret
"TÜRKİYE'Yİ ve DÜNYAYI yönetip, soyan, kan ve gözyaşına boğan, yahudi hırsız caniler ve ülkelerin hainleridir.
Dünya insanlığı 7 milyar, hırsız caniler 70 milyon bile değil.
Dünya ülkeleri, ülkelerini yöneten siyasilerin, bürokratların, iş ve din adamlarının soylarına dikkat! https://t.co/JR7RIGhPag",nefret
Az önce otogarda kara çarsafli kiz sevgilisiyle el ele biri de diyemiyo ki arap özentisi bunu Arabistanda yapsan kicina 200 kirbaci yemistin. Almanyada yere çöp atmayip Türkiyede atanlar ile ayni kafa LINK,nefret
"Bugün gara da yarın metina, zap,  kandil heryerde biz olucaz hergün birinizi bir gün hepimizin a.g ermeni dölleri yahudi artıkları sizi #KabusaHazırOlun",nefret
"#DinAfyondur diyenler:

-Gizli Ermeni çocukları
-Gizli Yunan tohumları
-Sabetay Sevi'nin yahudi dönme Beyaz Türkleri
-İslam'la sorunlu Dinsiz Aleviler
-Yörüngeyi kaybetmiş Sılhocu kürtler
-Marksist,Leninist,komünist dinsiz marjinal gençler

Biz de devletini milletini sevenler🇹🇷",nefret
"Bunlar Kürt degil, bunlar gavur Anadoluyu bölmeye kalkan Ermeni bozmalari, kardesligimizin irkla degil iman etmekle alakali oldugunu hesap edemediler !!! LINK",nefret
#TekeTekÖzel bu suriyeliler  bir anca s...gitsin fatih bey  bunlar  bizim  bayragimizi  yakıyor  hala  ülkemizde yaşıyorlar  Suriyeli istemiyoruz. ...,nefret
Bu adam! Bu ülkede Genelkurmay Baskanligi yapmisti bir zamanlar! Zamaninda Ordunun komuta kademesinin kimlere emanet edildigini görün! Sultan Vahdetine hain diyen biri HAIN OGLU HAINDIR. Bunlar ingiliz ve yahudi beslemesi komutanlardir.. LINK,nefret
"AKP biterse Türkiye biter Erdogan giderse Rum Yahudi köpekleri beklenede sizin gibi beyinsiz ler anlayamaz
#TheEndAKP",nefret
"3,5 Tane Gavur Ermeni Dölü Serefsiz  Ülkede Tecavüz Yapiyor Kadin Kiz Öldürüyor,3,5 Tane Gavur Ermeni KadinÇikip KocalariniÖldürüyor,3,5 Tanesi KarilariniÖldürüyor,Onlarin Yüzünden HerkesBirbirinden Süpheleniyor,Bütün Kizlar Bütün Erkekler Bütün Aileler Birbirinden Süpheleniyor..",nefret
"https://t.co/56C97T9M7w.... Sen bir Yahudi kırması,sın soyun'da köpek soyu cibiliyetsiz zürriyetsiz",nefret
"100 bin dolar aldim desem kim inanir. Suriyeli aliyor, eline geçen 100, 500 tl e geçse deviz aliyorlar. Her suriyeli de enaz 50bin100bin deviz var. Iktidar farkinda degil, ekonomiyi suriyeli çökertiyor. Iktidar nedenini anlayamadi gönderse Türkiye saha kalkar. Çok inat çok.",nefret
"Çocuklari HDPnin köpeklik ettigi PKK tarafindan daga kaçirilan, dagda tecavüze ugrayan yada zorla eline silah verilip asker ve polise saldirtilan, vatani ve bayragina bagli gerçek Kürt anneleri Ermeni ürünü PKK ve HDPye direniyor
#AnnelerDireniyor",nefret
Düşünce özgürlüğü CHP li vatan hainleri  pkklı it sürüleri. Domuz yiyin rakı için LGBT li olun ne bok yerseniz yiyin bu ülkeyi böldürmeyiz Gerekirse topunuzu cehennem ateşinde bu dünyada yakarız. Sizi yahudi babalarınız kurtaramaz. https://t.co/Wj9x2CiYZh,nefret
#deprem sözde türk olan #turktelekom çalismiyor elin ingilizinin #Vodafone nu zehir gibi. Arap a uyar is yaparsan 5.8 de ortada kalirsin. Not: yer Kayseri,nefret
YASASIN KÜRT KÖKENLI VATANDASLARIMIZIN ERMENI MASASI PKK'YA KARSI SANLI DIRENISI..! DIREN EY DIYARBAKIRLI!,nefret
Bu yahudi dölü kuruyu fazla kaçirmis malûm iblisin kiligina girmis hadsiz serefsiz köpek ???? LINK,nefret
Memleket degil dingonun ahiri mubarek. Bi samar yemedigimiz suriyeli mülteci kalmisti. #MuhammedNurTutuklansin,nefret
"Yillarca ülkücü ayagindan ülkücülerin sirtindan kene gibi gecinip gittin, simdi ise ermeni artiklarinin pesinden, cehennemin dibine kadar yolun var. LINK",nefret
dogru. ermeni ve rumlarin yüzbinlerce türke yaptigi soykirim üzerine kurulmustur. LINK,nefret
Tüm tasnakçilarin ve kemalist! avanaklarin destek olmasi gayet tabbiidir.(hdp adi kürt asli ermeni olanlarin partisidir) LINK,nefret
Köpeğim Arap'la tanışın....☺️ https://t.co/E7tgZeuaNs,nefret
"Ben kimseyi Türk, Kürt, Ermeni, Arap, Fransız, Müslüman, Hristiyan, Yahudi, ateşe tapan, hiç bir şeye tapmayan, heteroseksüel, homoseksüel, biseksüel, kısa, uzun, eğri, doğru diye ayırmam. Hepinizden eşit derecede tiksiniyorum. Umarım ölürsünüz. https://t.co/soSqL1jvd5",nefret
"Dünyanin basbelasi olan , egoist zalim hain kahpe ve alçaklarindan olusan , putperest müsrik ilimunati teskilati ,satanist hristiyan Evanjelistleri ve  satanist yahudi siyonistleri yeryüzünden silip yok etmeden, dünyada savas kaos ve zulüm asla bitmez.

Sebep bunlardir..",nefret
"Ingilterede yasayan Türk hukukçu Kemal Gürpinar, Ege Denizi ve adalarda Yunan oyununu bozmak amaciyla Yunanistana adalari tahliye etmesi için nota verdi!

Ingilterede yasayan Kemal Gürpinar, Yunanistana adalari terketmesi için nota verdi.",nefret
"atatürk öldüğünde, bir gazeteci shakespeare'e sormuş: ""william, neden bu büyük adam hakkında bir oyun yazmadın?"" 
shakespeare demiş ki, ""çünkü ben hipna & şerefsiz bir ingiliz'im, türkleri kıskanıyorum biz böyle bir lider çıkaramadık diye."" https://t.co/ebdJgUtbgG",nefret
sultanlarimiz muhtesem! bir de türk kadin hakem kazandirsak da dünya yigit isini hakkiyla yapan bir kadin görse. #fileninsultanlari,nefret
247 gün Ermeni esaretinde - Bebekleri kireç kuyularina atarak yakiyorlardi - FOTOGALERI | ASASMEDYA LINK,nefret
"Suriyeli teroristleri TC sınırından içeri sokan, vatana ihanet’den yargılanacaktır  https://t.co/W9In4r9EjV",nefret
Ne yapdiniz o imza toplayip teröre desdek veren kiriptolu ermeni ve yahudi pi. ?Nerede @adalet_bakanlik @abdulhamitgul savci hakimler?süs bebeklerimi niye dava acmiyor?teröristleri toplan hapisde beslen.almanya olsa kaziga otuturur fark etmez isderse parti g.b olsun isder sevicis,nefret
"#biristanbulsavunması #AnnelerDireniyor Kürt gençlerini ermeni ve yahudi dönmeleri kaçırıp pkk ya teslim ediyor devlete silah sıktırıyor, devlette terörle mücadele ederken mecbur bu teröristleştirilenlerle çatışıyor. 
Türk ve Kürt müslümanın arasına düşmanlık ekiyor bu soysuzlar.",nefret
Ebrar topa Yunan’a vurur gibi vuruyor. Müthiş motivasyon #FileninSultanları 👊🏼,nefret
Pkk Kürtlere degil Kürt görünümünde Ermenilere hizmet etmektedir. Amaçlari büyük Israil ve büyük ermeni devleti kurmaktir. Kürtleri de bu amaçla masa olarak kullanmaktalar. Çok sükür ki korkusuz anneler sonunda seslerini çikarma cesareti gösterdiler. LINK,nefret
1918de Bakumuzu Ermeni ve Ruslardan kurtaran Kafkas Islam Ordusu komutani Nuri Paşayi saygi ve minnetle aniyoruz🇹🇷🇦🇿 https://t.co/0ooVZ9deTB,nefret
Yunanistan Yunanistan seni gidi kahpe Yunan,nefret
"Zaten Suriyeli piç galiba. Pek ciddiye almayın. 😏

#MuhammedNurTutuklansın",nefret
"ANDOLSUN ki yeryüzünde bir tek yahudi,ve fetö cü kalmayacak?? LINK",nefret
Kendi topraklarini savunmamis kaçmis gelmis sünepe Suriyeli tweet atiyor Bogaziçini bombalayin diye hostttt kuduz..,nefret
"#ZorunluMaskeZulümdür
Bana bir tane akli olan yahudi gösterin saçma amelleri olan bir topluluk",nefret
"Hümanist geçinen ve bizi ırkçılıkla suçlayan arkadaşlar, canınız yanınca mı anlayacaksınız? Bu oyunu ne zaman göreceksiniz? Suriyeli mülteciler Türkiye'yi araplaştırma projesidir. Önce Akp den , ardından da acilen Suriyelilerden kurtulmamız gerekiyor. Ülkelerine dönecekler",nefret
"Yanlis anlamayin
Hiç bir etnik kökökeni hor görmem ama
Yillarca dilinden dolayi hor görülen kürtlere zulüm yapilirken
Ülkenin
Suriyeli kardeslerim girdikten 1 yil sonra araplasmasi
Arapçayi ikinci resmi dil olarak kullanmasinin açiklamasi yok
Savasan bizdik
Kazanan kim...!",nefret
Arkadaslar hayatimda 1 Italyan 1 Fransiz 1 Alman 1 Ispanyol 1 Portekiz erkek oldu. Inanilmaz mutlu ettiler. Türk erkegi pismanliktir. LINK,nefret
Savcilarin çogu CHP HDP IP SP PKK yanlisi çünkü bunlar ermeni çocuklari Müslüman kilikli münafiklardir LINK,nefret
"Bu Vatanin ekmegini yiyip ve halen CHP diyorsaniz sizde bir Vatan hainisiniz .Bu topraklarda PKK yandaslarina Ermeni tohumlarina yer yok.
Sehitlerin kaniyla bogulun insallah?????? LINK",nefret
Görünüş Suriyeli beslemeler! https://t.co/04SXQWlvcg,nefret
Yanınızda suriyeli afgan li calistirmayin yardım etmeyin Vatana ihanet etmeyin 😠,nefret
"Anlamiyorum bir kesim günlerce akp orman yakti diyecek sonra pkk üstlenecek susacaklar 
Ayni serefsiz medya Kayyum diye diye götunu yirtacak sonra masum Kürt anneler katil pkk ve hdp binasinin önünde oturma eylemi yapacak çocuklari geri verin dige kimse görmeyecek onlari ...",nefret
abdulhamit_ll Tayyip seni siksin oruspu Türkiye'yi begenmiyorsan siktir git Avrupa'da yasa amina kodumun ermeni tohumu picin evladi,nefret
"Çok şükür kürt kardeşlerimiz kalleş hdpnin ne olduğunu anladi, hala arkasında duranlara bu toprakta soluduklari her bir nefes zehir olsun
#hdpkapatılsın #AnnelerDireniyor #birannebirdevrimdogurur",nefret
"HDP ye , tecavüzcülere, vatana ihanet edenlere, Suriyeli mültecilere, zamlara, işsizliğe, beyin göçüne ve daha sayamadıklarımıza #BirKezOlsunTepkiKoyun",nefret
"arap plakasının avrasya plakasını ittirmesiyle oluyomuş bu deprem. 

toprağınız bile türkiyeye gelmek istiyo komple zararsınız amk",nefret
Hepinize yaziklar olsun !!! Dedi kodular yüzünden yazdiklariniza bakin . Utanin biraz . O gece hanginiz ordaydiniz?? Hanginiz olaya shahid oldu?? hiç biriniz !!! Arda Turanin Türk futboluna yaptigi hizmetin 1000 de birini yaptiniz mi siz? Yeter artik yaziktir günahtir anladim cahilsiniz zavallisiniz tamamda ama bu kadari fazla !!! Bu yazilari kadinlar kizlar da okuyor 2 lafinizdan biri s.....m Amk . Asil ahlaksiz ve terbiyesiz o küfür dolu hakaretleri buraya yazanlardir!!!! Elinizi vicdaniniza koyun biraz !!! Yüreginizin sesini dinleyin !!! Bu Iftiralar Ronaldo'ya da atiliyor 10 milyonluk Portekiz tek yürek Ronaldo'nun yaninda !!! bir de Müslümanim diye geçiniyorsunuz . Dinimizde Islam'da Yere yikilana tekme tokat mi var ? Hakaret küfür var mi??? hayir hayir hayir !!! Kiniyorum sizleri acinmasi gereken arda gözükse de aslinda sizlersiniz !!!,nefret
Bu Araplar neden kokuyor ya?! Arap kokusu diye bir şey var leeeş.,nefret
"#TÜRK KADINI OLMANIN AGIRLIGINI HER BEÝIN TASIYAMAZ SIMDININ ÖRÜMCEK BEYINLI ARAP ASIGI OLANLAR(ASLINDA O ÖRTÜNME SEKLI FANATIK YAHUDILERINDIR,ISLAM ÖNCESI ARAP KADINLARI BILE SIZIN GIBI ÖRTÜNMÜYORDU=YAHUDI ÖZENTISISINIZ)#TÜRK OL IRKININ ÖZELLIKLERINI ÖGREN VE UYGULA KAYBETMEZSIN LINK",nefret
"Gebersede kurtulsak,
arap Yalaması, 
Türk düşmanı.",nefret
"Ermeniler ve Rumlar, Türk hakimiyetinin olmadigi her yerde kalan sivil Türkleri öldürdüler. Ben Yalova'da büyüdüm, bunlari yasayan son nesili gördüm. Atatürk, Türkler, Marmara,Ege Türkleri için kurtarici. LINK",nefret
Aldığın her haram puan zehir zikkim olsun. İnsallah layıkını bulur katarlilara satılırsın Suriyeli sucuklular #AğlamaArtıkGalatasaray,nefret
sari_knry1907Soldadoyu Rize'ye bile goturmeyip slimani ve ise yaramayan frey kadroda bulunduran mal çocuk Harun'da israr eden ne isi var bu hocanin Fenerbahçe'de yapmayin Hollandali nerden bilsin Türkiye ligini örnek bir Türk teknik direktor hollandaya gitse ne takimlari ne futbolculari bilir niye yabanci teknik adamda iddaa ediyoruz @USER #Fenerbahçe,nefret
"Yabancılar!
Özellikle ruslar (laz, çerkez, gürcü, ermeni), rum, yahudi,...!!
Ülkemizden DEFOLUN!! https://t.co/AU5b4KfETx",nefret
"Lan Zina Mahsülü  @USER

Sen Avrupanin en Hizli Fahisesinin 
Evladisin 
Yalniz Annen Seni Dogurmamis !

G??T??NDEN SIÇMIS ?? 

Yahudi Olan BasDOMUZ Baban Anneni Çok Hor Kullanmis 
??
 #TerrorsitGeertWilders 
Your Father ?? LINK",nefret
"Bugün bütün olma günü Ermeni Kökenli hdPkk’ya karşı direniş günüdür.
Bir Anne’nin Şu sözleri yüreğimi dağladı.
“Babam Yok,Okumam,yazmam yok pkk’ya karşı direnişe geldim belki çocuğum Televizyon’da beni görür o canilerin elinden kaçar”

 #AnnelerDireniyor
 #AnnelerleBeraberizYaSen https://t.co/qej9W92iUt",nefret
Bunlar Türk değil ki değerlerimizi bilsin Ermeni tohumu f'''''’ işe https://t.co/sT8eCgYTTC,nefret
ne ara arap dinine döndü bu kadın? çıldırmamak elde değil ama reklamın iyisi kötüsü olmaz tabi. kadın pr'a çıkmış beyler dağılın,nefret
"Vatanini, ailesini satip gelen Suriyelinin #BogaziciÜniversitesi sözleri ibretlik! 

Daha önce de söyledim, yanlis anlayan oldu. Siginmaci gibi ülkemize dolusan bu tiplerin dini, milleti yoktur, satiliktir! 

Bunlar, muhtaç olup siginan masumlar  degil, #ISID kazintilari! LINK LINK",nefret
"Burası Burma..
Putperest budistler Müslüman çocuklara işkence ediyor..
Müslümanları yardımsız bırakan her yönetici, Allah katına elleri boynunda gelecektir. Onlara Lanet ve zillet vardır.
Bu devletler müslümanların devleti değil, bu yöneticiler müslümanların yöneticileri değil.. https://t.co/QEILVykDph",nefret
"Bugün 3ncü dünya savasi var
Türkiye (Besiktas)/ Karsimizda Haçli ittifaki (rumlar,fransizlar, yunanlilar,romalilar, ingilizler,almanlar)
Allah yar ve yardimcimiz olsun.
#BesiktasinMaçiVar",nefret
Artıkları kalmış artıkları ermeni mi desem yunan mı artığı kalmış #hasretyıldırımtutuklansın https://t.co/OnIN9EjF4B,nefret
"??93 Harbi sirasinda Erzurum'da Aziziye savunmasina katilan, Rus isgaline karsi Erzurumdaki halk direnisinin simgesi hâline gelmis Türk kadin kahraman??NENE HATUN

(Tarih/Genel Kültür) LINK",nefret
"Suriyeli kardesleri, bu milletin evlatlarini tehdit ediyor!
#MuhammedNurTutuklansin
#SuriyelilerSuriyeye LINK",nefret
Ülkenin aydin yüzlerinden biri olsaydi özel harekat evini basip alirdi ama suriyeli bir terörist oldugu için hâlâ içeri alinmadi LINK,nefret
"#Muhammednurtutuklansin Ülkemizde  suriyeli istemiyoruz derken bunun gibi riskleri göz önünde bulundurarak söyledik hep, yakinda bu insanlar nüfus olarak belli bir gücü ele geçirdigi zaman  görürüm o göçmenler hosgeldiniz diyenleri. LINK",nefret
Bazen aklıma geliyor da soruyorum kendi kendime acaba Osmanlı'nın son dönemlerinde gayrimüslim vatandaşlarımız kötü olaylara karışmasaydı da Hıristiyan ya da Rum Ermeni Yahudi komşularımız olsa nasıl olurdu diye. Çünkü Anadolu'nun her yerinde,nefret
"At yalani sikeyim inanani! Ulan serefsiz bir de kendini aklamak için yalan beyanlara bas vurmussun! Sen hamile karina ragmen milletin esine laf at taciz et, sonra bir de kocasinin burunu kir yetmedi hastaneyi silahla bas sonra hepsi iftira yalan diye yutturmaya ugras. Ulan tüküreyim senin delikanliligina sen ki ancak ve ancak Türk futbol tarihinde kara bir yekesin. Esine aciyorum hala daha sana tekmeyi vurmayipta sana kocam diyebiliyorsa vah çok yazik acinacak bir halde...",nefret
"DİKKAT KESİL Ey İran halkı sizin bu boktan ( Alevi, şii, Caferi, islam) anlayışınızın sonunu kadınlar getirecek sizi ..... bile kurtaramayacak !!! https://t.co/6rtfOjNiXx",nefret
Yahudi hiristiyan ab abd hdp chp pkk feto vatan hainleri ve düsman oklarini reisimi çevirmis ise  iste o lider gerçek müslümandir adam gibi adam RECEP TAYYIB ERDOGAN  #HirsizTayyip,nefret
Bu sloganları atanların %99 bu vatanın evladı değil bu vatanın düşmanıdır...Ermeni tohumudur Yunan dölüdür Osmanlı düşmanıdır amaçları emperyalizme kölelik etmektir onlara göre Türkiye cumhuriyeti sadece bir engel laiklik aparat https://t.co/vaY8l826Mn,nefret
Bogaziçi üniversitesinde ki olayi basit görenler Ermeni yahudi ataistlerin döllenme lerinden olusan  rafazi pçlmlrdr,nefret
Ermeni teröristler; hampig sasunyan ve krikor saliba tarafından katledilen Şehit Kemal Arıkan... https://t.co/Sz97nRkSUR https://t.co/y6o1YR2X5z,nefret
"Doğduğum yer, memleketim Turgutlu( Kasaba-Cassaba)nun Yunan işgalinden kurtuluşunun 97nci yılını kutlar, İzmir’e, Türkiye Cumhuriyeti’nin  kuruluşuna doğru kutlu yürüyüşe devam ediyoruz.",nefret
Otobüste girerken kulağımda kulaklık olduğunu farkettim..evet müzik dinlemek için takmıştım ama müzik çalmıyordu ülkemde suriyeli istemiyorum,nefret
"[2] Gavur, bizden farklı inanan değil; zalim, adaletsiz ve kin dolu insandır... Bu nedenle dedem, Müslümanım dese de kişinin söylemine değil eylemine bak, çünkü dilde ne söylerse söylesin kişi adalet ve hakkaniyetten ayrılmışsa, zalimse  söylemi değil eylemi esastır derdi.",nefret
"Ayrica bu kari yapmayinca da uzayli olmazsin illa bir din mi olacak? Siz Sünniler hiç bi BK yapmazsinoz ama ermenisi rumu Yahudisi cenazeye saygi duyar ve dini ritüelleri,kültürü vardir sizden daha çok atasina bagli cunKu kahrolasi bi Arap degil",nefret
"kürtler söz konusu olunca muhafazakar medya 2 degil çok yüzlüdür! bunu dindar barzanilere karsi takindiklari tavirdan biliyoruz. bir överler. bir ""yahudi"" yapar söverler! hdpkk'ye karsi direnen analar konusunda da samimi degiller. yarin o analari hedef alirlarsa sasirmam!",nefret
Ne tayyipmis be ya ne kadar serefsiz ne kadar satilmis ne kadar yahudi kopegi ne kadar abd fahisesi varsa hepsi buraya toplanmis allah belanizi versin tayyip kadar kafaniza tas dussun fetonun kopekleri#HirsizTayyip,nefret
cagan_000 Sizin içiniz ne kadar fesat büyüklük yapmis gitmeye hazirim demis ??Türk milleti ne kadar saygisiz kötü seviyesiz bir millet oldu. Afrine Gitmem dese suç giderim dese suç oldu tüh sizin kalibiniza ben amq . ??,nefret
saçimi düz yapiyorum suriyeli diyorlar kivircik birakiyorum sehinsah özentisi diyorlar olum siktirin gidin lan mal misiniz aq,nefret
batı derin devletleri kürt halkının dostu değildir lgbti'ye değil annelere destek,nefret
"Çok benzedik geldi 
Bizde de bir yahudi tasmalı var 
O Adolfada çok kırğınım 
""Zamanı gelecek öldürmediğim her yahudi için bana küfredeceksiniz ""
Senin kemiğini s2ym

https://t.co/AaV1gD1w4z",nefret
Arap götü yalamaktan yeğdir. https://t.co/j6fiX4DWGB,nefret
"Ulan lgbt isteyeni düzmek, düzdürmek,alan memnun satan memnun düzeninde bir olusum: ))
Ama çinli piçlerin kamplarda binlerce uygur türkü (müslüman) kandaslarimiza organ mafyasi kölelik orta çag bozmasi ölümden beter yapilan insanlik disi uygulamasi 
Pekii hangisini konusalim",nefret
Vay kaçkin Suriyeli vay hem ekmegimizi yiyeceksiniz hemde bu vatanin evlatlarini tehdit edeceksiniz #MuhammedNurTutuklansin,nefret
"Sabret genç yildiz.
Üçüncü kitapta tüm sorularin yanit bulacak.
Teker teker gelin.
Topunuz gelin.
Neyiniz varsa toplayin gelin.
Önce deli feslinin Yunan isbirlikçileri.
Simdi de sira sizde???? LINK",nefret
"5 Eylül 1922 Atça' nin Yunan isgalinden kurtulusunun yil dönümü

ALLAH bu millete bi daha Esaret yüzü göstemesin LINK",nefret
Canan kaftancıoğlu CHP'nin içine yerleştirilmiş ermeni kripto'dur..,nefret
Kimse alınmasın yahudi şimdide korana adı altında insanların gotunden şırınga ile kan alacak.bu bilgi bana 50 gün önce sağlam bir kaynaktan https://t.co/tQuwXWEXpr holdingler beni sever Türkiye'de.para babaları az sever mevzu derin.borsa babaları asla sevmez imza ozaydin65,nefret
Tabi bunun yanında şöyle bir durum da var. Rumlar Türklere karşı kin ve nefret dolu bir ırk. Evet Güney ile ilk başta birleştiğinizde herşey ada sakinleri için çok daha kolay olucak. Belki siz veya sizin nesliniz birleşme dönemi sayesinde daha güzel bir yaşama sahip olacaksınız.,nefret
 arda turan  by17 adamisiniz lan siz ??? Karisin önünde birini dövmeler. Otobüs soförlerine saldirmalar hamile karisini evde yalniz birakip disko bar gezmeler amk iki serseri gittiginiz her yerde artistlik yapmalar sie gidin lan bu ülkeden Türkiye'nin yüz karalari sonra böyle pirlanta gibi gençler(  mertt40 )size hayran duyuyor halbuki ne futbolculugunuz nede karakteriniz 5 para etmez,nefret
"#foxkapatılsın   kokuşmuş, çürümüş Türkiye karşıtı, amerika sermayeli yahudi kanalı kapatılsın",nefret
"5 Eylül 1922

 Bilecik düşman işgalinden kurtarıldı.Yunan vatan topraklarından süprülüyor.

Kutsal Topraklar İzmirin kurtarılmasına 4 gün kalmışken,siyasette olanca hızıyla devam ediyor.

Başkomutan Mustafa Kemal , Rauf Orbay'a mütareke şartlarını bildirdi. https://t.co/OReoA0sUwZ",nefret
9 yıl 8 ay 20 gün hapis cezasına çarptırılan ancak tutuklama kararı çıkmayan canan kaftancıoğlu damarlarında ermeni kanı taşıyan şeytanın insan şekline bürünmüş halisin...,nefret
"RUM kasiniyor.
""Güney Kibrisin Limasol kentinde camiye saldiran alçaklar
Cami duvarina haç çizip Türklere ölüm yazdilar.
#EceliGelenIT cami duvarina... LINK",nefret
Yali çocugu yahudi kirmasi  #nihatözdemiristifa LINK,nefret
Diyar belediyesi önündeki çocuklarini arayan anneleri destekliyoruz o insanlar biliyorlar ki kurtluk ile bu isin alakasi yok ermeni ve yahudi isi  oy vermeyin kurt kardeslerimiz sizi acimayan hizmet etmeyen geçiminiz ile ilgilenmeyen bir parti degil niyetleri belli,nefret
yahudi canan'a hapis karari çikmis darisi hain ermeni imamoglu'na,nefret
sngldmr_hcttp_ Türkiye'de ki popülist gerizekalilarin götünü kaldirdigi bir baska geri zekâli = SILA,nefret
Hz osmanî sehid ettiren de hz Ali ile hz Aise yi savastiran da hep yahudi oyunlari idi. Müslüman rolüne girip binbir oyun yapmislar serefsizler.  Taa o vakitten baslamislar bizle ugrasmaya ..,nefret
"Pkkli teröristlerin ve Ermeni Canilerin yilmaz savunucusu Canan Kaftanciogluna 9 Yil 8 Ay Hapis cezasi verildi...

Rabbim Devletimize zeval vermesin... LINK",nefret
"analarin feryadi hdp ve pkk'yi bitirir yigit analara destek olalim kürt selam anadolu hareketi genel baskani galip ilhaner ise sunlari ifade etti ""hacire akar ve fevziye çetinkaya gibi analarin sayisi artmali.""",nefret
"Versailles Anlasmasini imzalanmasindan sonra silahsiz birakilan Alman milleti,içerdeki düsmanlari yok edilmedikçe ve karakteri yaratilis itibariyla bozuk olan,otuz altin karsiliginda her seye ve herkese ihanet edebilen Yahudi toplumu temizlenmedikçe hiçbir ilerleme saglayamaz.",nefret
Lanet Yahudi Zihniyetine verilmiş Tarihteki en büyük reddiye! Yahudilik tarihinde büyük katliamlar yaşanmış lakin uluslararası böylesi hakikatler yüzlerine vurulmamıştı. Var olasın Erdoğan. https://t.co/pKZxFr6oUn,nefret
 gokk_Türkk yarak kafasi benim yorumum sana ne giriyor,nefret
"#PKKExecutesCivilians 

PKK paralı terör örgütüdür. 

Eroin uyuşturucu silah ve organ mafyasidir, en önemlisi de Yahudi'nin maşasıdir.

Mesele tekrar İslam Sancaktari olacak Türkiye yi yavaşlatmaktir.

Buna destek verenler Kürt değildir! 

Ermenidir, Yahudidir, Lejyonerdir",nefret
Yusuf kaplan çok net ve güzel bi sekilde özetliyor hakikatleri..güzel bi program oluyor @USER ..ülkede sark meselesi var. Islami tarihten uzaklastirmak ve müslümanlari islamdan uzaklastirmak iste ingiliz projesi tam da budur .nokta,nefret
"Tarih 28 ocak 1992
 ""Agdam-Susa"" yönünde giden  Susa kenti yakinlarinda bir Mi-8 sivil helikopteri Ermeni teröristler tarafindan düsürüldü. Çogunlugu çocuk ve kadin olmak üzere 44 yolcu ve mürettebat öldürüldü.

#StopArmenia
#StopArmenianTerrorisim 
#KarabakhisAzerbaijan",nefret
bugün müşterime ilahiyat fakültesi karşısından ev gösterdim. bu muhitten nefret ediyorum işim olmasa durmam buralarda dedi. neden dedim. ilahiyatı sevmiyorum dedi. yahudi misiniz diye sordum. yok canım elhamdülillah müslümanım dedi. 3-5 saniye sessizce bakışıp dağıldık.,nefret
"Fakirlik :(
ülkemin güzel insanlari canlar can,  sen bunlari doyur bak ev ver kiyafet ver as ver,,,    suriyeli hayinlere bakacagina... LINK",nefret
"Bu Vatanın ekmeğini yiyip ve halen CHP diyorsanız sizde bir Vatan hainisiniz .Bu topraklarda PKK yandaşlarına Ermeni tohumlarına yer yok.
Şehitlerin kanıyla boğulun inşallah😈😈😈 https://t.co/JNFoTEngxu",nefret
"Yunan açık düşmandır.! Anlaşılır.
""Hain""olanlar işbirlikçilerdir.!
Türkiye Cumhuriyeti' nin kuruluşu,
Düşman devletlerle birlikte,
KÜRT + ARAP + ÇERKEZ 
ayaklanmalarına RAĞMENDİR.!
Bu ; ONURLU BİR GEÇMİŞ DEĞİLDİR.
Başka kapıya.! https://t.co/56zJeP2Fqy",nefret
"#BirKezOlsunTepkiKoyun Kemal Kiliçdaroglu S-400'e ne gerek var, kim bize saldiracak derken aslinda biz varken düsmana ne gerek var demek istiyor. Sikinti yok ingiliz sövalyeleri, yunan ermeni rum kalintilari, Bundan 100 sene önce 7 düvele yaptigimiz gibi, hepinize yeteriz.",nefret
"Büyük bir Yagma yasaniyor.!
Milyonlarca suriyeli, afgan, ermeni, Türk milletinin kaynaklarini sömürüyor.
Bu iktidar Yabancilara ÜLKE yi peikes çekiyor.! Türk vatandaslari Fakirlik, zulüm, Geçim sikintisi içinde ölüyor.! #COVID19 Bundan büyük ihanet Olur mu.??
#CHP #DEVAPARTISI",nefret
"Simdi de diyoki ""Sana Avusturya'dan Macaristandan sürekli mektup geliyodu noldu o Hansla konusmayi neden biraktin o cocuk iyiydi iyi"" sjcbsjs zamaninda Macar milleti kadar varos bi millet yok diyen annem Arap damadi görünce pisman oldu sjxbshd LINK",nefret
Sen ancak Ay Yildizli Bayragimizin Diregini alirsin Pervin denen Ermeni tohumu LINK,nefret
"Tepkim manset oldu. Anavatan ve Halkin cebinden verin.Halka yok milli günlerde bayraklarimizi ekrana koymaktan bile kaçinan  Rum sevicilere ve patronlara var.Halka yok CTP'nin SIM TV'sine Besim Tibuk,Asil Nadir,Ertan Birinci,Ali Özmen Safa ve Ersin Tatar ile esi Sibel Tatara var LINK",nefret
"Üstelik, bu çoğu rus (laz, çerkez, gürcü, ermeni) yahudi, hristiyan hain hırsızlar, dinbaz şarlatanlar dinde olmayan mezhep, tarikat, şeyhlik, şıhlık gibi uydurma özelliklerle TÜRK halkını bölüp, aldatıp, çatıştırıyorlar.
Zaten, din dayatanlara soylarını sorun, susarlar. https://t.co/LZ2vjEZjxe",nefret
"#AnnelerleBeraberizYaSen
Türkiye Cumhuriyeti'nin %25'i hariç (Ermeni- Rum Yunan)  hepimiz onlarin arkasindayiz.",nefret
İşte Trabzonspor sevgisinin tarifi efendiler Yıllardır ermeni ve rus zulmüne şerefli dik duruşunu sergileyen Azerbeycanlı bir kardeşimizin temiz duyguları https://t.co/TDr3uihoKu,nefret
Tag a yazılanları okuyorum da ya gerizekalısınız ya da vatan haini. Ulan rumlar sizi doğrayalı 50 sene olmadı. Türkiye koştu imdadınıza. Sizin için vatan değilse şehit kanı akıttığımız Kıbrıs bizim için yavru vatan oldu. Mücahit Denktaş ın kemiklerini sızlatıyorsunuz. #AhKıbrısım,nefret
#kürtler binlerce yillik öz kardesimizdir. Gizli Ermeni çetesi PKK ya destek olmayanlara selam olsun.,nefret
"#annelerleberaberizyasen
Bir kürt olarak Bu Annelerin çigliklarini duymayan kürt sanatçilar sizlerde geldiginiz yeri unuttugunuz için ayri bir kani bozuksunuz...
Hdp terörist partisidir.................................
Aksini söyleyen de hdplidir..........................",nefret
"Ulan bizim türkler suriyelilerin durumuna düşse , bu suriyeli kalleşler bizi sınırda çoluk cocuk demeden tarar.. ✔️✔️",nefret
 emirr_bozkurt amk çingenesi dkchkxndinfie,nefret
Yahudi kanalı Fox tv nin yalalarını yüzlerine vurdu diye mi abhaber kapatılsın diyorsunuz it sürüleri.  #ahaberkapatılsın,nefret
Bugün 5 Eylül.. Alaşehirimizin Yunan işgâlinden kurtuluşunun 97. yıl dönümü kutlu olsun. Allah şehitlerimizden gazilerimizden ve direnç gösteren Alaşehirli tüm büyüklerimizden razı olsun. #beşeylül #alaşehir,nefret
Kürt kardeslerimizin bizimle birlik olmasi da bizden ayrilmak istemesi de bu millete hayirli olmustur fakat su an bölücülük yapan hainlerin ne Kürtlükle ne Islamla alakalari yoktur bir kismi Iran bir kismi Komünist Rusya yanlisi Ermeni kirmasi teröristlerdir.,nefret
Siyaset ölsün artıkın bıktık.Saltanat geri gelsin ya da ATATÜRK diktatörlüğü tekrar hakim olsun.Usandık bıktık demokrasi TÜRK için değilmiş bunu öğrendik.yunan piçinin milattan önceki uygulamasından bize ne?Milliyetçilik ne işe yaramış. it gibi yaşamak yerine Kurt gibi ölelim.,nefret
"#Pejmürde Hayat

Suriyeli görmüş CHP'li gibi bakma gözlerime
Kriz beklentisiyle $ alıp da Pejmürde olmuş bir haldeyim
Pişmanım Hdp oylarıyla seçilen İp misali
Söz veriyorum, Ekrem'in kollarıyla kucaklayacağım seni

             Âşık Mahsun Korhânî",nefret
Bi çinli orospu çocugunun yüzünden çektigimiz çileye bak yakin aq dünyasini bitsin bu çile,nefret
Pist Kürtler size Kemalist zihniyetten fayda yok birakin bunlarin kicini yalamayi!!!! LINK,nefret
siz ancak tinerci dersiniz 2 yillik tarihi olan takim dersiniz biz ise size sikeci deriz fetöcü deriz rum deriz fransiz deriz maklubeci deriz gavur tohumu deriz sizin efsaneniz fethullah gülen adli kansiz ve zekeriya öz denen piç kurusu bizim efsanemiz seba ve baba hakki'dir,nefret
"Budur.
1071'de, Bizanslilarla savastik.
Rum yahudisi barzani Kürt lider ise, kürtler kim? TÜRK ve Türkmen'den devsirme Kürt ayri. 
Rus/rum yahudisi gürcü retö TÜRK DEVLETININ basinda ise, TÜRK nerede?
pkk, ermeni/rus hristiyan terör örgütü.
Kürtçe alfabe rusya'dan.
Anlayanlara! LINK",nefret
canan kaftancıoğlu denen kadın müsveddesini ya fetö'cüler veya kürtçüler savunuyor. tabi yine bilinçsizce bu gruplara hizmet edenler de var. ben bunlara balık hafızalılar diyorum. peki kaftancıoğlu pkk'lıları savundu mu savunmadı mı? ermeni soykırımını savundu mu savunmadı mı?,nefret
"#AhlaksizsinFOX 
Hala bu kanali izleyen varsa
islami teror lafini dunyaya yaymaya calisan islam dusmani abd li yahudi murdoch serefsizine para kazandiriyor,
Bilin istedim.",nefret
"Yunan  tohumu...
Ulan serefsiz ..
Düsman bilse 
ülke böyle  ibnelerle dolmus 
2 günde ülkemizi isgal ederler. LINK",nefret
"Aleviyle kafir arasındaki tek fark alevilerin kendilerini müslüman zannedip İslama saldırmalarıdır.

Dikkat edin, en şiddetli gavur bile müslümana saldırır, müslüman katleder ama bunlar direk islama, akaide düşmanlık ederler. https://t.co/qCSu2iskU7",nefret
"Bak dürüst olun bu tayyip asla türk olamaz elin yobaz arabi ölür bayraklar yariya iner ulan utanmazlar onückisi sehitolmus adamlargüle ,oynaya biz toplum olarak kafayi yedikte haberimizmi yok beyler birileri bana söylesin bu tayyip olsa,olsa yahudi olur türk asla milli asla .",nefret
"Akp Ehvanının Suriyeli muhalifler dediği,radikal islamcı canilerdir",nefret
Köyümün dolmuşunda bir suriyeli Arapça konuşuyor ve ben gırtlağına yapışmamak içi kendimi zor tutuyorum. Sen TÜRKİYE desin ve Tüekiye'nin resmi dili Türkçe'dir!,nefret
"Yetmez, anayasanin da degismesi lazim. Cumhuriyet ve Soyadi Kanunu ile içimize yerlestirilen Yahudi/Ermeni/Rum kriptolarin çöreklendigi yerlerden alinmasi, Kamalist tahakkümün kirilmasi lazim. LINK",nefret
"Şuan dünyanın herhangi bir yerinde yahudi ve hristiyanlar sistematik bir şekilde islami ilimleri öğrenip bunları nasıl anlaşılmaya namüsait bir vaziyete sokup aralara felsefi sapkınlıkları ekleyip içtimai hayatı kökünden sarsabiliriz diye uğraşıyorlar, biz ise uyuyoruz.",nefret
Suriyeli sevmiyoruz LINK,nefret
Ülkeye bak anasini satiyim ya zam geliyo ya da Suriyeli,nefret
"senin ben rol ve acitasyon kasarken titreyen ses tellerine sokim arap melezi orospu evladi seni.
eminim sen kizini üniversiteye göndermemek için 13 yasina geldiginde sübyanci sapik yavsagin biriyle evlendiriyosundur?? ve senin kizin henüz çocuk yasinda ve sifatindayken++ LINK",nefret
hayatlari ruma yaranmakla geçti hala bugün bile maras konusunda rum ile ayni görüsü paylasirlar rumun tezlerini destekleyici arastirmalar çalismalarla ugrasirlar. bir arpa boyu bunlarda degisiklik göremezsin. bunlarda zihniyet hiç degismez. rumla hedefleri aynidir. maras açilmasin.,nefret
Amin feryatlari deprem bitti çikin saklandiginiz yerden arap dölleri LINK,nefret
"Marsilyadan herkese selamlar. Sokakta Fransiza benzeyen 2 kisi gördüm gerisi hep Afrikali, Arap ve Kürt aq",nefret
"Bacakları kesilen kedi haberleri yüzünden sinirden elim ayağım titriyor
Sadece bir bölgede olsa, o bölgenin huyu kültürü adeti diyecem ama Diyarbakırda, Kocaelinde, Çorumda ulan hatta İzmirde bile oluyor.
Bu Türk Halkının işi değil arkadaş.
suriyeli geldiğinden beri oluyor bunlar https://t.co/PGisOwhOXu",nefret
"FRANSIZ OLSANIZ İYİ 

YUNANSINIZ YUNAN !!!

 KARAKTERSİZ ŞEREFSİZ !!!

GEREĞİNİN YAPILMASINI İSTİYORUZ @AlperPirsen

(Herkes yoruma @AlperPirsen 'i etiketliyor beyler haydi.) https://t.co/DcPOoMK0UX",nefret
"Suriyeli'lere şunu anlatabilirsek, bence bizi anlarlar. 
Bu ülke,  bizim canımızdan bile daha değerliyken, sizin canınızdan hayda hayda daha değerlidir",nefret
"5 Eylül. Bügün Nazilli'min düsman Yunan'dan Kurtulus Günü!!
Gazi MUSTAFA KEMAL PASA ve silah arkadaslarinin 30 Agustosta Zaferi kazanimiyla birlikte, eylülden itibaren Isaglci Düsman Kuvvetlerini Ege Denizi'ne dökme süreci basladi.
ATAM, sana ve silah arkadaslarina minettariz ! LINK",nefret
Para sana her istedigini yapmani ve istedigin kisilerin karisini yataga atma hakki vermez efendi futbolcu olmussun ama adam olamamissin daha güçlü bir Türkiye için evet derken yaptigin pisliklerin üstünü kapatmalari için evet diyordun sanirim,nefret
"Hayal olup gerçekleşmeyecek tek ütopyadır #kürdistan gerçek proje kürdistan değil Türkiye halkını birbirine kırdırmaktır. Bir ermeni, yahudi projesidir. Bu projeye yardım yataklık yapanların hepsi kurda kuşa yem olmuştur toprak altındadır. Aklıma kürdistan deyince bunlar gelir",nefret
"Ülkeye bak arkadaş!
Ya zam geliyor ya Suriyeli...",nefret
Bu oyuna dur demek lazim yeter okadar transferler ve sezon yeni baslamis yaptiklarina bakin bide üstelik 1905 te nihat ozdemir 1905 kere sana sokmasini bilir bu camia bekle sana uyku verirsek senin gibi ermeni tohumu olsun nihat ozdemir,nefret
"2.) Bir iki üçler yaşasın Türk’ler🇹🇷
      Dört beş altı Polonya battı.
     Yedi sekiz dokuz Alman domuz🐷
      On onbir oniki İtalya tilki🦊
     Onüç ondört onbeş Amerika kalleş
     Onaltı onyedi onsekiz hapı yuttu Portekiz.😊",nefret
Yunan Gene Ağlıyor https://t.co/bwvBMcnMH4,nefret
Haydi küba'ya gidek.. Suriyeli de yoktur orada ohh miss.. ???? LINK,nefret
Suriyeli beslemeler de bogazicine karsiymis ne hale geldik LINK,nefret
"cumhurbaskani güvenli bölge yapamazsak kapilari açariz demis alin alin onlari da alin. hatta ""her eve bir suriyeli"" kampanyasi da yapin tam olsun",nefret
Ermeni = cani hayvan dan da asagi mahluk LINK,nefret
"Atam denizde yunan kalmis mi diye kontrol ediyor, pasam benim?? LINK",nefret
"Ermeni Terör Örgütü'nün siyasi ayagini, yaptigi eylemle kapattiran,Anadolu'muzun yigit annelerine selam olsun!

"" Baslarim sizin Kürdistan davaniza.
 Fakir fukaranin çocuklari daga, bunlar koltuklarda.Vermiyoruz, size verecek çocugumuz yok."" LINK",nefret
"Ayrıca bu karı yapmayinca da uzaylı olmazsın illa bir din mi olacak? Siz Sünniler hiç bı BK yapmazsinoz ama ermenisi rumu Yahudisi cenazeye saygı duyar ve dini ritüelleri,kültürü vardır sizden daha çok atasına bağlı cunKu kahrolası bı Arap degil",nefret
"#carsamba 
Ermeni pkklı osman bayık 
Kadınlarla kazanacağız demişti 

Lafın tamamı ahmağa söylenir https://t.co/idyf4W43UM",nefret
"Türk-İslam düşmanı olan,pkk,ermeni ve yunan sevici bu iğrenç kadını savunan alçaktır! Milletin en hassas olduğu konularla bile alay eden bu soysuza verilen ceza az bile! Bu ve bunun gibi vatan hainleri en ağır şekilde cezalandırılmalıdır. #CananKaftancıoglu https://t.co/sVRoYenff3",nefret
"Canan Kaftancioglu benim gözümde dagdaki teröristten farki yoktur.

Tipine bakinca da zaten Ermeni oldugunu anlarsiniz.

Devlete karsi her hainligi yapacak din ile dalga geçecek askerimize laf uzatacak kadar alçalacaksin ama bu devlet sessiz kalacak.

Ermeni artigi vatan hainisin LINK",nefret
"6 yil iyi gelir Arda sana kendini toparlarsin içerde, daha iyi bir orosbu çocugu olarak dönersin Türkiye'ye ??",nefret
Bafrada Ehliyetsiz Araç Kullanan Suriyeli Ceza Yedi LINK,nefret
Karaktersiz pezevenk Türk futbolunun yüz karasi ...yavsak..,nefret
Ülkemde (büyükelçi dahil) Suriyeli istemiyorum.,nefret
Ermeni partisi hdpyi müslüman kürt Anneler bitirecektir inşallah https://t.co/FHROGSBBkl,nefret
hazeldagl Türk kadinlarina o çirkin kiyafetleri yakistirip moda trend kelimeleriyle aklini giydirip cebini dolduran sizler degil misiniz acaba ?? bugün moda diye tasarlanan birçok kiyafet nenelerimizin deyimiyle insanin kiçini dahi silmeyecegi seyler....,nefret
Hesabimdaki ermeni sevici Islam düsmanlari takibi iki tarafli iptal ediniz kanalizasyondani fareler gibi gözüküyorsunuz. Hesabim kanalizasyon degil uzaklasin.,nefret
her doğan çocuk islam fıtratı üzerine doğar ama ailesi ya müslüman ya hristiyan ya da yahudi yapar. ama allah akıl vermiş idrak vermiş. allah herkesi müslüman yapsaydı o zaman iyi ile kötü nasıl ayırt edilirdi? imtihanın amacı ortadan kalkmaz mıydı?,nefret
bu kadar issizlik varken 1 suriyeli 1 türk kampanyasi nedir ya saka mi?! yeni kampanya istiyoruz 1 türk 1 yeni mezun türk #1suriyeli,nefret
"SU SIYASET SAHNESINE BAKIN, BUNLARI ÇOCUKLAR, KADINLAR, GENÇLER DINLIYORLAR. GIYBET,IFTIRA HAKARET, HER SEY VAR.BIZE YÖNÜNÜ DÖNMÜS ASYA TÜRKLÜGÜ,BALKANLAR, KAFKASYA SEYREDIYOR.DEVLET ADAMI GIBI DAVRANILMALI DEGIL MI?IÇIMIZDEKI RUM, ERMENI, YAHUDI, BÖLÜCÜLER DE KINA YAKIYOR",nefret
"Ali Erbas hocamiz, iyimis çok sükür, rumlar üzgün.",nefret
"Tarihte Bugün ;
28 Ocak 1982 ‘de ABD Los Angeles 
Baş Konsolusumuz Kemal Arıkan  Ermeni Teröristlerce şehit edildi. 
Şehit Baş Konsolusumuzu  rahmetle anıyor , Aziz Milletimize ve Dış İşleri bakanlığımıza Baş sağlığı diliyorum. @TC_Disisleri https://t.co/fMPlJtzX4O",nefret
Resmen Arap isgali bu. LINK,nefret
"#5EYLÜL #KURTULUSGÜNÜ #SULTANHISAR
Ilçemizin Yunan Isgalinden Kurtulusunun 
97.Yildönümünü kutluyor, basta Gazi Mustafa Kemal ATATÜRK olmak üzere, bu topraklari 
Vatan yapan bütün Sehitlerimizin ruhlari Sad, mekânlari cennet olsun.
Ilçemizin Kurtulus Gününü kutlu olsun. LINK",nefret
Homoseksüel Yahudi TERÖRIST geert wilders... LINK,nefret
SIRF OZAN TUFAN GOL ATTI DIYE GSLILERIN ÇOGU SEVINMICEK YUNAN FRANSIZ TOHUMLARI,nefret
Yer yarılır da inşallah bütün Çinli şerefsizler içine girer,nefret
"Kurtulus savasinda da böyleydi. Bazi seyler degismez. Cephe hep 3 fonksiyon esasinda kurulur. 
1. Gerideki düsman (Dün ermeni, bugün ypg)
2. Içerideki düsman (sözde barisçilar, herbokolog ve bozguncular)
3. Dis düsman (dün ingiliz destekli yunan+fransiz, bugün amerikan destekli) LINK",nefret
O çinli yavşak nerde hergün 20 tane ev geziyoruz adımız bohçacıya çıkacak,nefret
"Suriyeli cihatçı katiller akın akın geliyor, kendimiz aç kalıp doyursak yetmez, adamlar s*kmek isteyecek..
SK",nefret
"Bu ateist saçmaligina verilen bir destek:

Senin yasam sekline saldiran birileri varken, onlari kontrol altina almak gerekmez mi?

Biz de soralim:

Bu soruyu dindar biri neden soramiyor?

Sordugunda neden ortalik karisiyor?

Kimler kimleri neye göre kontrol altina alabilir? LINK",nefret
"#davamizinpesindeyiz #sanatçilardiyarbakira akit'e konusan kürt siyasetçiler ""kürt analar hdp pkk'yi 81 ilde kapatmaya hazirlaniyor""",nefret
"Ingiliz kasigi ile 
arap boku yiyenlere sesleniyorum.. 

Bu cografya 15 bin yil önce Türktü yine Türk kalacaktir sikiyorsa 
dene????????????????",nefret
"Ne basinda beyni var, ne yüzünde nuru,
Gördügü her beyaza serper kara çamuru,
Firsat bulsa kesmedik inançli bas birakmaz,
Sirp'tan Rum'dan beterdir  tahsili Türk gavuru.
-Abdurrahim Karakoç  
#DevletiminYanindayim yoltv yalani LGBT",nefret
"Suriyelileri bile salmaya çalışıyorlar universiteliye

Suriyeli adam olsaydı da ülkesine sahip çıksaydı.
#burasiTürkiye
#AsagiBakmayacagiz",nefret
yseyfullah6 helal olsun vallaha amq Suriyeliler görsün vatanimiz nasil korunuyor ögrensinler,nefret
siyahbeyaz.seda herkes her boku yiyor . yilbasi gelince Müslüman oluyorlar. Birakin bu isleri,nefret
"Dünyayi sömüren, müslüman insanlari çoluk çocuk demeden katleden hiristiyan dünyasinin dini lideri Papa, baris elçisi ayagina Iraka geliyor, bizim Irak'li müslümanlar, hani bayraginda ALLAHÜ EKBER yazan gafiller neredeyse amuda kalkarak papazi saksakliyorlar!. LINK",nefret
Daha silah tutmayi bilmeyip tek bir atisla silikonlu dudaklari ve dislerinin dagilacagini anlamayan ama Türk öldürmeyi hayal eden ermeni kasari kombini ???? LINK,nefret
Bunlar Kürt degil abla bunlar ermeni dölü,nefret
Arap degilmissin irkina soktugum.,nefret
Suriyeli yapmadıysa başka bir şey bilmiyorum aq https://t.co/udVXn5ySFQ,nefret
İki ŞEYTAN Bİ ARADA. Şiiler tarihleri boyunca hiristiyan ve yahudilere köpeklik yapmışlar. Buda bir kanıtı https://t.co/sKtalGlzQO,nefret
"ARAP SEVICILIGINI ANLAMAK MUMKUN DEGIL!

II. Abdülhamid, 1900'de Sam'i Medine ve Mekke'ye baglayan bir demiryolu çalismasi baslatti. Ancak 1. Dünya Savasi sirasinda Osmanlilara karsi baslatilan Arap Isyani sirasinda (1916-18) Arabistanli Lawrence demiryolunu patlatti. LINK",nefret
"...en net soru sudur.

Neden hala yahve ye hizmet eden ingiliz güdümünde ki ermeni ajani pkk uzantisi hdp her dönem Meclisimizde ve apo iti hala nasil yasiyor?",nefret
"#KumpasTescillendi
#Soylu 
Yıllardır yöre halkına kepenk kapattıran hdp’nin, şimdi kendi kepenkleri kapalı.
Maskeniz düştü.
Ermeni soyları, kürtlere en büyük zararı siz verdiniz.
“Kürt düşmanı hdp” https://t.co/OqacmZq1de",nefret
“Başlarım sizin kürdistan davanıza” “banane ben oğlumu istiyorum banane kürtçe mi söyleyeyim türkçemi arapça mı banane ? “ “bizde kürtüz türkiyede yaşıyoruz bunlar kimin hakkını kimden koruyor?” “ bunlar kürt değil bunlar müslüman değil bunlar gavur” #AnnelerDireniyor https://t.co/VgJVRL69ms,nefret
BU OROSPU ÇOCUGU KESIN SURIYELI,nefret
türk oldugunu iddia edip atatürk'ü sevmeyenler var. yunan falanlar mi acaba? aciniz var koçum anliyorum dedelerinize yüzmeyi biz ögrettik bilmiyorsan gel sana da ögretelim.,nefret
"İmamoğlu ne kadar saf, Düşünmemiş çocuklarını hdp pkk ya kaptıran ANNELERİ , bu ingiliz oyunu TÜRKİYE DİKKAT ET .",nefret
bir delikanli da çikip demiyor ki ülkemde kürt suriyeli ermeni yahudi arap istemiyorum.,nefret
"Yol sorduğum insana kadar herkes suriyeli çıkıyor,yemin ediyorum örümcek ağı gibi kapladınız ülkeyi",nefret
"#DevletiminYanımdayım klavye karşısında üflemekle devletin yanında olunmaz.
Devletimizin toprakları 2004 yılından günümüze kadar 18 ada yüzlerce kayalık YUNAN işgalinde ...eppetlerrrr https://t.co/YdTJuaipA6",nefret
Sağım solum önüm arkam suriyeli!!,nefret
Benim şanlı bayrağımın yanına it bayrağı koymuş sonra ülkemde katil zohnoyot istomoyorom diyor yav bı sg yahudi ülkene https://t.co/LhHiQZEqDN,nefret
Hakki Pekin beynin hasara ugramasi lazim diyor bize pkknin beyni Öcalan'i aldik noldu pkk bittimi hayir pkknin beyni cia mossad Londra Washington ofisleri içimizde kriptolu aktörleridir kandili pkknin tepesinde yahudi vardir bop vardir  #tarafsizbölge,nefret
"Sayfamdaki ermeni sevdalilari, Türke dusman olanlara arka cikanlar lütfen sayfami terk edin. Ermenilerle Türkler arasindaki sorun Ermenistan ana yasasinda Türkiyeyle ilgili yazilan asagilayici sözler cikarildikdan ve Türkiyenin toprak bütünlüyü tanindikdan sonra cözülecek.",nefret
o zaman niye suriyeli çalıştırana teşvik ve mülteci entegrasyonu için okul yapıyorsunuz. gönderin gitsin tiksindik artık görmek istemiyoruz suriyeli mülteci,nefret
"AKP biterse Türkiye biter Erdoğan giderse Rum Yahudi köpekleri beklenede sızın gibi beyinsiz ler anlayamaz
#TheEndAKP",nefret
Ya amına soktuğumun suriyelileri Fatih in bütün türklerini yediniz mi Türk yok herkes Suriyeli,nefret
"Kibrisli milletdaslarimiz ne kadar kolay bir sekilde Türk halkina yapilan zulümleri,katliamlari görmezden geliyor. 
Siz 2-3 tweetle baris naralari atarken devlete kafa tutmaya devam ederken, Rumlar da, Türk düsmanlari da keyifli bir sekilde sizi izliyorlar. #AhKibrisim LINK",nefret
"#SevgiliSelahattinDemirtaş
Seni sevenleride senden olanlarında öyle bir seveceğiz ki tarihe geçeceksiniz sevilirken. Sikilmiş deliktaş. Ermeni bozması kansızlar sizi. Kahpeler. Aha bende şuç işleyorum topnuzun soysuzluğuna sıçayım. Topunuz 50 gr etmezsiniz.",nefret
Suriyeli bir piç çıkıp ülkemizin en zeki çocuklarının okuduğu okulu bombalamaktan bahsediyor.. Ve bu kansız vatansız şerefsiz bu ülkede hala sokakta elini kolunu sallayarak geziyor... #MuhammedNurTutuklansın,nefret
"İrevanda Iğdır'da göçe zorlanmış 1915 yılları İğdırın Tuzluca ilçesinin alhanlı ( uluhanlı) köyü kurucularından olan Hurşit,namı diğer erkek Hurşit. ermeni zulmüne kendi ve arkadaşlarıyla katılıp mücadele vererek halkı korumuştur.🇹🇷🇦🇿devamı.... https://t.co/sd9DnpQwRb",nefret
"Dünyayi sömüren, müslümanlari çoluk çocuk demeden katleden hiristiyan dünyasi degilmis gibi, baristan, dostluktan söz etmesi ne kadar iki yüzlü olduklarinin en açik göstergesi. LINK",nefret
"#Kürt’ler çok geçte olsa #PKK ile aralarına mesafe koymaya ya da koydukları mesafeyi gür bir sesle dile getirmeye başladılar.
Keşke çok daha önce, çok daha gür bir ses ile tavır alabilselerdi. 
#AnnelerDireniyor 
#SanatçılarDiyarbakıra https://t.co/ITF2muriSy",nefret
Bu Suriyeli serefsizi neden almiyor. Polis çok merak ediyorum LINK,nefret
"Canan Kaftanciogluna yaklasik 10 yil hapis cezasi verildi, ses yine ne kadar ermeni yahudi ateist putperest müptezel varsa onlardan çikti ! 

Canani savunanlarin alayi pkk sevicilerdir ! 

Bu kadinin Türkiye ile, chp ile zaten bir alakasi yoktu ! 

Neyse hapiste helal et yer ??",nefret
"LINK
BRAV SAYIN BAKANIM AHMAK RUMA TARIHI CEVAP VERDI.??????????",nefret
"Eski Türkiye=  3/4 su
Yeni Türkiye=  3/4 suriyeli",nefret
"#kürtler nemutlu müslümanim diyene
Kahrolsun kürt kiligina girmiş ermeni dölleri",nefret
"Ermeni vampir gibi kanimizi içecek;
Bir ateskesle acimiz mi geçecek?
Bu rüzgâri ekenler, firtinayi biçecek!
Ozan Arif diyorki yaydan çikti ok artik
Ya Karabag Ya Ölüm!
Baska yol yok artik!

| Ozan ÂRIF / 1992

#Qarabag
#AzerbaycanSeninleyiz

?????????? LINK",nefret
"Teröristler
Türk Düsmanlari
Vatan Hainleri
Ermeni Usaklari
Fettos Ib.leri
Asalak Yaratiklar

ACI ÇEKEN ANALARA ÇOCUKLARINI VERIN",nefret
Türkiyede yasayan erkekler cidden tuaflar üzgünüm ama gavur dedikleri erkekler bunlara bin basiyo 🤭,nefret
"Aydinlanma diyerek kamufle edecegine direk kafirlesme de herkes anlasin herkes senin gibi gavur usagi olmak zorundami biz hep aydindik ""aydinlanma""kiliseden kurtulma batinin sorunu karistirma mal LINK",nefret
Biz türk topraginda türke yan gözle bakan bizi alt etmeye çalisan suriyeli görmek istemiyoruz onlarin burada kalmasina izin verenler ülkeye ihanet içerisinde olunmasina sebep oluyor #suriyeliistemiyoruz #uelkemdesuriyeliistemiyorum,nefret
Bu yahudi oglu yahudinin herseyine #exxenboykot,nefret
Fenerbahçe şike yapmamıştır diyenin karakter olarak ırk olarak Ermeni Şükrü Saracoğlundan farkı yoktur Burası Türkiye burada adalet yok Balık baştan kokarmış,nefret
Sarı kız valla senin bir hesabın vardı takip ettin sonra o hesap gitti bir süre sonra bunla geldin bu insanlarla tartışacak enerjiyi nereden buluyorsunuz anlamıyorum ama ermeni kudurtmaya devam 😁,nefret
Kahpeler yahudi Ermeni Uşakları https://t.co/RpGSGnhSSE,nefret
"#Atmaca!
Dosta güven, düşmana korku, endişe, kaygı ve belirsizlik.
Özellikle Türkiye’ye düşmanlık yapan ve Rafael’lerle, Meteorlarla, Tip 214 denizaltılarla ve yeni nesil fırkateynlerle üstünlük taslamaya çalışan Yunan’a.
Büyük başarı.
Kutlu olsun. https://t.co/vhjaezDmgo",nefret
"#Sustunuz
Billur Kalkavan
İstiklal Caddesi'nde
Nihat Genç
#AnalarDireniyor
#FileninSultanları
Mardin'in Ömerli
#HandeErçel

İçine Dert olsun canan ! 

#CananKaftancioglu 
Kızarmış Domuz yenmi Yunan artığı ! https://t.co/KhfQWWn4UQ",nefret
"Türk düşmanlığı yaparak İslamcı olamazsın. Gâvur olursun.
 
#AndımızİçinAntİçtik",nefret
Arap götü yalamaktan yegdir. LINK,nefret
"93 yıldır kurdukları kahpe saltanat yıkıldı diyemi kuduruyor rum,yahudi ve,chp, hdp ,gibileri.🇹🇷🇹🇷🇹🇷🇹🇷🇹🇷🇹🇷",nefret
Arda dogacak oglunu sünnet ettirme. Topluma örnek ol. Sünnet Islam'a aykiridir. Aptal bir Yahudi gelenegidir. Allah insani ,nefret
"Televizyoncu ve gazeteci Martin Smith, gazeteci Cemal Kaşıkçı cinayetiyle ilgili konuşan Suudi Arabistan Veliaht Prensi Muhammed bin Selman’ın ""Tüm sorumluğu alıyorum çünkü benim sorumluluğum altında oldu arap sevicilere atfolunur sevin bakalım bu zalimlemleri zalimin zulmu varsa",nefret
"Bu saatten sonra Beyoğlu'nda bir bok olmaz. O kadar ÖSO mensubunu, hırsızı, tacizcisini, hak hukuk bilmeyen Arap ve Suriyelisini doldurmadan önce düşünecektiniz. https://t.co/aj0aYeV6zV",nefret
Üstün olmak için Türk olmak kâfidir... Üstünlüğünü arap'ın çölü'nde arayanlara duyurulur...,nefret
"Budur.
Astım, nezle karışımı bir hastalığı, insan eliyle laboratuvar ortamında üretip, virüs yaptılar.
Acaba, dünyayı yönetip, soyan yahudi, hırsız caniler, dünyanın yönetimini kaybetmemek için her puştluğu sergilediklerine, terör, savaş, kanlı, kirli işler çevirdiğine göre? https://t.co/o17lZEKA3I",nefret
"HDP ye destek veren,onlara kucak açan, magdurmus gibi gösteren herkes ama herkes, bu ülkenin basina bela, birer yahudi tohumudur.
Ya bismillahsiz gelmistir dünyaya,ya haram ile büyümüstür..
 LINK",nefret
"Devleti ebed müddet! ey icinizde ki Ermeniler, Rumlar yada herneyseniz basaramayacaksiniz #DevletiminYanindayim",nefret
"ERDOGAN giderse;
Fransizlar Libya'yi
Yunanlilar Akdenizi
Rumlar Kibris'i
Ermeniler Karabag'i
PKK'lar Güneyimizi
Fetöcüler tüm TÜRKIYE'yi Isgal eder...
#DevletiminYanindayim",nefret
cb suriyeli kardeşlerimiz diyor! bunlar ne ara bizim kardeşimiz oluyor. ben asla kabullenmiyorum. kendisi nüfusuna alıp kardeş olarak kabul etmeli bence. zaten fazlasıyla saraya para giriyor. üstelik 74.500 tl ile maaş rekoru kırıyor. suriyeliler ancak benim köpeğim olabilir.,nefret
Senin anani avradini sikiyim orospu çocugu Arap ati seni,nefret
yazilimci+jordan peterson hayrani+ benim iqum su kadarr+ feminist asagilama+karl marx bir budaladirrr!= modern musluman/hristiyan sik kirigi,nefret
yahudi yamakları #PKKExecutesCivilians,nefret
"""Komünist, vicdanini Yahudi Marx'a satmis vatansiz serseri demektir..""

Atsiz LINK",nefret
sultanlarımız muhteşem! bir de türk kadın hakem kazandırsak da dünya yiğit işini hakkıyla yapan bir kadın görse. #fileninsultanlari,nefret
Soyadi kanunuyla kendilerine Türk kimligi verilen Ermeni ve Yahudi soysuzlarinin tamami CHP'de siyaset yapiyor. Bir kismi HDP içerisinde siyaset yapiyor. Isimler müslüman lakin bunlarin ne Türklük ne Müslümanlikla alakalari yok. Kemalist dikta tarafindan ülkemize birakilmis bomba,nefret
"GECE FELSEFESİ
Bugün doğduğum şehir Manisa'nın düşman işgalinden kurtuluşunun yıl dönümü. 08-09-1922 günü bizi Yunan ve Ermeni işgalinden kurtaranlara ve çarpışmalarda şehit düşen halka ve Türk askerine rahmet dilerim. Allah geçmiştekine benzer işgal günlerini tekrar yaşatmasın.. https://t.co/7NwZQkQxzV",nefret
"Memleketi öyle bi batakliga soktular ki, ya zam geliyor yada Suriyeli geliyor..

Allah yar ve yardimcimiz olsun..!!",nefret
 yayibiha Lan orospu zihniyet... Senenin gibi dedikoducu KALTAKLAR sayesinde bu toplumun bazi bireyleri cok yazik denecek hallere geldi. Sen kalktin arkadaslarinla yaptigin laf salatalari yetmedi geldin bir de burada bizim Türkiye'mizi temsil etmis adamin namusuna mi lafa cakiyonnn. Sana çakmislar belli tabirde.,nefret
buna gecen gecmış bu ıslamdan gecse ne olur  bunların efendılerı  yahudı tasmasıyla dolaşıyor  zaten https://t.co/dRnYLBCsbh,nefret
yine korona olmasaydı hayatım daha farklı bir yerde olabilirdi farkındalığı yaşıyorum çok sinirliyim en kısa zamanda allahtan belanı bulursun umarım çinli kahpe,nefret
Binlerce Müslüman Anadolu Halkını astılar bu gavur uşakları. Allah'ın laneti bu keferelerin ve İslâm düşmanı putperest tapkanların üzerine olsun.. https://t.co/kpRPFAUhlX https://t.co/GOAKYLKB1e,nefret
"anasını siktiler o istanbulun, aksaray'da Türk yok hep suriyeli, esenler, bağcılar esenyurt da aynı. https://t.co/I6MVO3EHKh",nefret
Sen niye benle ugrasiyorsun  asimile köle ateist ?? LINK,nefret
"#SON #DAKİKA.ARTIK BU ZİHİYETSİZLİĞE DUR DEME ZAMANIDIR.kızlarımız Çocuklarımız tehlike altındalar duyarsız kalmayalım.yüce Türk Milleti.🇹🇷🌎🇹🇷

Suriyeli 10 sığınmacının Denizli’nin Kale ilçesindeki 14 yaşındaki N.D. isimli kız çocuğuna tecavüz ettiği iddia edildi.
polis 🚔🌎🔥 https://t.co/I2QeRZhPIy",nefret
"Ermeni teröristlerinin katlettiği Hocalılı 5 yaşlı bir kızcığazın mezarı. 
Ailesini de kaybeden çocuğun isimsiz mezarı https://t.co/WdCCkyOJRo",nefret
Bu Araplar neden kokuyor ya?! Arap kokusu diye bir sey var leees.,nefret
Bazen aklima geliyor da soruyorum kendi kendime acaba Osmanli'nin son dönemlerinde gayrimüslim vatandaslarimiz kötü olaylara karismasaydi da Hiristiyan ya da Rum Ermeni Yahudi komsularimiz olsa nasil olurdu diye. Çünkü Anadolu'nun her yerinde,nefret
"#ahaberkapatılsın diyenler!
Yahudi kanalı Fox'u yada 
küçük israil kanalı halk'ı izleyebilir.
Tam size göre, yalan dolan iftira ne ararsan bulursunuz..",nefret
"Arabayi satisa çikartmistim almaya biri geldi eleman Iranli çikti. Muhabbet ediyoruz Istanbulda heryer Suriyeli doldu, rahat rahat gezemiyoruz bir de pisler ahlaksizlar diyor adam Iranli ????",nefret
devlete seri katil diyen cumhurbaskanina küfür eden 15 temmuz'da darbecileri destekleyen ermeni soykirimi vardir diye tweetler atan pkk'lilara açiktan destek veren canan kaftancioglu 9 yil 8 ay 20 gün hapis. mesele çok net devlet ile yataga girilmez canan..??,nefret
"Papa Francis, Irakta Arapları,  Kürtleri, Azınlık Hiristiyanları ziyaret etmesini biliyor, fakat soykırıma uğrayan, sürülen, eziyet edilen, Irak toprakların asli sahiplerinden Türkmenleri hiçe sayıyor.

Ortadoğu ya felaket bulaştıran Hiristiyan Aleminin Papa Ziyaretinin amacı ne? https://t.co/ei3ZXVwJ0o",nefret
#nibas bunu yapanlar kesin yahudi yada ermeni olmali benim ülkemin rizkini yiyip vebal aliyorlar. Milleti soymak hosunuzami gidiyor,nefret
"Basta FETO, Yunan, Bati, PKK, HDP ve diger terör ve zararli gruplarin bu olaylari zevk ve sehvetle takip ettigini ve fonladigini asla aklinizdan çikarmayin.

#BogaziciUniversity
#AsagiyaBakmayacagiz 
#DevletiminYanimdayim 
#Polisiminyanindayim LINK",nefret
"LINK
  10 Kasim günü imzalanan anlasma ile Hankendi ve civarinin ermeni isgaline, geri kalan Daglik Karabag bölgesinde de Rus baris gücüne izin verilirken bu iki devletin is birligi gözler önüne serildi. 

Ermenistan, insaat isçisi adi altinda Hankedi sehrine LINK",nefret
"Bunlar bir sivil toplum örgütü değil.
 PİÇ Rum kanı taşıyor bu ahlaksızlar.
Rumlara Toprak verelim diyen zatın adamlarıdır başaramayacaklar.
 Türkiye cumhuriyeti'ne faşist katil diye slogan atılıyorsa bunlara Türk demek Türklere hakarettir. 
Biz iki devlet tek milletiz. Saygılar https://t.co/sLJDzCnAxh",nefret
açliktan nefesimiz kokuyor tavuk dürüm yemekten gina geldi baskan çikmis suriyeli vatan hainlerine 150 m2 bahçeli ev yapalim diyor asgari ücret 2020 tl baskan halk perisan agalik yapma zamani mi simdi.,nefret
"Ben görmedim duymadım 100 yıldır arab yarım adasında batıya domalmaktan dik duran suud arab
“Dik duran bir Arap, ruhunu Batıya satmış olan 50 Türk’e bedeldir” https://t.co/s2vgGDWyWk",nefret
Yemiyorsaniz gargara yapın. Türkiye'de senin gibi yöneticiler yüzünden futbol bitti. Taraftar ayristi. Milleti birbirine düşman ettiniz sizin yaptığınızı gavur yapmadi be ahlaksız herif https://t.co/J8y2Kg73Gq,nefret
"Kürt ve Türk kardeştir fakat 
Ezana vatana bayrağa saygılı askeri ve polisi sever ekmek yediği vatanına ihanet etmez
Ederse ancak DÜŞMANIMDIR
""Bunlar Kürt"" değil ermeni kırması o çocuklarıdır
#AnnelerDireniyor
#CocuklarımızıGeriVerHDPKK
@RTErdogan
@suleymansoylu
@HDPgenelmerkezi https://t.co/Ho5G1Srhpc",nefret
"UNUTMA????
Emperyalist'lerin,
Vatan hainleri'nin,
Kapitalist'lerin,
Din tüccarlari'nin,
Pedofili'lerin,
Arap sevdali'larin ortak düsmani'dir ATATÜRK ve Istiklâl Savasi kahramanlarimiz.!

Bas egmedik edâniye ikbâl-ü câh için Maziye,irka,sancagadir iftiharimiz..
Hüseyin Nihâl Atsiz.! LINK",nefret
30 kurani kerimin ayetleri için neden safsata demistir...? 31 sabetay sevi denilen kisiye neden hayranlik beslemistir...? 32 nerede sarhosken yahudi oldugunu agzindan kaçirmistir.? 33 1928'de devletin dini islamdir ibaresi neden çikartmistir.? #annelerledireniyoruz,nefret
Dirar piçi siktir git bu takimdan yenilip duruyoruz aminakodumun çingenesi allah canimi alsada ölmüslerine kadar siksem orospunun evladini,nefret
türkiye'de kendisine ülkücüyüm diyenler asla arap sevici ümmetçilerdir. şu an mhp kadroları bunlar tarafından ele geçirilmiş durumdalar. gerçek hiç bir ülkücü mhp'ye oy vermez.,nefret
Megri megriyi agzindan düsürmeyen Yunan döllemeleri iyi ve chp nin hdp ile ittifakini konusmayacak sagir ve dilsiz olacak kadar alçaktirlar,nefret
acumunlubtk Az bile yapmis seda tam bir robokop bu polemiklerde sanki reklam reklam kokuyor. Hiç isimiz kalmadi birbirlerine laf sokuslarini izliyoruz amaç ne bilrmedim bütün kanaldaki dedikoducular sanki anlasmis reyting için bir çaba içine girmis.sedasida sereni de hakan burali bile içlerine çekmisler. Çok saçma ve sikici bir hafta oldu.allahim kitap okuyalim biz kitap. Bizi okumak kurtaracak.,nefret
"Ankara’dayım, vakit geçirmek için Kızılay’da bir internet cafeye geldim arkamda 3 tane suriyeli fortnite oynuyor ama iç savaş sesleri çıkarıyolar bu nası info vermek allahu ekber amk",nefret
Ermeni sidigi ?? LINK,nefret
"Devlet artik Ermeni, Yahudi ve Rum vs azinliklari Türk gösterme siyasetinden vazgeçmelidir..

Onlar Türkleri açik açik bilirken, Türkleri onlari Türk bilip oyunlarina düsmeden kurtarmalidir..",nefret
Sıkıntı yok  5 milyon suriyeli var boşamı besleniyor onlar? https://t.co/fhB11vh4Bk,nefret
"Kurtuluş Savaşı’nda önemli rol oynayan Efelerin Türk Bağımsızlık savaşındaki rolü başlar.

Aydın savunması, Türk Kurtuluş savaşı'nın en erken aşamalarında yunan işgalinin ilk dalgasına karşı gerçekleştirilmiştir. başlarında Yörük Ali'nin bulunduğu Efelerin 27 haziran 1919 günü",nefret
Kimi görsem Suriyeli ben Türkiyede mi yasiyorum Suriyede mi ayirt edemiyorum artik,nefret
Camide kucagina suriyeli kadin düsen imamla kapisir ???????? LINK,nefret
Artik arap bi manita dudukleyip parayi bulmanin zamani geldi..,nefret
"Arabayı satışa çıkartmıştım almaya biri geldi eleman İranlı çıktı. Muhabbet ediyoruz “İstanbul’da heryer Suriyeli doldu, rahat rahat gezemiyoruz bir de pisler ahlaksızlar” diyor adam İranlı 😂😂",nefret
Bu terörist serefsiz hemde suriyeli elini kolunu sallaya gezerken siz yere bakmadi diye slogan bile atmayan gençleri aliyorsunuz bu dünyada hesap vermeyebilirsiniz ama öte tarafta hesabiniz çok fena olacak @USER LINK,nefret
"Kilis’te Suriyeli nüfusu Türk nüfusunu geçmiş, vatan elden gidiyor geçmiş olsun arkadaşlar",nefret
"Mutlu günlerinde , kötü günlerinde arkadaslarimin yaninda olamiyorum..  Allah cezani versin piç çinli!",nefret
Zaten bu memleket yillardir ne aci çektiyse  hep ermeni dölleri ve savununucularindan çekmistir. LINK,nefret
"Fetö'cü pkk li Vatan hainleri
Bir bir aklanir'ken 
Islama ve Müslüman olmayan
Yahudi terörist iL Baskani
Istemiyor Mugla
Hainlerden dost olmaz
Unutmayiniz
@USER 
@USER
@USER 
#
LINK
 #KabeyiSavunanFisleniyor LINK",nefret
"Türk'ün varligini,birligini savunmak
arap seviciliginden daha onurlu bir davranistir.. #varolsunTürkirki??????",nefret
"Asala bitti peşinden pkk hortladı bu tesadüfmü, tabiki hayır, kürt coğrafyasında ben ermeniyim dese kim takılırdı peşlerine, bunlar ermeni olmasa, eşikteki beşikteki KÜRT bebeleri katledemezlerdi, kısaca bunlar kürtlüğü paravan olarak kullanan ERMENİLERDİR#BirAnneBirDevrimDoğurur https://t.co/vVv499nbvt",nefret
"Galatasaray hocasinin yaptigi hersey dogru diger hocalar yunan tohomu dimi nevzat
Ne oldu fenerbahce caninimi acitti
#SporAjansi",nefret
Hele su rum dönmelerine bak. LINK,nefret
"Hocali da Akan kan Müslüman Kan'iydi  sustunuz, 
Zaten Siz Ya Ermeni, Ya Fransiz yada Rus'tunuz...!????",nefret
3 kimliginde mustafa yazmaz... kamal atatürk yazar... mustafa ismini neden red etmistir... kemal yerine neden kamal yazdirmistir...? 4 cenazesinde neden yahudi masonik nizam töreni yapilmistir...? 5 anitkabir'i yapan mimar neden yahudidir...? #annelerledireniyoruz,nefret
"Türk nesli geçtiğimiz yüzyılda bir çok kez budandı: Ermeni soykırımında, Yunan işgalinde çetelerce, Sarıkamış'da, Çanakkale'de,sağ-sol çatışması görünümlü amerikan iç savaşında, dağa çıkarılarak pkk adı altında Kürt gençlerinin hedef haline getirilmesi ile,#BirKezOlsunTepkiKoyun.",nefret
"Suriyeli (sözde sığınmacı) istilacıların  mafyası, örgütü, cihadçısından sonra başımıza bu da çıktı!  FETÖ yalanıyla Türk vatandaşlarını kandırmaya başlamışlar. Sürekli tekrar ettiğim üzere  devletin bekâsı meselesi bu!  #SuriyelilerSuriyeye https://t.co/ib5460JoQq",nefret
Bu kahpeler sahibi arap diye dedim hem kötü hem Dünya daki en pahalı intenet veriliyor #türktelekom,nefret
karadenizi işğal eden ruslar ve rumlar geri cekilirken arkada bıraktıkları gayri meşru çocukları ya imam ya hoca yada böyle siyasetçi oldular aslında hepsi islam kimlikli türk  düşmanı rumlardır https://t.co/JxcoMYNpXB,nefret
Bu galatasaray ın yaptığı şey gibi değilmi ya Türk yemeklerine konmaya çalışan yunan çaresizliği #ÜçlüBeşiktaşınÜçünBiriGsnin,nefret
aynur2030Çirkin sey seni bayrampasali dislek itici bir çocuk göçmenin götü kalkmis indirirler insallah tipsiz seni??????,nefret
"15 Temmuz da diger darbelerden farkli degil, iki Kemalist iktidar odagi arasindaki çekismeden gene Müslüman çogunluk ve Kürtler dayak yemistir.
Bu sefer kripto Müslüman-Yahudiler tasfiye olmus, yerine gayri Kürt (kripto Ermeni, Rum, Gürcü, Türkçü vd) unsurlar iktidar olmustur.",nefret
"Siyaset münâfiklarini kahreyle Rabbim !.. 
Türküm deyip, Arap gibi Ermeni gibi Yahudi gibi davrananlari da kahreyle Rabbim!..
Riyakârlari perisan eyle ?????????????
#DoguTürkistan #Türk #Seref #Namus #Türkiye #Adalet #Zulüm #soykirim #iskence #Uygur",nefret
Suriyeli bir vatandasin evinde Internet hatti gitmis. Bunun için 112 yi aramislar. Ve olay yerine gittik. Diyeceklerim bu kadar.,nefret
alper pirşeni tayyip erdoğanın verdiği ayar çok bozmuş yahudi tohumu https://t.co/Fvxd883Vrd,nefret
"#OneMinute Biz Türk halki bi konuyu begenmedik mi hep öyle deriz ""Bi dakkaaaa orda dur bakalim"". Iste Reis de öyle dedi ""One minute one minute"" yani orda bi dur bakalim yahudi usagu siz anasinin kucagindaki çocuklari bile öldürmeyi iyi bilirsiniz dediiiii iste hersey degisti...",nefret
"Bu ülkeyi Türk olmayanlar yönetiyor!! Anlayın artık...yahudi,Ermeni ve Rum kanlılar... https://t.co/WOPkgyDQfA",nefret
"İngiliz kaşığı ile 
arap boku yiyenlere sesleniyorum.. 

Bu coğrafya 15 bin yıl önce Türktü yine Türk kalacaktır sıkıyorsa 
dene👊🏾👊🏾👊🏾🇹🇷",nefret
"Bu suriyeli siginmacilar çok oluyor artik benim vatanim, da bunu yapamaz defolsunlar vatanlarina ?? LINK",nefret
"#OneMinute
Kardes devlet yine gündeme gelmis em sevdigim yenek firinda yahudi",nefret
"Hala arap götü kolladigimiza asla inanamiyorum.
Yahu senin en büyük metropolünde insanlarin kaçacak, canini kurtaracak bir yeri yok. Her yeri imara açmissin, avm yapmissin. Ama hala ""güvenli bölge için amerika bizi oyalamasin"" diyebiliyorsun. Pes #deprem",nefret
"Türkiye de sanırım Türk yok 🤔, batıya yalanan Ermeni picleri , rumlar persler kürtler ve araplar ; kadro bu :D
📌 Ek bilgi : Türkler aslında müslüman yunanların araplaşmaya yakınken pers olmuş halidir ( kesin bilgi yayalım lütfen) #BahceliBastacimizdir https://t.co/uRr7yf0pgM",nefret
Ulan suriyeliler için din kardeşi deniliyormuş ben hiç camiye namaza gelen suriyeli görmedim 🤥,nefret
"Yillardir Kürt'ü, Türk'e düsman ettiler. 
Fakat Basaramadilar. 
Pkk Ermeni ve Inançsizdir, Kürtler ise müslüman ve inançlidir
Kürt'lerle Anadolu'da 1000 yildir kardesiz  
bugünse gözümüzü diyarbakira çevirmeli ve Ana'larin feryadlarina odaklanmaliyiz...

#BirKezOlsunTepkiKoyun LINK",nefret
"Yine garip rüyalar görmeye başladım. Gece boyunca rüyamda hastanede arap terör örgütüne rehin verilip, bununla mücadele ediyordum. Her uyanıp uyuduğumda rüya kaldığı yerden devam ediyordu. Bilinçaltı diyorum ama bunun ne olarak bilinçaltını yapmış olabilirim bilemiyorum. 🙄",nefret
Irakta büyük oyun var devamı dünya sinemalarında oynayacak ırak halkida bu filmle avunacak ne hiristiyan seviciler varmış ırakta bilememişik tipki bizdeki ermeni Yahudi sevicileri gibi yani hain heryerde var,nefret
"Budur.
Dünyanın yönetimini kaybetmemek için yahudi hırsız canilerin bir puştluğu olmasın bu salgın?
Sonuçta, TÜRKİYE'Yİ ve DÜNYAYI yönetip, soyan yahudi hırsız caniler ve ülkelerin işbirlikçileridir.
Ülkeleri yönetenlerin soyuna bakın, sonuca varın.
Anlayanlara günaydın. https://t.co/rhFlgiM0cS",nefret
"Bu suriyeliler de ne bir vatan sevgisi ne bir millet olma bilinci vardir. Bunlar sürü halinde yasar ve ölürler, kültürleri kabile devletine uygundur. Ek olarak arap kültürü dominanttir türk kültürüne.",nefret
"2- Neden  Kafkas Türkleri  Ermeniler tarafından öldürülüyorken   Azerbaycan'a olan desteğimizi  eleştirip  Tarafsızlık  ilkesiyle  ARABULUCU  ülke olmayılız diyerek açıklamalar yaptınız ?  

Özellikle  Mağlesef Cihadist Gurupları gönderdik diyerek  Ermeni Propagandası yaptınız ?",nefret
"Teröristler kürtler degil.
Teröristlerde türk de var laz'da var
Ingiliz'de var ermeni de var
Kisacasi dinsizler.
Kürtlere terörist diyenler kin nefretle bakanlar biz kürdüz biz çanakkkale sehidinin torunlariyiz bize terörist diyenler teröristtir...",nefret
"Hdp Kürt partisi değil,
Terör partisidir https://t.co/wblGjNXkOJ",nefret
Dinsiz imansız pkk ermeni dölleri en güzzel açıklama https://t.co/0QGP8MnYxL,nefret
"Suriyeli IŞİD infazcısı mahkeme karşısında 
 #macaristan #ışid #infaz #mahkeme #ceza  
 https://t.co/At9xqPNkyq https://t.co/6jGj2BMRCv",nefret
"Türkiye F.bahçeyi hak etmiyor kardeşim. Şu pislik ligi bırakıp nerede olursa olsun gidip mücadele verelim. Ülkem dediğim yerde gördüğüm bu muamele zoruma gidiyor. Elin gavuru bundan beterini yapsa zoruma gitmez. Gavur, gavurluk yaptı derim. Bunlarınkine ne denir bilemiyorum. https://t.co/VS1h2ie5El",nefret
SENI BU TAKIMDAN GÖNDERECEGIZ AMINA KODUGUMUN ARAP PIÇI SENIN SARI SAÇLARINDAN TUTUP TÜM AILE BIREYLERININ GÖZÜ ÖNÜNDE PARÇA PINÇIK SIKMEK ISTIYORUM SENIN HAYAT DAMARLARININ AKISINI SIKIYIM BIRAZ ONURUN GURURUN VARSA BU TAKIMDAN SIKTIR GIT SENI ORTAKÖYDE KUMPIRCI AÇMAKTAN ALIKOYAN NE SEN FUTBOLCU DEGILSIN YALVARIRIM SIKTIR GIT BEYLER BEGENIN ÜSTTE KALSIN SU OROSPY EVLADINI BIR TANE BILE FENERBAHÇE TARAFTARININ ISTEMEDIGINI ANLASIN ARTIK AMK NE YAPALIM LAN NE YAPALIM ASALIM MI SENI AMK ÖOCUGU YETER ÇILDIRDPM AMK,nefret
Yüz yıldır ecdadına düşman Yahudi ve Hristiyana dost bir nesil yetişti. Buna sebep olanlar içimizdeki gavurun dostlarıdır. Bunların kim ve kimler olduğu ergeç açığa çıkacaktır.,nefret
#BenceEnflasyon suriyeli gebeşler giderse düşer. Ülkeyi batırdılar.,nefret
Adiyaman evliyalar diyaridir hiç bi zaman ermeni isbirlikçilerine gönül vermedi burada bi kepazelik var @USER LINK,nefret
Turgutlu'muz  29 Mayis 1919den  7 Eylül 1922ye kadar Yunan isgali altinda kalmistir.Ilçedeki yanginlarin ardindan 7 Eylül 1922de Turgutlu düsman isgalinden kurtarilmistir. Memleketin her karisinda emegi olan Aziz sehitlerimizi rahmet ve minnetle aniyorum... LINK,nefret
"atatürk öldügünde, bir gazeteci shakespeare'e sormus: ""william, neden bu büyük adam hakkinda bir oyun yazmadin?"" 
shakespeare demis ki, ""çünkü ben hipna & serefsiz bir ingiliz'im, türkleri kiskaniyorum biz böyle bir lider çikaramadik diye."" LINK",nefret
"YUNAN ISGALINDEN SONRA MANISA'NIN HIÇ GÖRÜLMEMIS FOTOGRAFLARI
LINK
.
.
#manisa #isgal #yangin #özelhaber LINK",nefret
"Bu adi köpek ermeni tohumu için bir el atalim..
   @USER 
@USER LINK",nefret
Bir bok bogazli Çinli yüzünden neler geldi basimiza vallahi YETER,nefret
ilk defa suriyeli dedikleri doğru çıktı. Gerçi bu orospu çocukları bidon da sikiyor... https://t.co/1DknTc8ToK,nefret
küffara karsi kutuplasamayan müslüman imanini gözden geçirsin. kamalizm küffarin ta kendisidir.,nefret
"Suriyeli hekim
Suriyeli ögretmen
Suriyeli polis
Suriyeli yargiç
...
istemiyoruz.
#SuriyelilerSuriyeye",nefret
mirzagndg Görgüsüz Abaza bu Abazaligi yüzünden futbol hayatini tepeden baktigi Türkiyede devam ettiriyordu simdi soytari gibi düsmüs meydanlara ayip yahu ulan bir futbolcuyu da adam gibi yaptigi isle magazinde görsek berkay da az milletin karisini kovalamadi o da dikkat etsin artik çalarsan milletin kapisini bir gün seninde kapini çalarlar,nefret
"Elin Suriyeli bedevisi fikirlerini en asagilik sekilde ifade edip aramizda geziyor ama bu ülkenin gençleri polisler tarafindan darp ediliyor.
Kanima dokunuyor bu adaletsizlik.
#MuhammedNurTutuklansin",nefret
"Arap dölü suriyelilere 40 milyer dölaeerrr harcayacagina su sehre bi toplanma merkezi yaptirsaydin ya ulan. 6'nin üstünde gerçeklesse milletin mezar tasi rezidanslar, binalar olacak.

#deprem LINK",nefret
"Balikesirde Suriyeli Açikgöz sahte dolarlarla ceviz fidani almaya kalkarken yakalandi.

Allah Suriyelilere Türkiyeye getirenlerden binlerce razi olsun Çünkü onlar dolandiriciliga da basladi

 LINK LINK ve LINK da  Okuyun LINK",nefret
Onlar Recep Tayyip Erdogan Düsmanlari Tepki Koymazlar Reis Gitsinde Isterse Ülke Batsin Içimizdeki Yunan Artiklari Hükümeti Yikmak Için Hersey Yaparlar Ama Iki Mazlum Annelerin ve Babalarin Yaninda olmazlar Sözde Aydinlar Vatan Hainleri Bunlar. #BirKezOlsunTepkiKoyun,nefret
"Yirmi yildir bu ülkede siyasi iktidarlar deprem hususunda bir arpa boyu yol almadigi gibi, ülkemizi soyup sogana ceviren Türk Telekomun peskes çekildigi arap basta olmak üzere bütün kan emici GSM operatörleri de sinifta kalmistir. LINK",nefret
Suriyeliler konusunda El Muhaberat kazığı burda .Tehlikenin boyutları bu tweette. Suriyeli kardeşleriniz ülke için beladan başka bir şey getirmeyecek .100 milyar dolar gitti böyle giderse bi 100 milyar dolar daha gider.Belkide ülke... https://t.co/ZOx1AihSnj,nefret
24aleynaa@USER damla simdi güzelce sikiliyor bütün Türkiye sessinde rahatsiz,nefret
Kaçirilan çocuk aileleri çogalmasi lazim korkmayin devlet arkanizdadir çocuklarinizi o ermeni kirmalarinda isteyin LINK,nefret
"#MuhammedNurTutuklansın Suriyeli genç hepsini öldürelim bomba atalım demiş, sizin tek yaptığınız iş öldürmek , insan olun biraz, bu milletin ekmeğini yediniz #AşağıyaBakmayacağız 
#AşağıyaBakmayacağız 
#AşağıyaBakmayacağız",nefret
Suriyeli ac kopek bizim paramizla ac karnini doyurup unv bomba atacakmis pice bak #MuhammedNurTutuklansin,nefret
Bu Suriyeli it benim ülkemin tertemiz çocuklarını bombalamayı istiyormuş #MuhammedNurTutuklansın https://t.co/fLvqCjfyvM,nefret
Ulan bütün is güç kaldi bu lanet Arap firmasi operatör tatarundan. Hesap yapmadan isyerinden ayriliyorum. Ucuz etin yahnisi oldu Avea isi. Saatlerdir operatör hizmet veremiyor bunu nasil telefi edecekler çok merak ediyorum.,nefret
"Ülkenin aydinlik gençlerinin gördügü muameleye karsilik bu pis, isid zihniyetli ve muhtemelen Suriyeli insan artigi benim ülkemde istedigi gibi eylem yapip yine ülkemin gençlerini tehdit edebiliyor ve buna göz yumanlar kendilerini hala Türk olarak görebiliyor!! LINK",nefret
"senin ben rol ve acıtasyon kasarken titreyen ses tellerine sokim arap melezi orospu evladı seni.
eminim sen kızını üniversiteye göndermemek için 13 yaşına geldiğinde sübyancı sapık yavşağın biriyle evlendiriyosundur?? ve senin kızın henüz “çocuk” yaşında ve sıfatındayken++ https://t.co/rUW6XHa97M",nefret
"Abdülhamit'i bir sekilde yalan ve ihanetle devirdiler kalanini ingiliz ve yahudilerle anlasip halki devireceklerdi olmadi hesap
Anadoludan döndü 
 Simdi daha tehlikeli oyuna girdiler
80 yildir ortaklari ile yikamadiklari
Anadoluyu 40 yildir pkk üzerinden bölmeye Çalisiyorlar LINK",nefret
 lyla_dmrpon ya sen Türkçeyi konus gel ilk önce o kadar laf zaten girmis sana ??????,nefret
"Bu PKK denilen kahpe evlatlari, yahudi dölleri, vatansizlar, kansizlar suçu günahı olmayan bebekleri, insanlari öldürürler.
#PKKExecutesCivilians",nefret
5 EYLÜL SALIHLININ YUNAN ISGALINDEN KURTULUSU LINK @USER araciligiyla,nefret
"Saraydaki Diktatörün kollayıp,güdümündeki ve Saray’ın kuvayi milliye ilan ettiği çocuk kafası kesen,tecavüzcü müslüman çeteleri toplu toplu hızla etkisiz hale,şekle sokuluyorlar.Suriye,Rusya’dan sonra ABD savaş uçaklarıda ÖSO çetelerini bombalıyorlar. https://t.co/Ok0PFNRAQ5",nefret
Randevu alip hastaneye gidiyorum suriyeli benden önce giriyor ya kafayi yiycem,nefret
Yahudi kansızlar#KahrolsunPkk,nefret
"▪️""Ermeniler 'Voma' adında yeni bir terör örgütü kurdu. Bu örgütün Karabağ savaşında da aktif olduğunu görüyoruz. Örgüte, bir casus olan Ermeni asıllı Rus vatandaşı Vova Vartanov başkanlık ediyor.""

- Doç. Dr. Savaş Eğilmez / ASİMED Başkanı

#Türkiye
#Azerbaycan 
#Ermenistan",nefret
Yokmu Alevi sikmek isteyen LINK,nefret
"Immmmh
Babacigim bir tanecik kizini senin gibi bi Arap itine 4.es olarak verseydi cennete gidecekti diii mi? LINK",nefret
galatasaray'a acilen atanmali. fransiz usaklari... yahudi torunlari... #uefatoprotectffp,nefret
#AilemdenUzakDur türk milleti kendi kültürü ve inanciyla cinayetleri her geçen gün sifir'a dogru götürürken yeminli türk düsmani haçli yahudi çetesi ve içerdeki piyonlari fetö ve chdpkk pervin buldan eliyle meclisten bu melanet bir gece yarisi geçirildi ve cinayetler tavan yapti! LINK,nefret
"süleyman soylu ,Tayip erdogan,Devlet bahçeli'nin adını duyunca zoruna gidiyor,kuduruyorsan türklüğünden şüphe duy . Kanına ermeni tohumu karışmıştır😉 🤘🏻♥️🇹🇷💡",nefret
arap yağı çok bulunca gerisini siz anladınız,nefret
#5Eylül eylülleri severim Yunani denize döktügümüz Egeyi ve ülkeyi temizledigimiz aydir eylül,nefret
"Saygi Karakolu (Süleyman Sah) ile Hatay arasindaki tek fark biri digerinden daha küçük bir vatan topragi! Esek adasi ile Gökçeada arasindaki fark gibi.
Biri terör örgütü isgali altinda, digeri ise Yunan isgali altinda.",nefret
"Kadınlardan daha büyük tehlike yok. Bölüp yönetemez, sindiremez. Türk, Kürt, Ermeni, Rum, Yahudi, zengin fakir, genç yaşlı, okumuş okumamış, çalışan çalışmayan, köylü kentli, hiç fark etmiyor. Çünkü bu feminist isyan.",nefret
Ses ver Türkiye bakin hdpkkli es baskanin oglu maldivlerde tatilde garibim kürdün çocuda kandilde marada haydin kürt Türk sorunu Yoktur iste bu ermeni çocuklari es baskanlar ülkemizin basina beladir LINK,nefret
"gentiles yahudi olmayanlar gözlerinde ruhu olmayan hayvanlardir. ""yahudi ruh"" tanri enkarnesidir. her yahudi etten bir ""tanri"" dir.",nefret
"Budur.
TÜRKİYE'DE GERÇEK GÜNDEM : AŞ-İŞ-HUZUR!
TÜRKİYE TÜRKLERİNDİR!
TÜRKİYE TÜRKLEŞMELİDİR!
TÜRKİYE'Yİ TÜRKLER YÖNETMELİDİR
Not: Çoğu rus asıllı yahudi, hristiyan hain hırsızlar, arsız yamyamlar sonlarının geldiğini, vatansız kalacaklarını, hesap vereceklerini görüp, korkuyorlar https://t.co/KY5AtPXcvw",nefret
kürt erkeği bazen kadın için birbirini öldürürler iftiıra ederler,nefret
"Rahmetli
?Erbakan Hocam..
Kulaklarimda..
?Siyaset yapmayan Müslüman'i
?Siyaset yapan Yahudi yönetir..
Sözlerinle çinliyor....
Onun için...
??Erdogan ile..
Durmak yok yola devam yoruz...",nefret
"Sayin cumhurbaskanim iyi güzel konusuyorsunda neden? Çindeki Müslüman Türkten,Karabagdaki 
Müslüman Türkten bahsetmiyorsun 
 Nedir senin bu arap seviciligin.",nefret
"ngn63@USER Sorun görüntüsü degil, Türk filmlerindeki pavyona gelmis adanali pamuk tüccari gibi davranislari??",nefret
devlete seri katil diyen cumhurbaşkanına küfür eden 15 temmuz'da darbecileri destekleyen ermeni soykırımı vardır diye tweetler atan pkk'lılara açıktan destek veren canan kaftancıoğlu 9 yıl 8 ay 20 gün hapis. mesele çok net devlet ile yatağa girilmez canan..??,nefret
Ispanya 1400lerde yaptigi temizlik sayesinde yüzbinlerce konversden (dönme yahudi) kurtuldu ama olan onlari kabul eden osmanliya oldu. Yüzyillar içinde güç sahibi olan bu müslüman görünümlü yahudiler osmanlinin sonunu getirdi. LINK #UEFAyaSelamSÖYLEYIN,nefret
"Rum tohumları!!!
Maksat Cuma namazına gidilmesin.
Alçaklar!!! https://t.co/Wx2V29Ftnx",nefret
Ermeni piclerin dislerinden ite tasma yapmalik hava...,nefret
marixbymaria@USER kocasina yetemeyen bir arap :) canim aldatildin herhalde yoksa bu kadar kadinlari kötülemezsin bak senin yerinde olsam o bok gibi zihniyetini degistirirdim yallah simdi go to ajshjashai,nefret
Bülent Orakoglu 35. Madde gitti diyor harp dairesi KAZIM KARABEKIR misyonunda adami Ermeni den asagi görürler.,nefret
"Adama demezler mi;
 ""Lan ermeni dölleri çöp vergilerini ne yaptiniz?""",nefret
alevi ve sünni çekişmesi ilk hazreti ali efendimizin şehit edilmesinden sonra büyük ivme kazanmıştır. esas çekişme peygamberin vefatı sonrası imamet konusunda çıktı abdullah bin sebe yahudisi konusu sünnilerin götünden element uydurma hadisesidir.,nefret
Büyük toplar gocuyomus insallah Türkiye den uzaga dir,nefret
Ermeni bir teröristin saygi gormesi ilginç vaka  #SevgiliSelahattinDemirtas????????,nefret
"ya kürt bir aileden evlatlik alindiysam? Allah'im nolur kürt arap ermeni yunan hariç nolur.
wallah kürt çikarsam o dövlete diyecek iki çift lafim var.",nefret
esma.gny.sygn Edepsizler ordusu velev ki kadin baskasiyla evli bu kocasi berkay olunca mi pismanlik duyuyor hadi bunu geçelim kendisi ne bok acaba karni burnunda karisi Yok mu bunun yiyin birbirinizi de kurtarin herkesi he sey de var berkay da bir zamanlar Canerin karisini ayartmisti eee çalma kapiyi çalarlar kapini. Ne ekersen onu biçersin. Etme bulma dünyasi daha ne varsa ondan iste,nefret
özerklik ya da federasyon kürt kardeşlerimizin söylemi olamaz lgbti'ye değil annelere destek,nefret
Ronaldo gittin çingene kizi birini aldin çocuklara bak amk Suriyeli gibiler ya LINK,nefret
"Suriyeli ile esit yaratildigini düsünenler,çikacak bir savasta onlar gibi kaçacak olanlardir.
Hattâ bu yaziyi okuduklarinda, yok canim ne kaçmasi diyecek olanlardir. 
Diyelim kaçmayacaksin, ama onlar kaçti.
Nasil esitsiniz? LINK",nefret
"#SevgiliSelahattinDemirtas
Seni sevenleride senden olanlarinda öyle bir sevecegiz ki tarihe geçeceksiniz sevilirken. Sikilmis deliktas. Ermeni bozmasi kansizlar sizi. Kahpeler. Aha bende suç isleyorum topnuzun soysuzluguna siçayim. Topunuz 50 gr etmezsiniz.",nefret
Biri su haticeye gözünu sevim album yapsin televizyona cikarsin bizde kurtulalim oda kurtulsun sadece vucudunu desifre edio güzel degilsiniz hatta yuzunuz asiri korkunc popo ve ve bu dans korkunc unutma sen FIDAYDA HATICESIN ONA GORE DAVRAN ????????????,nefret
sevda9265@USER türkiyedeki adalet tecavüz edilen çocuklara degil Gülben gibi seda gibi orospulara adalet çalisir paranin oldugu yerde namus seref yoktur hepsi paranin kölesi olmustur.,nefret
müslüman olmayanlarla vakit geçirmek istemiyorum igrençler demisti...,nefret
Alevi oldugunu her firsatta dile getirip kendini rakiya biraya vermek mi hele de bu ayda? ciddili komiksiniz,nefret
Bu oyuna dur demek lazim yeter okadar transferler ve sezon yeni baslamis yaptıklarına bakin bide üstelik 1905 te nihat ozdemir 1905 kere sana sokmasını bilir bu camia bekle sana uyku verirsek senin gibi ermeni tohumu olsun nihat ozdemir,nefret
#kürt Leri arkasına alan ermeni yahudi pkk piçlerini destekleyen sempati duyan ne kadar kürt varsa O.... Çocugu piçtir.,nefret
iste istedikleri gelecek kindar nesil (!) 21.yy da anlamini bilmedikleri arapça metinleri ortodoks yahudi dua teknigiyle sallana sallana ezberleyen beyni bünyesini terketmis mankurt islamci veletler,nefret
"Papa makamının varlığı ve amacı tüm dünyayı hiristiyan birliği çatısı altına almaktır. Irak ziyareti Ortadoğudan tüm dünyaya mesajdır anlayana. Haçlı zihniyetinin artıklarının Ortadoğuda ki hedefi, böl, parçala yoket modeli iken tabloya bakınca hedef neresi olduğu bellidir.?.",nefret
Canan kaftancioglu CHP'nin içine yerlestirilmis ermeni kripto'dur..,nefret
"Suriyeli fuhuş çetesi Iraklı kızı kaçırdı, derdi Türk polisine düştü https://t.co/cm8gQtw2sO @gunhaber aracılığıyla",nefret
"Kim bu asalak, ahlaksiz, hirsiz, sinsi,sapkin, soyubozuk serefsizler?
TÜRK olmayan, müslüman geçinen, çogu rus (laz, çerkez, gürcü, ermeni), rum, yahudi, arap,...asilli haçli, haham hain hirsizlar, sinsi kriptolar!
Ahlaksiz yönetenler için AHLAKSIZ YÖNETIM, bir yönetim seklidir. LINK",nefret
"Hiristiyan askerler, camilerimizi bombalarken, neden engel olmadiniz?

-Hiristiyan askerler minarelerimizi kursunlarken, Papalik ne yapiyordu?

-Hiristiyanlar adina, Irak'tan özür diler misiniz?

Böyle Irakliyi, böyle Müslümani Papa takar mi!",nefret
"Bazen düsünüyorum tarih kitaplari yalan mi yaziyor, Anadolunun kapilarini açan biz miydik,Bizansi yikan bir çagi degistiren biz miydik, Kurtulus savasini baslatan,Yunani denize döken biz miydik?Türk milleti ne zaman bu denli umarsiz oldu,birlik beraberlik rüya oldu #susamam ???????",nefret
"Yakılan ormanlara ,İşkence edilen sokak hayvanlarına ,Memleketimi dolduran suriyeli insanlara ,Sabah kalktığımzda haberdar olduğumuz zamlara ,Tahrip edilen tarihi miraslarımıza ,İNSANLIKtan çıkmış gibi bu olan biteni doğal karşılayışımıza ... #BirKezOlsunTepkiKoyun",nefret
"Yahudi hiç bir zaman bize karşı dürüst olmadı
halbuki hakkı bilen bir millet olarak onlara kimsenin yapmadığını yaptık https://t.co/UsmNo0R9Ev",nefret
Yahudi canana hapis karari çikmis darisi hain ermeni imamogluna ??,nefret
"Artık bu kurnazlıkları yok nevruz veya Newroz fark etmez miş t*rk ve Kurd bayramıymış,
Newroz Kurd bayramı, bi kere t*rk yok ki bayram olsun.
neyin başına t*rk koyulmuşsa bilinki
Ya Kurd den Rum dan ya da başka bir milletten çalmışlar çapları üretmeye yetmiyor yırtınmalar bundan https://t.co/Lj8MbHnIAb",nefret
"chp ülkedeki en büyük beka ve terör sorunudur,toplumu her türlü algiyla,yalanla,sahtekarlikla,eseklestirip semer vuran bu ingiliz tabelasi,terör ve teröristin logitik,kalekoludur,ülke bu tabeladan 1980 de kurtulmustu,yeniden hayat verenlere lanet olsun.... LINK",nefret
"Trabzon sokaklari araplarla dolu Katar'da arap kalmamis diyorlar hafta sonu birde tinerciler oraya akin ederlerse hafta sonu olacaklara bak sen. Maçimiz var
Trabzonspor Besiktas",nefret
"Türk düsmanlari Yunan mitolojisinin adalet tanriçasi Themisin adaleti anca bu kadar
Adaletine muhtaciz ya ÖMER 
#ADALET",nefret
"Yunan mesajı doğru anladı, Türkiye'nin çizdiği sınırı aşmaya cesaret edemedi! https://t.co/b9aVAjco8b https://t.co/dcftuROreh",nefret
doğru senin gibi nonoşlara giriyor zayen sana girenin hadı var hesabı yok piç ermeni dölü https://t.co/ap6W7tTc64,nefret
"senin iddia ettiğin şey tamamen yalan ve yanlış. sdg toplama bir terör örgütüdür ve inde saydıklarının tamamı hristiyan'dır ve özellikle fransa tarafından toplanmış bir örgüttür... arapların ypg tarafından işgal edilen bölgeye ""işgal değil haklarını arıyorlar"" kisvesi içindir",nefret
Ülkece kurtulus savasina giriyoruz gazamiz mübarek olsun Amerikan Ingiliz israil yahudi döllerini ülkemizden gönderecegiz  #AsagiBakmayacagiz,nefret
Yahudi sahibinin Türkiye için iyi seyler düsündügünümü saniyorsunuz çok safsiniz#YalanciFOXTV,nefret
Anan sikeyim piç evladi seni getrin ananin amana tüm Türkye ayagni soksun orospu cocuqu siktr git takmn anansin siktin piçin dölü,nefret
acaba filistinliler kime ihanet etti? abdülhamit'in yalnizligi yazimiz #abdulhamit #abdulhamithan #payitahtabduelhamid #israil #filistin #yahudi #theodorherzl #filistinyalanlari #israel,nefret
"Güney Kıbrıs Rum Kesimi'nde camilere yönelik saldırılara bir yenisi daha eklendi. Limasol kentinde caminin duvarına haç sembolleri çizildi ve Türkler ölümle tehdit edildi..AVRUPA HRİSTİYAN TERÖRİTLERİ DESTEKLİYOR
Camiye haç çizip ""Türklere ölüm"" yazdılar https://t.co/ZbTZNUo90n",nefret
"#DevletiminYanindayim 
Ne @USER 
Ne @USER 
Ne ab ne yunan ne bilmem ne bela
Biz hepimiz Turkiye'nin yanindayiz. LINK",nefret
"NtV su anki haberlerinde esenyurt, ta iki grup arasinda kavga çikti en az 20 kisi birbirine girdi diyor, bu grup suriyeli pislikler diyemiyor yaziklar olsun haberciliginize.",nefret
"Yahudi, Rum, asrap, kurmasi, Türk düsmani kisilerin Türk tarihinden bahsetmeleri zaten algi operasyonu. ?? ?? LINK",nefret
Düsünün bir ülke var adi  Türkiye ama yöneticilerin alayi Türk düsmani arap yahudi ermeni devsirmesi milletinde ise çit yok,nefret
"Eğer bir müslümana bütün haçlı,yahudi,emperyalist ve içimizdeki artıkları saldırıyorsa bilinki o doğru yoldadır.",nefret
"KANI BOZUK, KANSIZLARIN,
EMPERYALISTLERIN,
SIYONISTLERIN,
BÖLÜCÜLERIN,
FETÖCÜLERIN,
BIZANS ARTIKLARININ,
ERMENI TASNAKLARIN,
RUM BOZUNTULARININ,
ISLAM ILE KAVGALI ZIHNIYETIN,
ISLAM ILE KAVGALI ZIHNIYETLE ITTIFAK EDEN ZILLET ITTIFAKININ INADINA
BASKAN
#ErdoganinYanindayiz LINK",nefret
"60 yildir Abd'ye çok açik ajanlik yapan, amerikan çikarlari için ülkemin her türlü gelismesinin önüne set çeken Fetö teröristleri ve Abd'nin kara güçleri PKK ölüm mangalarina destek veren, Ermeni Diasporasinin uzantisi fasist, Lgbt'ci Sorosun çocuklari,ülkemi germeyi sürdürüyor. LINK",nefret
izmir marsindan gocunan yunan artiklari ingiliz tohumlari iyi ezberleyin izmir'in daglarinda çiçekler açar. yasa mustafa kemal pasa yasa! #9eylül,nefret
Bir müslüman da hırsızlık yapmasa ya.. https://t.co/oG7Qco96p4,nefret
"Bende henüz öldürülememiş, hayatta olan pkk lılar için üzülüyor ve buraya yazıyorum.. Tez vakitte cehennemin dibine inşAllah israil-ermeni-abd tohumları.. 🤲
@yildarado https://t.co/tIhRr1ZMFz",nefret
Çaldiklari sampiyonluklarimiz yetmedi. Çaldiklari besteler yetmedi. Artik üçlüye sardilar. Fransiz saniyorduk yunan çiktilar. Her seyi çaliyorlar. #aglamaartikgalatasaray LINK,nefret
"ŞEREFSİZLİK YAPMAYIN!..
#dolar Amerikan parası değil mi? Amerika gavur ve düşman değil mi? Biz Türk ve Müslüman değil miyiz? Amerikan gavurunun parasıyla bizim ne ilgimiz olabilir ki! Bizim ekonomimizle, piyasalarımızla, Merkez Bankamızla doların ne ilgisi olabilir ki!..",nefret
Ya sen Kürt’sün Kürt  yoga senin neyine git halay  çek,nefret
"Theresienstadt Aile Kampi 1943 vs Dogu Türkistan 2015

Bu kamp, Nazi Almanyasi tarafindan Yahudi mahkumlar için kuruldu.

Burada çekilen propaganda filmleriyle uluslararasi kamuoyunu kandiran Almanlar, perde arkasinda 20. yüzyilin en büyük soykirimlarindan birine imza attilar. LINK LINK",nefret
Arap kabileleri sadece ARAP İSLAMINI PARAVAN olarak kullanıyorlar. Gerisi yalan dolan talan.... https://t.co/iS0YmSwA7p,nefret
"Hala arap götü kolladığımıza asla inanamıyorum.
Yahu senin en büyük metropolünde insanların kaçacak, canını kurtaracak bir yeri yok. Her yeri imara açmışsın, avm yapmışsın. Ama hala ""güvenli bölge için amerika bizi oyalamasın"" diyebiliyorsun. Pes #deprem",nefret
"Ayçiçegi tarlalarina beton döküp toki yaparak, o evleri de suriyelilere hibe edersen gündemin ayçiçek yagi fiyati olur tabi. Simdi ne yapmayi düsünüyorsunuz, suriyeli yagi mi yapacaksiniz? Suriyeliler ayçiçeginden çabuk ürüyor sonuçta.",nefret
"(Talmud'da)Yahudilik der ki:
-Para islerinde yalan yemin edilir.
-Yahudi olmayanlar aldatilabilir.
-Yahudilik için günahlar mübahtir.
-Yahudi olmayanin mali çalinabilir.
-Yalan söylemek iyidir.
-Yahudi olmayanin isi elinden alinabilir.

#Tarih
#ÖtekiTarih",nefret
Gözler üzerimdeydi bir zamanlar sonra çinli kahpeler virüs yaydı. Aah ahh https://t.co/oPHuYpHIic,nefret
"Bir acayip haller olsa Dünya'ya. Mesela yarin sabah uyandigimizda Amerika kitasi yok olmus olsa, Avrupa'nin yerinde yeller esse, Ortadogu'da hiç Yahudi ve Avrasya'da hiç Rus kalmamis olsa. O zaman iste o zaman Islam cografyasindaki vatan, millet, ümmet hainlerinin hali nice olsa?",nefret
"suriyeli'leri maksimum bu kadar entegre edebilirsiniz.
Profesyonel bir dolandirici olacak kadar.
Daha fazlasini beklemeyin. LINK",nefret
"Gamsiz
Arap
Topçu degil
Disiplinsiz
Ne oynuyor
Böyle on numara mi olur?

Gittigi yere kadar senciyiz @USER LINK",nefret
"Sizi Rumlar katletti. Annenizi, babanızı, dayınızı,dedenizi öldürdüler. Yanınızda Türkiye olarak biz vardık. Geçmiş geçmişte kalmıştır derseniz eğer, adınız soyadınız Türkçe,para biriminiz TL, adınız bile Kuzey Kıbrıs TÜRK Cumhuriyeti. Nedir bu Rum sevdası? Çok kolay unutuyoruz.. https://t.co/m6eMHKJ6Ve",nefret
Konu Islam ve degerleri olunca hepsi saldiriyor. Ateist hristiyan yahudi hindu vs Müslüman bir digerleri bir millet #KabeyiSavunanFisleniyor,nefret
"Arap dünyası fitne fesat, Tam gaz.. İflah olmazsınız!... https://t.co/bnGEumRK6u",nefret
Muhsin başkanı suikastle şehit ettiğini itiraf ediyor aslında bu yahudi feto https://t.co/uU5zHUJ2lF,nefret
masonlar bugün rotaryenler lionslar satanistler illuminati gibi üst alt cemiyetlerle insanlığı bir avuç sapık yahudiye hizmetkar eder duruma getirmede büyük mesafe almışlardır. insanlık bu sapık yapılara karşı birleşmelidir.,nefret
"Biz yıllardır söylüyoruz ""Bunlar Kürt"" değil ermeni tohumu diye...",nefret
"Türk adi soyadi verilen,kripto ermeni ve yahudilerinin!Müslüman mahallesinde salyangoz satma girisiminin sonuncusuydu #28Subat  Bir yigit geldi @USER bu vatanin AS'illarinin ve müsveddesinin kim oldugunu tekrar hatirlatti. LINK",nefret
"Şu Suriyeli teröristleri içimize sokup(!) başımıza bela edenlerin Allah Belasını versin, tabii ki ""dışarıdan"" tam destek veren sahte Milliyetçilerin de!",nefret
Bunlarin amaci birlik olmus büyük Galatasaray taraftarini zedelemek baska bi amaçlari yok aq sanki Yunan takimiyiz sayin @USER a sesleniyorum Avrupada ülkemizi temsil edecekken ülkemizde moralimizin bozulmasini Istemiyoruz!!#nihatözdemiristifa,nefret
"""Stop Erdoğan""  Hiç bir ülke lideri hakkında Buna benzer bir ponoyu reklamı türkiyede yapamazsın.Abd ve benzeri ülkeler yapıyor.Bunun bir anlamı olmalı.Türkiye ya gücü yok ya tepkisiz kalıyor.Yoksa milletim adına konuşacak cüret nasıl gösterir gavur dölleri",nefret
"Olacak olanı ben söyleyim.Avrupa'da Alman'lara karşı tükenmemiş olan itilaf kuvvetleri Anadolu'yu tamamen işgal edip, Rum'larla Ermenilere, bütün Türkleri öldürtüp keyiflerine bakacaklardı. https://t.co/AhnurRSKaT",nefret
güvenli bölge olsun veya olmasin sinirlarimizdan içeriye bir tek suriyeli daha almayacaksiniz türkiye dingonun ahiri degil bizim atalarimiz kadiniyla çocuguyla savasti ne için? vatanima vatansizlar gelsin kara bulut gibi çöksünler diye mi #persembe,nefret
"Türkiye F.bahçeyi hak etmiyor kardesim. Su pislik ligi birakip nerede olursa olsun gidip mücadele verelim. Ülkem dedigim yerde gördügüm bu muamele zoruma gidiyor. Elin gavuru bundan beterini yapsa zoruma gitmez. Gavur, gavurluk yapti derim. Bunlarinkine ne denir bilemiyorum. LINK",nefret
soykırımcı esadçılar. ingiltere sermayeli arap ve yunan medyası. dün yere göğe sığdıramayıp seminer için arayıp bugün bize saldıran proje ocaklar. rok'un intikamı için fırsat kollayan küçük bir kaşıntı. kemalistler. fetö'cüler. demek ki işimizi iyi yapıyoruz!... #analizmerkezi,nefret
"Bogaziçi Üniversitesini bombalamakla tehdit eden, Isid artigi Suriyeli serefsiz o.ç.
#MuhammedNurTutuklansin",nefret
"Papa, Irak'ta Siilere sirinlik yapiyor. Abd'ye ""Büyük Seytan"" diyen Iran, papa'ya ne diyecek?
Hiristiyan Bati, nereye girmisse orada hala dumanlar ve agitlar yükseliyor.",nefret
"meslegim geregi fas dan misira, nijeryadan yemene hepsine gittim.
buradaki seriatçilari aileleri ile birlikte 3 ay göndereceksin nijerya müslüman bölgesine, dönüste alayi ateist olur.
islam bir virüsdür. müslüman ülkelere degil batili ülkelere giden virüslerin dinidir. LINK",nefret
"Osmanlı Devleti lav edildikten sonra bütün ünilerden Müslüman Profların yerine Selanik'ten getirilen Yahudi proflar getirildi,Gençlerimizin beynini yıkamaktan başka bir bok yapmadılar #KabeyiSavunanFişleniyor https://t.co/J6gfypirlH",nefret
Hastanedeyim önüm arkam sağım solum suriyeli,nefret
Yıllar sonra bi Taksime çıktım heryer arap lümpen dolmuş..nerde o eski istiklal. Bitirmedikeri yer kalmamış,nefret
nagihan.erdemgospodinov@USER ulan serefsiz ahlaksiz cahil. Kimin nereye gidecegine karar vermek sana mi kaldi? Allah MIDIn sen asagilik kari. Rüsvetçi hirsiz tecavüzcülere yalakalik edersin ama seni ilgilendirmeyen bir konu oldu mu da yilan dilini sokar insallah her delige,nefret
ayselifcglr Bu ülkede gencecik kizlar evleniyor 20yas fark var pis Müslümanlar gericiler iste hep bunlarda çikiyor bunlar sübyancilar diye bas bas bagiriyoruz....ama durum yönetmen ve bir oyuncu olunca aksi oluyor ..bir anne olarak çok üzüldüm sanki eroin esrar kafasi var adamda kizda da bir sey var iste yarin bugün seviyorum der yalanlar ne isin var be kizim...senin moruk gibi o adamla ....,nefret
"Alo buralar Arap istilasına uğramış. Türk kahvesi istedim el Arabi kahvesi geldi (@ Teras Cafe in İstanbul, Türkiye) https://t.co/AZ2CKCgcza",nefret
gavur dedikleri avrupa'da 25 çocuga 5 yil tecavüz edildigi ortaya çiksa yer yerinden oynardi bizim müslümanlarda tik yok...,nefret
Dalga geçiyor resmen kadın. Bu HDP li vekiller Ermeni ve yahudi. Duyarsizliklari bundan. E be kadın seninde evladım var. Seninde farklı şekilde ciğerin yanar. https://t.co/heeSeoqlbe,nefret
Beşiktaşın basina bu hukumet sayesinde rant saglayip para bulan sonradan gorme arap gelecegine kapatin klubu kepenklerini @Besiktas https://t.co/yZ6Ce51mIT,nefret
serefsiz namussuz yahudi usagi...,nefret
"Bogaziçi ünide rektörü konu edenleri, kaz daglarinda agaç diyenleri, sma hastaligi için ilaç diyenleri yine Türk Milletinin karsisinda gördük, pkk (hdp) ile ittifak kuranlar alayiniz serefsizsiniz namussuzsunuz, Türk kiligindaki ermeni yunan arap yahudi oldugunuzu iyi biliyoruz..",nefret
"Müslüman'im diyen birinin ,yahudi kanalıyla beslenmesi akla ziyan bir durum#YalancıFOXTV",nefret
Okudugum kitaptan bile suriyeli çikti LINK,nefret
"Ulan  ülkeniz hedefte hala Arap aşkı , Filistin mağdur edebiyatı ..Zerre beyniniz yok mu ulan sizin ..Açın tarih okuyun ...Araplar hain şerefsiz aşağılık bir toplumdur ..Nokta..",nefret
Sen niye benle uğraşıyorsun  asimile köle ateist 😂 https://t.co/79zWKkSFMa,nefret
 Suriyelisi dön suriye ye,nefret
Son Suriyeli yurdumdan gidene son badem bıyıklı andımızı okuyana son salyalı kuduz saray köpeği kısırlaştırılana kadar son soysuz kendini soylu sanan kadar bu mücadeleye devam,nefret
"Cengiz Mustafayev 26 Subat 1992de Ermenilerin Hocali'da yaptigi katliami dünyaya duyuran gazeteciydi. Hocali katliamini dünya kamuoyuna ulastiran Cengiz Mustafayev, katliamdan birkaç gün sonra Karabag bölgesinde Ermeni keskin nisancilar tarafindan sehit edildi. 
#HocaliSoykirimi LINK",nefret
"Hacire Ana ile basladi Feyziye Çetinkaya ana ile 
devam ediyor 

Haydi Kürt anneler;
Bu Ermeni döllerinin kökünü kurutmanin tam zamani.
Korkmayin devlet yaninizda. Çocuklarinizi bu soysuzlardan caniniz pahasina isteyin
#BirANNENINferyadi",nefret
"Erdoğan Gece Gündüz Dolaşıp Özellikle Yahudi Tefecileri İngiliz Metresi Şerefsiz Arabları Ülkeye Davet Ediyordu Yatırım İçin Bir Zamanlar 
#kırklarelivaliliğihaddinibil 
#SınırlarınıZorla 
#erolbulut
#Melihgökçek",nefret
"Yahu 60larin ortasindan 74'e kadar Kibris'ta Rumlar Türkler'i öldürdü. Tarih okumasi yapan arkadaslar! Bu katliamda Türk devleti ne yapti, neredeydi diye sormaz misiniz hiç? 
Yayilmaci olmayan, biz müdahale etmezsek bize de müdahale edilmeyecegini sanan politikamiz eskide kaldi.",nefret
"BIR MÜSLÜMAN IN ISLEYE BILECEGI EN BÜYÜK HATA,
GAVUR  VEYA USAGI BIR IDARECIDEN MERHAMET VE ADALET UMMASIDIR",nefret
Bu suriyeli siginmacilari kimler sürüyor piyasaya Türk milletinin karsisina önce gitsin kendi vatanini savunsun isidci pislik. ?? LINK,nefret
griballenfeksiyon  Merzifon eseginden Arap atina everilmis,nefret
"Türkler'in şefkat, merhametini gören üç binden fazla Frank'ın Müslüman olduğu rivayet ediliyor. Rumlar'ın hıyanetini ve Türkler'in insanlığını anlatan Haçlı yazar: ""Ey hıyanetten daha zalim olan merhamet!"" feryadıyla Türklerin şefkatle Hristiyanların dinini satın aldığını yazar.",nefret
YAHUDI SAPIKLIGI -2- - Dursen Özalemdar LINK @USER araciligiyla,nefret
Günaydın ☀️.. Gerçekten istemezdim bunu yapmayı #ÖzürDilerim ama İstanbul’a bu kadar çok Suriyeli yerleştirdiği için ben de #IBByeBoykot ediyorum !,nefret
"Kürt ve Türk kardestir fakat 
Ezana vatana bayraga saygili askeri ve polisi sever ekmek yedigi vatanina ihanet etmez
Ederse ancak DÜSMANIMDIR
""Bunlar Kürt"" degil ermeni kirmasi o çocuklaridir
#AnnelerDireniyor
#CocuklarimiziGeriVerHDPKK
@USER
@USER
@USER LINK",nefret
"""Bu lâfa gücenecek Yahudi varsa cümle âlem havra meydanının orta yerinde onun götünü siksin"" dese, normalleşmeye katkı yapmış ve bu tür tacizlerle yıldırılamayacağını anlatmış olurdu.
Bir noktada ""dur hele"" demek lâzım.
https://t.co/LYXvoZKr1r",nefret
bir kadin kendini satabilir. anlasilir bir durum. ya bir gazeteci ? ya bir gazete bir tv kendini nasil bu kadar ucuza satar? türkiye disinda bu kadar alçalmayi kendine yakistiran yayincilik sektörü yoktur. peki dünyada satilik ve hala görev basinda kaç cumhurbaskani vardir?,nefret
"Bogaziçi üniversitesi önündeki eylemlerin sadece bir rektör meselesi olmadigi bir kez daha kutsal mekanimiza kâbemize yapilan bu çirkin saldiriyla asikar olmustur bunlarin tek dertleri islamdir bunlar içimizdeki yahudi ermeni ve yunan kirintilaridir 
#KabeKutsalimizdir LINK",nefret
Sen ancak Ay Yıldızlı Bayrağımızın Direğini alırsın Pervin denen Ermeni tohumu https://t.co/OFW9W6WaB7,nefret
Sen ölmeye hakkettin arda bir Kürt sanciyanda kafa at sonun oglum olur amk,nefret
bozdagfatih @USER Senin yüzün boka benziyor dogru para avcisi mal kadin simdi hangisinin kucagina oturacaksin bakalim . Bu arada Okan senden ayrildigina çok memnun dur seytan süratli sürtük gel Rusya'ya kadin gör,nefret
"Bir de 360° dönen fırıldaklar var. Mesela en bombası yahudi bir profil. Yabancı ama bizi sıkı takip ediyor. Bakıyorsun Reis düşmanı, sonra kalkıyor Reisi savunuyor. Veya Trump giderken ona saydırıyor, sonra Biden geliyor bu sefer ona saydırmaya başlıyor.",nefret
"TÜRKİYENİN BAŞARISIZLIĞINA KİM SEVİNİR YUNAN SEVİNİR,ERMENİ SEVİNİR,YAHUDİ SEVİNİR İÇİMİZDEKİ GAVUR AŞIKLARI DA SEVİNİR",nefret
Kendi topraklarını savunmamış kaçmış gelmiş sünepe Suriyeli tweet atıyor Boğaziçi’ni bombalayın diye hoştttt kuduz..,nefret
"Markette bir çocugun aldigi esyalara parasi yetmedi. Türkçesi bir garipti. 'Ben veririm tamam.' dedim.
'Hayir almam.' dedi. 

Arkadaki bir beyfendi de al diye zorlayinca, 

""Ben Suriyeli degilim abi, ben Türkmenim almam."" dedi.

Kocaman bir tarihi özetledi ve gitti.",nefret
"LINK

29 yil önce Hocali'da Ermeni isgalcilerin vahsi katliaminda, 106si kadin, 63ü çocuk, 70i yasli olmak üzere hayatlarini kaybeden 613 Azeri kardesimizi rahmetle andik. 

Egitimci-yazar Sedat Serdaroglunun #HocaliKatliami ile ilgili söylesisi sizlerle...",nefret
#spk marsalldeki hirsizligi nedense görmek istemiyor spk.bu yahudi devsirmelere bir cezaniz olmayacakmis?güven kalmiyor kurumunuza,nefret
yahudi yaksaniz alkislanirsiniz bu ülkede LINK,nefret
2 aydir eskisehir’deydim. aile evine geldim dün. dogalgaz 452 lira gelmiş babam uyuyorum sanıyo su an içerde konuşuyolar duyuyorum yahudi mi yakiyor evde sabah ağzına sicicam bu fatura ne falan diyo napicam,nefret
#hilalkaplanyargilansin bunlarin hepsi yargilanmali yahudi ajanlar,nefret
sanatçı diye topluma yutturulanlar ya beyaz türk kripto yahudi ya da ermeni diasporasının içimize alevi ya da kurt diye gizlediği kripto ermenidir... bunları gezi olaylarından tanırız bunlar küfrün yasal teröristlerdir.,nefret
amik araplari,nefret
"Burda yoruma bakin ""Kürt militanlar "" diyorlar,ama biz PKK ya Ermeni ve Yahudi kurulusu diyoruz,bu kesinlikle bir Kürt ve Türk karsilasmasi degildir.bunu diyenler #serefsizdir . LINK",nefret
canan kaftancıoğlu yalan oldu gençliğin bak talan da oldu darısı tüm türk düşmanı ermeni sevicilerin başına.,nefret
"Bugün, 18 yaşındaki suriyeli eleman mesleki yeterlilik kursunda kuaförlük belgesini almış, devletten destekli dükkan açacakmış. Okulu bitirdiğimde bana bir lira yardım etmeyecek kendi devletim. Aldığım krediyi zorla isteyecek devletim. Türkiye'de; Türk'ten garibanı yok, Net!",nefret
#MuhammedNurTutuklansin elin yavsak suriyeli kendi topragini koruyamazken burda ahkam kesmesinin en büyük destekçisi bizi yönetenler degilmidir??,nefret
"Arapça : Allah
Farsça : Rab
Ingilizce : God
Fransizca : Dieu
Almanca : Gottheit
Bunlarin söylenmesinde hiçbir sakinca yok ama
Türkçe : TANRI dedigimiz zaman yanlis öylemi!..
Hadi oradan Arap seviciler, biz Türk'üz ve öyle kalacagiz.
Türkçe konusun.",nefret
allah'im sen küçük isleri büyük büyük isleri küçük yapmaya muktedirsin bu küçük isi öyle büyüt ki tüm ülkedeki anneler ayaga kalksin bu gavur ermeni münafik güruh silinsin gitsin amin amin allahümme amin,nefret
"Dünyada   iki  millet olma hakkiniz  vardir

1- TÜRK  sünni HANEFI  müslüman  karekter haya edep 

2- ingiliz amerikali bir  gavur olmak  yalancilik ve ahlaksizlik LINK",nefret
Biz Yunan takimi miyiz ? Açiklama saatine bak 19:05 yaziklar olsun resmen düsmaniz biz size diyolar @USER @USER @USER @USER,nefret
"??""Ermeniler 'Voma' adinda yeni bir terör örgütü kurdu. Bu örgütün Karabag savasinda da aktif oldugunu görüyoruz. Örgüte, bir casus olan Ermeni asilli Rus vatandasi Vova Vartanov baskanlik ediyor.""

- Doç. Dr. Savas Egilmez / ASIMED Baskani

#Türkiye
#Azerbaycan 
#Ermenistan",nefret
Yunan Gene Agliyor LINK,nefret
"Gavur zulüm yapiyor diye kinayan Müslüman,
senin sessizligin daha çok yakiyor zulmün atesini.

Kahrolsun demek disinda ne yapabiliyoruz. 
Kaç tane gavur mali için ambargo uyguluyoruz evimize. 

 #HeyDoguTürkistanlim",nefret
Turgutlu'muz  29 Mayıs 1919’den  7 Eylül 1922’ye kadar Yunan işgali altında kalmıştır.İlçedeki yangınların ardından 7 Eylül 1922’de Turgutlu düşman işgalinden kurtarılmıştır. Memleketin her karışında emeği olan Aziz şehitlerimizi rahmet ve minnetle anıyorum... https://t.co/NSm7raCQlf,nefret
"He istiyor.. Gelsenize.. Daha önce de gelenler oldu.. Gelmeden önce onlara bir uğra istersen.. İngiltere nin lafıyla götü kalkan ermeni lere, Yunana sor. Ingilizi sor, Fransızca sor.. Gel.. https://t.co/pC2Gnf9xVV",nefret
CHP  de atatürk cüler ayrıldı  meydan ermeni yahudi hırıstiyan yunan islam düşmanı vatan hainlerine kaldı,nefret
"Bu malum takimin zaten Suriyeli olan arap sevici taraftarlari artik KAHVE ye de mirra demeye baslar, demedi demeyin : )",nefret
Idlipte 34 sehit verdik bu konu hakkinda Cumhurbaskani bir mesaj yayinlamadi hadi onu geçtim hiç bir bakanda bir mesaj yayinlamadi. Konu #Türk olunca hepiniz sustunuz zaten  ya ermeni ya rum yada RUS'tunuz !,nefret
Yusuf kaplan çok net ve güzel bi şekilde özetliyor hakikatleri..güzel bi program oluyor @arslandidem ..ülkede şark meselesi var. Islami tarihten uzaklaştırmak ve müslümanları islamdan uzaklaştırmak işte ingiliz projesi tam da budur .nokta,nefret
"Sahada durduramadıkları GS'MIZI yine genlerinden gelen alışkanlıkla masa başında yahudi oyun ve tezgahlarıyla durdurmaya çalışanlar yine ulu orta havlıyor kendileri şike yapar aklanır küfreder limit aşar ceza almaz tam tersi GS'ceza alır tam kahpelik

#SökeSökeLiderGalatasaray https://t.co/0JSTH60tTW",nefret
5 milyon Suriyeli (ingiliz italyan alman giç farketmez) siktir edilip gönderilmeli. Gönderemeyenler sandikta gönderilir er ya da geç ??,nefret
Bu ülke Allah yolunda Vatani savunmak sehit olmak için Allah Allah diyerek  canini veren yigitler sayesinde kurtarildi simdikilerde diyanet kapatilsin diye yirtiniyo hani denize dökmüstük ?? Yunan tohumlari sizi #diyanetkapatilsin,nefret
hükümet diye devleti yikmaya çalisan terörist canan kurtarsin üzüldügün ermeni vatandaslarin yaradana siginiriz sizin gibi bölücü teröristlerden,nefret
Soyadı kanunuyla kendilerine Türk kimliği verilen Ermeni ve Yahudi soysuzlarinin tamamı CHP'de siyaset yapıyor. Bir kısmı HDP içerisinde siyaset yapıyor. İsimler müslüman lakin bunların ne Türklük ne Müslümanlıkla alakaları yok. Kemalist dikta tarafından ülkemize bırakılmış bomba,nefret
böyle bir lideri ve bu liderin temsil ettiği bir ülkeyi elbette ki hristiyan batı istemez ayrıca o batının içimizdeki temsilciler istemez. işte ak partinin iktidara geldiğinden beri içimizde koparılan fırtınalı olaylar bu liderin istenmeyişindendir.,nefret
biz müslümansak inandigimiz bir kutsal kitap varsa o kitapta kanunlar varsa biz neden hristiyan seriati olan demokrasi ile yönetiliyoruz? #deprem,nefret
Alevi olduğunu her fırsatta dile getirip kendini rakıya biraya vermek mi hele de bu ayda? ciddili komiksiniz,nefret
Zorunuzami gitti Yunan bozmasi LINK,nefret
Rum artigi bunlar Rum ?? LINK,nefret
tranvaya mı bindik dubaiye giden trene mi bindik belli degil full arap dolu bir de bağirmadan konuşsalar,nefret
"Suriyeli asakaklar Anneannenizden örnek al ,gidib destek olun sülükler. https://t.co/CRyjb0wx7b",nefret
tatlı tatlı coconutımı icerken haysiyetsiz bi suriyeli karsıma oturdu ve bundan hoslandım @Birisidt https://t.co/Ked8eJeeTi,nefret
"Konya'da kayıp olan 21 yaşındaki S.B.A'nın Suriyeli arap fuhuş çetesi tarafından kaçırıldığı ortaya çıktı..

Mazlummu demiştiler Suriyeliler için ?",nefret
Bu hocalar neden bu kadar zor soruyo sinav sorularini hayir biz de müslümaniz aq gavur falan mi saniyolar acaba bizi,nefret
Sizin gibi yobazlara inat kadınlar her zaman yanımızda yürüyecek her zaman Han’ımız olacak. Arap dölleri sizi... https://t.co/yu3ZjslVwp,nefret
"1922 - Türk Kurtuluş Savaşı: 
Kahraman Türk Ordusu, Yunan İşgali altındaki Balıkesir, Bilecik ve İnegöl'e girdi. Mezalim bitti",nefret
"Bir Arabistan, bir Irandir gidiyor! Bunlara Yunan dölü veya gavur dölü diyen büyüklerim hakliymis yahu..! Ananemin en baba kizginlik lafi mesela. ?? LINK",nefret
yan eve suriyeli taşınmış bıktım artık suriyelilerden #suriyelileristemiyoruz,nefret
"Kimse komplo teorisi demesin.
suriyeli'ler gelmeden önce böyle olaylar yoktu.
Bu cahil dinci güruh büyü için, kedilerimizin bacaklarini kesiyor. LINK",nefret
"Yunan mesaji dogru anladi, Türkiye'nin çizdigi siniri asmaya cesaret edemedi! LINK LINK",nefret
ALLAH onlarin belasini verecek yerle yeksan olacaklar ancak çözüm o. Aç gözlü vicdansiz yahudi kilikli yaratik bunlar. LINK,nefret
bunlar da trenin son vagonlarına yetişenler görüntüde kemalistiz antiemperyalistiz ümmetiz kürt türk nasyonalistiz ifadesiz ruhsuz soysuz maskeler gerçekte kalpsiz globalist ibneler #susamam #annelerdireniyor,nefret
"Budur.
Aslında, bizi yönetip, soyan, TÜRK, İNSAN ve Müslüman olmayan, çoğu rus (laz, çerkez, gürcü, ermeni) asıllı yahudi, hristiyan hain hırsızlar, sinsi kriptolar, arsız yamyamlar, ahlaksız sapkınlar, dine inanmadıklarını, dinin olmadığını kanıtlıyorlar da, salaklar anlasa! https://t.co/b4Cqc2UFBR",nefret
aaslannalii iyi olmus bizde çok üzüldük yeter be sedadan kina geldi bu orospudan kurtursan,nefret
"#ErdoğanınYanındayız 
Boğaziçililer: ''Vazgeçmiyoruz, istifa istiyoruz''
1927den kalma,yahudi,rum,ermeni kriptolu torunların, maaşları acilen kesilmelidir... https://t.co/t9GgEc4xbj",nefret
"Yerli olmayan  gizli Ermeni Rum donmelerine Sabatayistlere karşı
#ErdoganınYanındayım",nefret
Yahudi kibri diye birsey gerçekten varmis LINK,nefret
Birden sekerler düstü amk araplari seker bile alamiyorlar dedim depremin bende yan etkisi arap önyargimin bitmesi.,nefret
"ülkenin kurucu Cumhurbaşkanı ULU ÖNDER Mustafa Kemal Atatürk’e hakaret ve küfür eden, aşağılayan fatih tezcan gibi fetöcü Yunan tohumlarına neden aynı ceza verilmiyor?",nefret
"Almanya'yı baştan başa ""Tanrı Bizimle"" afişleriyle donatan Hitler'e bile ateist diyor bu salak
Musevi, allah bizimle
Hıristiyan, allah bizimle 
müslüman, allah bizimle
Hindu, tanrılar bizimle

Din ve ideoloji ikisi de aynı bok https://t.co/Z4Ro091Gqd https://t.co/H4qfstyHCt",nefret
Arap dini her geçen gün daha fazla zarar veriyor bu ülkeye.. LINK,nefret
"Canan Kaftancıoğlu hakikatten dönmeyeceğim demiş. 

Hakikat dediği de Atatürk ve Cumhuriyet'e düşmanlık, pkk ve ermeni seviciligi vs vs say say bitmez. 

Yerin demir parmaklık arkası kanas Canan 😉",nefret
Gece gece gene bazi kendini bilmez hatsizler Yüce Enver pasaya minik akillariyla laf atmay çalisiyor sinirden elim ayagim titriyor bu ermeni piçlerini tek tek evinden alip Enver pasanin Türbesinde bayrak nöbetine dikeceksin,nefret
"    #AnnelerDireniyor
Terörü Müslüman Kürtler yapmıyor, 
Kürt kılığına girmiş birtakım kriptolar yapıyor. 

İçeride ve dışarıda terörün bitmesini istemeyen mihraklar var. 
Bu terör kesinlikle Kürt terörü değildir. 

Kripto Ermeni ve kripto Yahudi terörüdür.",nefret
meliselda Abaza Arda iyi ki Sinem senden kurtuldu çok sansli,nefret
"GECE FELSEFESI
Bugün dogdugum sehir Manisa'nin düsman isgalinden kurtulusunun yil dönümü. 08-09-1922 günü bizi Yunan ve Ermeni isgalinden kurtaranlara ve çarpismalarda sehit düsen halka ve Türk askerine rahmet dilerim. Allah geçmistekine benzer isgal günlerini tekrar yasatmasin.. LINK",nefret
"Denize döktüğümüz yunan Canan Kaftancıoğlu nu kurtarmaya gelecekmiş 
Onların kocaları şimdi yorgo",nefret
Ayasofya’nın kılıcı kılıfıyla girmiş Rum dönmelerine.Her fırsatta onu dile getiriyorlar.Sistemin her köşe başını tutmuşlar.Akparti bile 20 yıldır temizleyemedi bu gavur dönmelerini. https://t.co/kqufYrdGVy,nefret
"#SanatçılarDiyarbakıra
Sütü bozuk yunan dölleri farklı farklı alakasız taglar açıp olayı altta bırakmaya çalışıyor.Bu orospu çocuklarına laf anlatmak çok zor çok  !!!",nefret
 nocomment.007 yok hepsi o mekândaydi arda ile beraberdi hepsi gördü duydu ondan böyle konusuyorlar cidden türk Müslüman diyoruz ya bir savasmaktan kavga etmekten basla hiç bir boktan anlamayiz bu kadar geri zekâliyi bir arada görmemistim bayadir,nefret
o zaman niye suriyeli çalistirana tesvik ve mülteci entegrasyonu için okul yapiyorsunuz. gönderin gitsin tiksindik artik görmek istemiyoruz suriyeli mülteci,nefret
"Zaten fikri ne ki zikri ne olsun, marksit ateist bir zavalli haliyle kendi yolunda olan fikri sapiklari destekliyecek??yani desteklese ne olur, yürümekle yollar asinmaz bizde böyle yogurdu böyle yeriz Sirp bozmasi anladin??
#DevletiminYanindayim ???? LINK",nefret
"Al sana Suriyeli... :(
Sabah şirkete geldim.
Baktım jeneratörle çalışıyoruz.
Kesinti ya da arıza vardır dedim.
Ayedaş'ı aradık bölgede çalışma yok dediler.
--- Sürecek... https://t.co/FXTF3KXIjl",nefret
"Suriye Ortodoks Hiristiyanlari...Yani, 1915'de ülkeye ihanet ettikleri için TEHCIR'e tabi tutulan Ermenilerin torunlari.
Bu yil subat ayinda Istanbul'da temeli atilacak.

Hürriyet gazetesi 2 defa Suriye'den 2 milyon Ermeni'nin Suriyeli Arap kimligiyle Türkiye'ye geldigini yazdi,",nefret
"Mısır, mursi İçin gıyabi cenaze namazı kılıp ağıtlar yakanlar, Filistin için her Cuma gösteri yapıp ortalığı karıştıran, Arap artıkları, şov yaparlar,Sorun Türkse zulmüm görüyorsa seslerini çıkarmazlar umurlarımda değil, https://t.co/bAPiN8h8lk",nefret
Teröristler ermeni terörist yahudi terörist 🇺🇸 terörist AB terörist israil terörist İran terörist Rusya terörist Çin terörist Yunanistan #PKKExecutesCivilians,nefret
Bursayı Maşallah suriyeli basmış bu ne arkadaş 🤣,nefret
Bütün suriyeliler defolup gitsin  bu ülkeden . Seref yoksunu suriyeli #MuhammedNurTutuklansin,nefret
Her olayda ülkeyi terketmeyi düsünen gençlige hitabeden nasibini almamis dejenere gençligin vatanini satan suriyeli araplardan asagi kalir yani yoktur.,nefret
"Budur.
Sırada Fatsa, Antalya ve diğer illerimiz, ilçeleri iz var.
Ve tekrar edelim.
Yabancılar!
Özellikle ruslar (laz, çerkez, gürcü, ermeni), rumlar, yahudiler,...!!
Ülkemizden DEFOLUN!!
Anlayanlara iyi geceler. https://t.co/8FLuB25mnG",nefret
#TürkDilBayramı nda bir karar alınsa ve yurdumda ki bütün yabancı dillerdeki tabelalar indirilse. Ha bir de arap sevicilere inat arapça tabelalardan da kurtulsak...,nefret
"Bu Ermeni Canan Kaftancioglu'na 6 yil önce yaptigi ihanet içerikli paylasimlardan dolayi verilen cezayi sevinerek ögrendim. 
Darisi 5 yil önce fetö elebasiyla ayni tabaktan yemek yiyen Burhan Kuzu ve digerleriin basina ! LINK",nefret
Burasi müslüman bir ülke biz size degil siz bize ayak uyduracaksiniz. Içimizde ki ermeni kirmasi yahudi tohumlarini bu biraz üzecek ama Rabbim sizin tuzaklarinizi basiniza yikacak süphesiz o tuzaklari en iyi bozandir #AsiminNesliMeydanlarda,nefret
"#ZkusagiBilmez eskiden bizim Rum, Ermeni, Yahudi, Çerkez, Kürt... Her dinden komsumuz vardi. Simdi ülke tek din kafasiyla araplarla doldu.",nefret
#susamam canan 9 yil 8 ay ceza almis. insallah içerde geberir ermeninin tohumu. alin size bir magduriyet daha. ver mehteri efe.,nefret
"(15 Temmuz’dan sonra Kandil’e kaçan Şerefli Türk ordusunun üniformasını giymiş onlarca şerefsiz FETÖ’cü general ve subayları hatırladınızmı?)

Ama bütün bunlar kadar önemli olan bir güruh daha var dünya üzerindeki her siyonist Yahudi ve kripto Yahudi ve bunların yönettiği,",nefret
"Depremi rakiya, sorta baglayan insan da gerizekali bile diyemiyorum hangi seviye cehalet bilemedim.
Olum dünya batsa su comarlar hala bizimle ugrasacak didisecek. Türk olan Türk'ün yaninda
Arap olan arabistana zektirsin gitsin de orda depremsiz yasasin o zaman",nefret
"Papa, Irak'ta Şiilere şirinlik yapıyor. Abd'ye ""Büyük Şeytan"" diyen İran, papa'ya ne diyecek?
Hıristiyan Batı, nereye girmişse orada hala dumanlar ve ağıtlar yükseliyor.",nefret
"#sandikZAManiGELDI  Yahu KABE'yi Turistik tesis yapmis,Demirleri Yahudi üçgeni PEYGAMBERIN DOGDUGU EVIN ÜSTÜNE MÖVENPICK Oteli yapmis Gidin orda koruyun bu Otelin B..ku nereye gidiyor sorun hadi.PEYGAMBERIN ÜSTÜNE NIYE YAPTINIZ SORUN.Arap Türkiyeden nefret ediyor YALAN MI?? LINK",nefret
Suriyeli vatan hainleri defolsun gitsin Arap artıkları istemiyoruz https://t.co/FwFw5rwSsi,nefret
Utanırsam arap olayım diyeceğim de bu zaten bilinen bir gerçek... İstifa etmezse parsel parsel araplara satılacağız. #Cumhurbaşkanıİstifa,nefret
Amk Suriyelisi,nefret
Orospu çocugu senin ben evveliyatini sikeyim pas dahi atamiyorsun irzini siktigimin çingenesi,nefret
artık devletin malı olacak şimdi boku yedik yahudi tohumları tohumlarımızı yok edecek,nefret
"Soylu'dan İmamoğlu kıskançlığı...

Osman Öcalan'ı TV ekranlarına çıkaranı da pejmürde edebiliyorsan konuşacaksın...

Suriyeli'nin Hain Türkiye sloganlarını da pejmürde edeceksen konuşacaksın...

Seçilmişe karşı boş konuşmayacaksın...

Adil ve vatansever olacaksın...

Tövbe ya!",nefret
"Yunan isgalindeki adalara sesini cikaramayan hukumet B. Krallik'a mi ses cikartacak ((:

Turkiye'de hukumette esasli bir revizyon veya erken secim olmadan KKTC konusunda kesinlikle adim atilmamali. LINK",nefret
Turan corafyasina ihanet edenler tarihin içinde hazin sonlarini görürler türk milleti tarihi düsmanlarini unutmazlar gürcüler Rumlar Ermeniler tarihde turan corafyasi hainlik yaptilar tarih örnektir Siyonizm emperyalizm Truva atlari biliyoruz #AçikveNet,nefret
bizde diyoz türkiye niye gelismiyor bunun gibi toplar oldukça hep ayni yerde kaliriz...,nefret
bir ülkenin zenginleri ve sanatçilari hain ise o ülke hiçbir zaman belini dogrultamaz!... maalesef bizim ülkemizin zenginleri ve sanatçilarinin %70'i satilmis hain ve yunan artigidir.,nefret
Adam senin en köklü üniversiteni bombalayacaksın diye hedef gösterebiliyor. Bu Suriyelileri başımıza bela ettiniz. Suriyeli seviciler vardı bir ara alın evinizde bakın bu soytarılara..,nefret
"Erzurum ve Sivasta kongre oldu, Urfa, Maras ve Antep, MKnin dahli olmadan kendini kurtardi.
Ama bu illerin hiçbirinde Kemalizm güçlü degil; tam tesine Yunan isgalinde kalmis olan yerlerde Kemalizm güçlü.
Bunu izah edebilecek biri var mi, belki fikir verir.
#SivasKongresi",nefret
"Yunan mezaliminin en şiddetli yaşandığı yerlerden biri olan Aydın’ın Köşk ilçesinde ilçenin düşman işgalinden kurtuluşunun 97. Yıl dönümünü hem çoşku hem üzüntü ile kutlamaktayız.
Yaşasın cumhuriyet yaşasın özgürlük.. https://t.co/jEMJKLDvil",nefret
Çinli kahpe nerde ?,nefret
#5Eylül eylülleri severim Yunan’ı denize döktüğümüz Ege’yi ve ülkeyi temizlediğimiz aydır eylül,nefret
Otobüslerde bizden çok Suriyeli var allahim sabir,nefret
"Çok haklisinda canim, hdp nin çocuklari zorla daga götürmelerine de bi söz et be annem. Kürt Analar babalar  feryat figan. Ermeni artigi PKK ve partisinin yaptiklarini da görsen. LINK",nefret
Kendi tabiatini kirletir kötüyse AZIZ DEVLETIMIN arsivi açilir millete mirasimiz anlatilir dedelerimiz inonuyu anlatirdi hain korkak ermeni diye ordan biliriz Atatürke cok ihanet etti diye Ataturkun söföru bile hatirasinda yazar.YANI biz yeni nesiliz kim napti bilmiyoruz,nefret
Orospu çocugu Arap siktir git,nefret
"Ermeni teröristleri tarafindan 1992 Karabag Savasi zamani öldürülen bebeklerin, kadinlarin cesetleri bulundu..
#HocaliKatliami #KarabakhisAzerbaijan #Armenia #Ermenistan LINK",nefret
"Budur.
Satılıp, soyulan ülke ve ulus: TÜRKİYE ve TÜRKLER!
Satıp, soyanlar kim?
Asıl sorulması gereken soru budur.
70 yıldır, Allah, Bismillah, Maaşallah, İnşallah diyen, TÜRK ve Müslüman olmayan, çoğu rus (laz, çerkez, gürcü, ermeni), rum, yahudi,... asıllı hain, hırsız caniler! https://t.co/vdEQThcD7I",nefret
RUM KIRMASI DEDESININ INTIKAMINI ALMAK ISTIYOR LINK,nefret
"_bürudette__s__@USER peki bir TÜRK olarak vatana ve sehitlere dil uzatilmasina ne diyorsunuz bayan çok bilmis? He kadin diye sehitlere dil uzatabilir! Kadin diye 15 temmuza tiyatro, demokrasi ve sehitler mitingine sov diyebilir ama dayak yiyemez öylemi? Kendimde demisti ya demokrasi adi altinda özgür fikrini beyan etmis tamam iste bizde demokratik olarak kendi fikirlerimizi özgürce söyleyebiliriz sizde bok yemek düser hiç kimse kusura bakmasin hiç kimse vatanimizdan ve sehitlerimizden daha önemli olamaz hele sila hiç ölmedigine sükretsin o Ahmet kuralin bunu yaptigina inanmiyorum ki ufak ufak basladi ifadesini yalanlamaya yaptiysa da eline saglik.",nefret
"Basindan beri söylüyoruz, Suriyeli itleri gönderin topraklarimizdan diye. NIYE HALA BURADALAR?! Gittikçe daha tehlikeli olmaya basladilar. Kendi cahillerimiz bize yeter.
#MuhammedNurTutuklansin LINK",nefret
Bu nasıl İstanbul aq heryer suriyeli,nefret
Zulüm 1453 te başladı diyen Rum artığı Yunan tohumlarına karşı hep  #Sustunuz,nefret
Rum çocugu diyor ki milleti baristiracam sen kimsin lan alçak serefsiz türk kürt kardestir sen kimi baristiriyorsun. Rumlari diyorsan onlar senin dostun git baris.,nefret
"#DevletiminYanındayım diyenler
Gezi olaylarına ayıkamadı 
15 Temmuz'un intikamını alamadı.

biden'in gelişi ile gaza gelip

 #AsagiBakmayacagiz diyenler
ATEŞLE OYNUYORSUNUZ.
YANARSINIZ.

Bizim kötümüz en fazla hırsızdır
Sizin gibi vatan haini değildir.
Dönme yahudi hiç değildir.",nefret
"Yahudi yapmaz yaptığınızı!
Tarlada bahçede 10 kuruş markette 70 kuruş!
Tarladan bahçeden üreticiden toplayıp stok yap!
Yetmez patatesi domatesi soğanı toprağa göm sonra hem devlete hem millete fahiş fiyat sun
Üreticiyi tüketiciyi Devleti zarara sok dinsiz imansız #HaramiStokçular",nefret
"Müslüman Uygur Türk'ünü görmeyenin
Filistin feveran ı hiç inandırıcı gelmiyor .
Velev ki Filistin konusunda samimi 
Uygur Türk'ünü görmezden gelerek Filistin feveran ı yapmak 
Türk düşmanlığı
Arap seviciliğinin ilanıdır .",nefret
gavur izmir kurtulusun kutlu olsun seref duyuyoruz!...,nefret
TürkpolisicccVizyonsuzluga bak iphone 7 hayali nedir hayaline sicam senin,nefret
"Çicikligi çilinin isviçli greta mi girçiktin

Yaw kardesim ona daha çok dokunmus çevre sorunlari o çikmis söylemis iste dünya diyo tehlikedeyiz diyo ben sansli olanlardanim diyo daha ne desin bitsin artik bu avrupa düsmanliginiz ve arap seviciliginiz ya",nefret
"YUNAN ISGALINDEN SONRA ALASEHIR'IN HIÇ GÖRÜLMEMIS FOTOGRAFLARI
LINK LINK",nefret
"Son dakika... Çıldırdılar: 'ABD'liler Türk rüyasının üstüne mezar taşı koyuyor' https://t.co/OiYO9ScdKI via @milliyet @mucit48 
Adanın sahipleri Türkleri,Katil rumlar haçlı devlet bozuntularının verdikleri silahlarla katlettiler.adanın TapusuTÜRKLERDEDİR.
https://t.co/vWAnahDFbl",nefret
"Mason, yahudi, dinsiz, vatan haini ve onlarin beslemesi çapulculara karsi#DevletiminYanindayim",nefret
"""Komünist, vicdanını Yahudi Marx'a satmış vatansız serseri demektir..""

Atsız https://t.co/oYXQgVn1MN",nefret
Suriyeli sevmiyoruz https://t.co/q1bLc6TF1z,nefret
Reis 18 yılda ne yaptı diyenlere tek cevap Ayasofyayı Cami yaparak ibadete açtı dediğimizde içimizdeki ermeni çocukları kuduruyor Allah ömrünü uzun etsin REİS https://t.co/ziJnTb3sph,nefret
laleli arap kokuyo resmen atmosferi değiştirmiş şerefsizler,nefret
#7eylül #aydin #yunan i denize dökmeye 2 gün kaldi. #sanaborçluyuzatam LINK,nefret
"PKK destekçisi ,ermeni destekçisi Canan cezasını almış",nefret
"Derbi gelse de iki üç fransız sömürgesi arap tokatlasak. Bakın galatasaraya fransız demiyorum, sömürülmüş olan araplara diyorum yanlış yere çekmeyin.",nefret
insta takipçi isteklerini yeni temizlemiştik şimdiden 20 suriyeli istek atmış... rezalet bi platform,nefret
"Şuşa'nın işgalden kurtuldugu gün..
Azerbaycan askerleri ve yerde yatan İşgalci Ermeni teröristi https://t.co/xbB1AmFdia",nefret
ummu5261@USER.biricigi pezevenk kafirin teki bunlarin Hiristiyan hayranligi iblis domuz,nefret
"Daha önce de göçmenlere karsi
vahset dolu iskencelerine,hatta cinayetlerine tank olduk.Ermeni,
Rum insanlik suçu isler,soykirim
yapar kahpe dünya görmezden 
gelir ; hasiralti eder (!) LINK",nefret
Türker.kahraman@USER gavur bozuntusu dönme pezevenk,nefret
"Yahudi tetikçisi @FOXhaber'in algısı yine çöktü, Dış mihrap'ların kanalı olduğu gerçeği ortaya çıktı... https://t.co/EH14AnvHn4",nefret
"Tarih 28 ocak 1992
 ""Ağdam-Şuşa"" yönünde giden  Şuşa kenti yakınlarında bir Mi-8 sivil helikopteri Ermeni teröristler tarafından düşürüldü. Çoğunluğu çocuk ve kadın olmak üzere 44 yolcu ve mürettebat öldürüldü.

#StopArmenia
#StopArmenianTerrorisim 
#KarabakhisAzerbaijan",nefret
"Depremi rakıya, şorta bağlayan insan da gerizekalı bile diyemiyorum hangi seviye cehalet bilemedim.
Olum dünya batsa şu comarlar hala bizimle uğraşacak didişecek. Türk olan Türk'ün yanında
Arap olan arabistana zektirsin gitsin de orda depremsiz yaşasın o zaman",nefret
yahudi yıllarca türk milletine sabunu hacı şakir diye yutturdu... şimdi ise ekrem'i imamın çocuğu diye!,nefret
Yaninizda suriyeli afgan li calistirmayin yardim etmeyin Vatana ihanet etmeyin ??,nefret
Bu hayatta şansımız olsa zaten suriyeli dogardık 👌🏻,nefret
 franpaez99 Türkçe konusun amk ????,nefret
bir de profiline profesyonel yazmis senin neren profesyonel lan Allah'in belasi yüzsüz adam siktir git su takimdan guiliano dan kurtulduk sira senle hasan ali de lütfen artik utanin ve siktir olun gidin,nefret
"saka maka 2018 teknofestine giderken pendikte her tarafta arap ve suri kaynamasi bundan dolayi türkçe konusacak insan bulamadigimdan ""allah bu sehri yerle yeksan etsin"" diye beddua etmistim. eger benim bedduamdan dolayi ise huzurlarinizda geri aliyorum",nefret
"TARIHIMIZI UNUTMAYALIM: Özellikle 1964, 1965  Kibris Türkleri için tam manasiyla ölüm kalim yillari olmustu. Aralik 1963 saldirilari ile 24 saat içinde Türkleri bitireceklerini sanan rumlar basaramayinca çildirarak Türk olan her seye acimasizca saldirmaya basladilar. LINK",nefret
Kimse alinmasin yahudi simdide korana adi altinda insanlarin gotunden siringa ile kan alacak.bu bilgi bana 50 gün önce saglam bir kaynaktan LINK holdingler beni sever Türkiye'de.para babalari az sever mevzu derin.borsa babalari asla sevmez imza ozaydin65,nefret
Canan denen ermeni artığı terörist 9 yıl aldı. https://t.co/ZdJBRohJKP,nefret
eyup_1907_Sevdirin Türk toplumuna amk bu isleri ibneler,nefret
yine korona olmasaydi hayatim daha farkli bir yerde olabilirdi farkindaligi yasiyorum çok sinirliyim en kisa zamanda allahtan belani bulursun umarim çinli kahpe,nefret
9 yil 8 ay 20 gün hapis cezasina çarptirilan ancak tutuklama karari çikmayan canan kaftancioglu damarlarinda ermeni kani tasiyan seytanin insan sekline bürünmüs halisin...,nefret
ahsjsjjsjs nE???? suriyeli gibi bakamayacagimiz cocugu dunyaya mi getirelim ya evlilik ne ayrica aq NAMUS NE. cok iyi bi tivit gibi gidiyodu bu plot twisti beklemiyodum https://t.co/EmgElBB2Yu,nefret
"arslan bulut yazdi ""300 metrekarelik konaklar yaptiralim suriyelilere"" akp iktidari istanbul'un ve güneydogu sehirlerinin demografik yapisini degistirdi! suriyeli çalistiranlara tesvik bile veriyorlar! türk çalistirirsan tesvik yok!",nefret
BELINDE SIILAHLA GEZEN SPORCU!?!?!? AYRILDIGI ESKI NISANLISININ BILE ARKASINDAN KONUSAN MÜSVEDDE !?!?!? EVLI VE BABA ADAYI OLARAK BASKA BIR KADINA (EVLI BEKAR OLMASI HIÇ ÖNEMLI DEGIL) YAVSAYAN HADSIZ!?!? DAHA SAYMAYA GEREK VAR MI I!?!?!?!?,nefret
Bugün cuma ali koc golfu viskiyi.birak namaza basla artik yahudi mason israil ajani pis oc,nefret
Ermenilerin hepsini temizlemek lazim ama ve Türkiye de ne kadar ermeni varsa sinir disi edilmesi sart ve edilmeli. A??agalik ermeni pç leri  yok edilmeliler LINK,nefret
"Şike var✔️ırkçılıkvar✔️ şaibe var✔️kirli lobi var✔️Siyaset hep var✔️
Kayırma var✔️haksızlık var✔️
tarla var işçi var✔️kayırma kollama var✔️ADALET? YOK❌
şeffaflık yok❌limit yok❌
 tüm bunlara rağmen yahudi oyunu oynayıp yahudi gibi
bazılarında hiç UTANMA YOK! https://t.co/vByX5Dq2ue",nefret
Aklıma bugün ablamın ev süpürürken “kediye banada yardım etcen mi Leoooo” diye bağırması geldi. Üzülüyorum haline.. Bu çinli kahpe nerde ablamı bu duruma düşürdü güzelim kızı,nefret
Tüm taşnakçıların ve kemalist! avanakların destek olması gayet tabbiidir.(hdp adı kürt aslı ermeni olanların partisidir) https://t.co/7gsvfBJoNK,nefret
"TARİHTE BUGÜN

6 EYLÜL 1922 - Türk Ordusu, Yunan İşgali altındaki Balıkesir, Bilecik ve İnegöl'e girdi.

BALIKESİR'İN KURTULUŞU

Kuva-yi Milliye: Yanmış, ...yıkılmış, …işgal edilmiş, …düzenli orduları için tasfiye... https://t.co/HrsuMoe2oe",nefret
"2.) Bir iki üçler yasasin Türkler????
      Dört bes alti Polonya batti.
     Yedi sekiz dokuz Alman domuz??
      On onbir oniki Italya tilki??
     Onüç ondört onbes Amerika kalles
     Onalti onyedi onsekiz hapi yuttu Portekiz.??",nefret
ne kadar ermeni piçi varsa  ne kadar rum kalıntısı varsa ne kadar yunan döllemesi varsa hepsi #CananKaftancıoğlu nun kicinda geziyor.. müebbet.. müebbet..vatan hainlerine müebbet istiyoruz.. Alayını vatandaşlıktan çıkarın geldikleri çöplüklere yollayın,nefret
"Mustafa Cengiz: ""Üçlü, galatasaray tarafindan üretilmis bir simgedir...

Ulan baklavayi, döneri çalmaya çalisan Yunanlilar gibisiniz ????

Yazik; Yunan, Osmanli altinda yillarca nasil ezildiyse, sizin tribünleriniz de Besiktasin altinda her zaman ezilmeye mahkumdur ??????",nefret
mertsiracsanli Niye akili olacagiz acaba kimmis o gösterisi olsun toplumu ahlaksizlastirmaya çalisan dönme pacoz siz inaniykr musunuz alin teriyle para kazanacagina Aleyna tilkisi de ayni gavurun Müslümana oyunu bunun gibiler asil uyuyan açsin gözünü artik akili olsun bunun gibi ibnelere para kazandiracaginiza bir aç çocugun karnini doyurun çok merakli herkes onun kiçini görmeye Rutük bu mikroplari çikarmayacak ki çoluk çocuk örnek almasin bu cenabetleri,nefret
"6 milyon+3 milyon Suriyeli'ye  yer var da 
Sizi bir yere sığdıramadık! 
Affetmeyin bizi 😢
#DoğuTürkistan https://t.co/dSkzwxuxjd",nefret
"Siyaset münâfıklarını kahreyle Rabbim !.. 
Türk’üm deyip, Arap gibi Ermeni gibi Yahudi gibi davrananları da kahreyle Rabbim!..
Riyakârları perişan eyle 🙏🏻☝🏻☝🏻☝🏻
#DoğuTürkistan #Türk #Şeref #Namus #Türkiye #Adalet #Zulüm #soykırım #işkence #Uygur",nefret
"#DavamızınPeşindeyiz Recep Tayyip Erdoğan, Yahudileşmiş Türk'lerle, Ermenileşmiş Kürt'lerle, islâm düşmani it'lerle, Yedi Düvelle Savaşıyorken biz onu yalnız bırakamayız 
#DavamızınPeşindeyiz
@dursun66 
@Sessizdalga__11 
@Vatana_muptela 
@rumuz23 
@Guenes03_RTE 
@AyselTengirsek https://t.co/xgrVgIbxoR",nefret
300 m2 evin şu anki arsa bedelsiz maliyeti en az 450 bin tl. 150 m2 bahçe düzeni en az 30 bin tl. yaklaşık 480 bin tl sadece bir suriyeli aileye bahşedilecek sanırsam?,nefret
Dogru Yarin Durusmada Bütün Yunan Artiklari Cananin Yaninda Olacaklar Silahsiz Gerilla Canan #CananBaskanYalnizDegildir,nefret
#AnnelerDireniyor Allah belanizi versin #HDP  Milletn çocugnu hangi hakla daga götüre gavura peskes çekp kendi milletni kirdiriyorsnz Soysuz köpeklr!Dagda kaçinizin çocugu var ?Ermeni tohumlari Sizi!Madem sadiksiniz davaniza çocuklarinizi daga gönderin Adiler!@USER,nefret
Biz birlikte Türkiyeyiz. Yine Ermeni soylarına birlikte ders vereceğiz ve oyunlarını bozacağız inşallah https://t.co/Xw2Xt67kNV,nefret
Sn.soylu su Suriyeli misafirlere de bir ayar yada rest çekmeyi düsünüyormusunuz?????,nefret
Vatanından kaçmış bir vatan haini ülkemizin en zeki öğrencilerini öldürmekle tehdit ediyor. Sonra neden beyin göçü oluyor. Bu kafayla bu ülke Suriyeli vatan hainlerini kalacak.#MuhammedNurTutuklansın https://t.co/ztn5apldyW,nefret
"Lan Yunani denize döktük martavaliyla bu güne kadar kandirdilar milleti,Gerçekte bu güne kadar Yunanin tohumlarini yerlestirmisler ülkenin baslarina. #MelihBuluYalnizDegildir",nefret
Efeler diyari Aydin ve Kusadasinin yunan isgalinden kurtulusunun 97. Yili bugün! LINK,nefret
Konya arap kokuyor.,nefret
Konstantinopolis Hayaliyle Şımaran Yunan’ı Akropolis Önlerine Tokat Manyağı Yapan Sultan Abdülhamid Gibi #DavamızınPeşindeyiz  …,nefret
Dohada kaldik yine iyi mi? Bu Arap milleti kadar zararli bir topluluk yok amk,nefret
"Cumhurbaşkanımız @RTErdogan: Kardeşimiz Azerbaycan, Ermeni işgali altındaki topraklarını destansı bir zaferle azat kılmış, bölgede yeni bir dönemin kapılarını açmıştır. https://t.co/ISq1ScXQ1n",nefret
"Sultan Abdülhamid'e karsi Ermeni teröristlerle isbirligi yapmaktan çekinmeyen Türk aydinlari vardi.
Bugün de Erdogan'a karsi Türk düsmanlariyla kol kola olan sözde Türk aydinlari var. LINK",nefret
"Papa Francis, Irakta Araplari,  Kürtleri, Azinlik Hiristiyanlari ziyaret etmesini biliyor, fakat soykirima ugrayan, sürülen, eziyet edilen, Irak topraklarin asli sahiplerinden Türkmenleri hiçe sayiyor.

Ortadogu ya felaket bulastiran Hiristiyan Aleminin Papa Ziyaretinin amaci ne? LINK",nefret
1.55 lik piç. Bura Türkiye adami götten sikerler. Senin hamile karinda asilirlar. Seninde götünden siringa ile kan çekerler. Yavsak!,nefret
Papa ırak ta bu ne sevgi ah hırıstıyan dünyasının kılıcı kıçlarına saplamış onlarda papa nın karşısında kılıç sallıyorlar bu kadar aptal toplum olurmu amerika iki milyon muslumanı katlettı utanmadan ıraklılar papayı karşılıyorlar,nefret
"Bugünde Israilin yaptigi katliamlari reddeden yahudiler de vardir. Sayilari azdir.
Yunana asla yumusak davranilmamali, yunan tv leri göstermektedirki, katil düsünceleri aynen devam etmektedir.
Firsat buldukça tepelerine binilmelidir.
Yunan adalarina turist gitmek bile ihanettir. LINK",nefret
"mesela yahudi piçi, ermeni dölü, afedersin ermeni bile dediler gibi mi? https://t.co/rmOk4H2m5t",nefret
"Türk kürt kardestir.
Teroris pkklilar kürt degil ermeni dölüdür.
Hdpli teroristler kürt degildir.
Kürtler bizim kardesimizdir.
Teroristler ise düşmanimiz,siz itler leş olmaya mahkumsunuz.
Leş sürüleri telef olasiniz insallah.
#MücahidinCenazesiniVerin",nefret
"Suriyeli serefsiz bizim ülkemizdeki ögrencileri tehtid ediyor.
Serefsiz ülkenden tek kursun atmadan korkaklar gibi kaçarken ayaklarin kiçina vuruyordu, erkekligin burda mi tuttu.. LINK",nefret
Serefsiz Yahudi dölü dikat  ette seni Müslümanlar yakmasin LINK,nefret
Vay kaçkın Suriyeli vay hem ekmeğimizi yiyeceksiniz hemde bu vatanın evlatlarını tehdit edeceksiniz #MuhammedNurTutuklansın,nefret
"#MuhammedNurTutuklansın
Dün fuhuş yaptıran suriyeli p..
Bugün bu yeter defolun artık",nefret
"Çin kamplarina gönderilen Dogu Türkistanli Uygurlarin çocuklari, Çinliler tarafindan beyni yikanarak, Dininden, Dilinden, Kültüründen, Milletinden uzaklastirilarak, ateist bir Çinli gibi yetistiriliyor, bu çocuklar Türk, bu çocuklar Müslüman, bunlar bizim çocuklarimiz !... LINK",nefret
"Istanbul'un çöpünü toplamaktan aciz CHP, iktidar olsaydi:

Millet, corona'dan kirilir.
-Karabag'da Ermeni isgali devam eder.
-Akdeniz elden gider.
-pkk Suriye'de devlet kurar.
-Fetö Türkiye'yi ele geçirir
-IHA ve SIHA sirketlerine el koyulur
-Türkiye yeniden ABD'den yönetilirdi.",nefret
Yarın 8 Mart Emekçi dünya kadınları günü şöyle bir baktığımızda gelişmiş ülkeler yani Hıristiyan ülkelerde kadınlar gayet rahat ve özgür fakat Müslüman ülkelere baktığımızda kadınlar şiddet görüyor tecavüz ediliyor ve öldürüyorlar İnanın bana benim sözümün bittiği yerde kaldım,nefret
"Bunlar bir sivil toplum örgütü degil.
 PIÇ Rum kani tasiyor bu ahlaksizlar.
Rumlara Toprak verelim diyen zatin adamlaridir basaramayacaklar.
 Türkiye cumhuriyeti'ne fasist katil diye slogan atiliyorsa bunlara Türk demek Türklere hakarettir. 
Biz iki devlet tek milletiz. Saygilar LINK",nefret
Topa bak allah kurtarsin,nefret
"Evlatları için çoğu erkek ten  daha cesurca bu ihanet ve özünde Ermeni çetesi Kürtleri sömürenlere karşı çıkan annelerimiz, millet olarak sizinleyiz... #AnnelerDireniyor",nefret
türk çift değil gavur bunlar,nefret
Muhteşem bir miting düzenlemişsin #Ekremİmamoğlu baya baya Fransızların öncülerinde bir miting olmuş. Ülkemizin paraları nerede görüyoruz biz yerli araba üretsek bile yine batının ürettiklerinden vazgeçmeyiz. O kadar parayı fakir fukaraya ver hayır dua kazan🤲 Suriyeli kere değil,nefret
izmir'de denize döktüğümüz yunanlılardan venizelos kolundaki kadın kim? bilen var mı?,nefret
Bu Gereksiz Kişilik Bırakın Başkan Olmayı Yönetici Bile Olursa Yemin Ederim Ne Maça Giderim Ne Forma Alırım 😠😠😠 Türk Düşmanı Arap Pezevenk 😠😠😠 https://t.co/2W2JuvohFr,nefret
"zaur_elchinoglu@USER Elinde silah orada olmamak desteklememek degildir! Evet irkçiyim! Bu serefsizlerin topuna karsi irkçiyim! Ben Türklügümle gurur duyarim! Basari aramam! Hayko Çekin denen o igrenç yaratik ermeni soyundan ve eminim, firsat bulsa, o da türken kursun sikmaktan hiç çekinmez!",nefret
"Sike var??irkçilikvar?? saibe var??kirli lobi var??Siyaset hep var??
Kayirma var??haksizlik var??
tarla var isçi var??kayirma kollama var??ADALET? YOK?
seffaflik yok?limit yok?
 tüm bunlara ragmen yahudi oyunu oynayip yahudi gibi
bazilarinda hiç UTANMA YOK! LINK",nefret
Ne kadar bu   vatan topraklarinda Ermeni Yunan tohumu varmis hergün daha fazla fazla ögreniyoruz...,nefret
"#HocalıKatliamıNe yaparsanız yapın soykırımı unutmayın. Çünkü unutulan soykırım tekrarlanır.
Aliya İzzetbegoviç

29 sene önce, Ermeni teröristlerce alçakça gerçekleştirilen Hocalı Katliamında kaybettiğimiz tüm soydaşlarımızı rahmet ve saygıyla anıyoruz.

Unutmadık, unutmayacağız",nefret
açlıktan nefesimiz kokuyor tavuk dürüm yemekten gına geldi başkan çıkmış suriyeli vatan hainlerine 150 m2 bahçeli ev yapalım diyor asgari ücret 2020 tl başkan halk perişan ağalık yapma zamanı mı şimdi.,nefret
"Mavi Vatanimizi gasp etmeye kalkan ancak suçüstü yakalanan Yunan ve Rumlar disinda kimse verdigimiz notadan rahatsiz olmaz. Çünkü bu hirsizlar sadece bizim degil, Misir, Israil, Lübnan ve Libya'nin da hakkini çalmistir.

Bir sonraki adim MEB ilan edip, bu hirsizlari tepelemektir.",nefret
"""Madem ki ermenisiniz hepiniz bir bir ölmelisiniz"" der iken siz bunu sadece lafta düşünmüş olmalısınız @armenia . Fakat Yüce TÜRK milletinin yiğit neferleri millî kin ve yaptığınız katliamları asla unutmayacaktır. Siz ingiliz yosması, avrupa kahpesi kalleş,soysuz tohumlarsınız.",nefret
"Türkiyede Kürt sorunu yoktur.
Ermeni meselesi vardır.
Ermeni olduğu söyleyemeyen, gizleyen Kendilerini Kürtlerin sözümona sözcüsü, temsilcisi diye tanımlayan vahşi terör örgütü PKK ve onun siyasi uzantısı HDP’nin 1071 Malazgirtten beri birikmiş Türk ve müslüman düşmanlığı var https://t.co/YAf8abo7XM",nefret
Düsünsenize eksiklerimiz var diyor. Ve 175 araç için ihale yapiyor. La sen nasil bir süzme o çocugusun hani israfdi hani bin 800 araç nerde la ermeni yunan tohumu bizim beldede bile 50 hizmet araci var 16 milyonluk sehirde bu kadarcik mi ? Ve nerdeeeee haniiiii,nefret
"Artık burası Türkiye değil resmen suriye oldu ,
Türkten çok suriyeli görüyorum 
görmek istemiyorumm https://t.co/H5eVIjuIZW",nefret
"Bir suriyeli terörist yüzünden bütün suriyeli'leri zan altinda birakamazsiniz. Cilar burda mi?

Evet haklisiniz. 9 milyon #suriyeli terörist yüzünden, 10 milyon suriyeliyi zan altina birakamayiz.
#MuhammedNurTutuklansin",nefret
"#EnTemelİlkemiz Atatürk ilke ve inkılaplarını korumak ve bu doğrultuda ilerlemek olması gerekirken
Sen gel, milyarlarca zaman dilimi içinde bu tarikat, cemaat ve arap sevicileri olan badem bıyıklıların döneminde yaşa, 
Allah'ım ne talihsiz biriyim.
Sanırım bu,
#BenimCezam",nefret
lan CHP'li bilmem ne çocugu bu ülkeyi terk et lan senin gibi Ermeni tohumlari na bu ülkede yeri yok lan senin gibi bilmem ne çocuklari bu ülkeye zarar veriyorlar yedigin ekmek burnundan gelsin lan çocugun çolugundan çiksin lan gavat LINK,nefret
"dünya'da en iyi masal uyduran millet arap'lar, 
bu masalları en iyi anlatanlar acem'ler, bu masallara en çok inanlar da türk'lerdir çünkü ... 
https://t.co/P3TXzQAFC3",nefret
Yunan kulübü besiktas jimnastigin ve fransiz kulübü gssarayin Türk futboluna dis güçlerin müdahale etmesinden sikayetçi olmasi zaten beklenemezdi. Üstelik buna öncülük ederek usakliklarini layikiyla yerine getirmislerdir... LINK,nefret
"BİR MÜSLÜMAN IN İŞLEYE BİLECEĞİ EN BÜYÜK HATA,
GAVUR  VEYA UŞAĞI BİR İDARECİDEN MERHAMET VE ADALET UMMASIDIR",nefret
"İlk başkanınız ermeni ALİ SAMİYAN, renklerinizi bulan ermeni, okulunuz ermeni, kurtuluz şavaşında köpeği olduklarınız ermeni siz hayırdır amk. Önce Türk k olun yarrağımın kafaları #ÜçlüBeşiktaşınÜçünBiriGsnin",nefret
"Ayakkabisinin tabanina patlayici gizleyen Suriyeli terörist yakalandi

#Mardin Kiziltepe'de ülkeye yasa disi yollardan giren ve ayakkabisinin tabaninda patlayici madde, anahtar sistemi ve elektrikli fünye ele geçirilen Suriye uyruklu terörist yakalandi LINK LINK",nefret
Bu Ermeni PKK üst yöneticileri ve HDP eşbaşkanları ve yöneticileri namusunuz  ve Şeref’iniz var ise gariban Kürt kardeşlerimizi dağa zorla götüreceginize kendi kızlarınızı ve ogullarınızı götürün de gerçekten davanızda samimi olduğunuzu görelim,nefret
Ermeni piçleri bilsin ki...HOCALI YI KINAMAMAK SIVIL SILAHSIZ INSANLARIN KATLIAMINI ALKISLAMAK DEMEKTIR..EY NAMUSSUZLAR BUNU AKLINIZA YAZIN VE UNUTMAYIN...1. TÜRK E KARSIN HEPINIZZZZZ ???????????? LINK,nefret
ermeni işte ne bekliyorsunuz dağdaki ayı bile bunlardan daha insandır. hala da kalıntılarıyla uğraşıyoruz...,nefret
arap puta taparken türk göge bakiyordu.... hayirli cumalar,nefret
"LGBT
#DevletiminYanındayım boğazicine hakim olan zihniyet,yahudi dönmeleri sebataistler.kendileri anlatıyor. https://t.co/HndiCPOLnB",nefret
"Sen orospu çocugusun serbest gezmen adaletsizlik, Türkiye gerçekten bir hukuk devleti ise tutuklu yargilanman gerekiyor.",nefret
"yunan benziyor bunlar, malum.chp yunandan dönme.. https://t.co/TfiyYbJ7Sx",nefret
"Papa tesbih bile hediye etmiş bu yağmacı, milletin malına çöken, Hıristiyan Haçlı Şabi liderine. Bu meşrulaştırma kabul edilemez. https://t.co/xel2eJIJN3",nefret
çok istiyorlarsa kendi çocuklarini göndersinler ah annem ah. bir söz bu kadar net olabilir iste. allah'im sen bu ermeni artiklarinin oyunlarini baslarina yik. bertaraf eyle. helak eyle insallah. #annelerdireniyor #birannebirdevrimdogurur #annelerindirenisi #protestoediyorum,nefret
"Hacire Ana ile başladı Feyziye Çetinkaya ana ile 
devam ediyor 

Haydi Kürt anneler;
Bu Ermeni döllerinin kökünü kurutmanın tam zamanı.
Korkmayın devlet yanınızda. Çocuklarınızı bu soysuzlardan canınız pahasına isteyin
#BirANNENİNferyadı",nefret
"Benim üllkemde,  benim maaşımdan kesilen vergilerle alınan belediye otobüse bile benden önce binyorsuniz görgüsüz ve medeniyetsiz Suriyeli ve Iralklı Araplar. Valla nefret ediyorum sizden ve sizi başımıza çıkaranlardan",nefret
"Saygı Karakolu (Süleyman Şah) ile Hatay arasındaki tek fark biri diğerinden daha küçük bir vatan toprağı! Eşek adası ile Gökçeada arasındaki fark gibi.
Biri terör örgütü işgali altında, diğeri ise Yunan işgali altında.",nefret
"PKK fa kızlara TECAVÜZ ediliyor. Edenler 70 yaşındaki ermeni asıllı PKK lılar...Tecavüz edilen kürt kızları...
Yani senin ağa babaların... https://t.co/AQiq2jVn5D",nefret
Dün okuduğum bir habere göre daha çok kayıplar yaşayacağız gibi.30 suriyeli doktor tus sınavı olmaksızn atanmış.bu nasl bir rezalettir. Zaten bnlarn yanlş tedavileri sonucu bir çok vatandaşmz ölmüş. İnsan hayatı bu hiç birşrye benzemez #aliemiriçinadalet,nefret
"Ne de güzel söylemis Yavuz Sultan Selim Han! 
""Kürde firsat verme ya Rab, dehre sultan olmasin!
Ayagini çarik siksin, karni bile doymasin!
Vur sopayi al haraci, asla iflah olmasin!
Ol bu çesmeden gâvur içsin, Rum içsin Kürde nasip olmasin!""
 #DevletinGücünüGöreceksiniz",nefret
Ben bu arap müslümanları görünce şeytanı sevmeye başlıyorum. https://t.co/ZrY7IH55eT,nefret
Bu özellestirmeden sonra çivi çakmadan 4.7 milyar dolar parayi bize kitleyip 21 milyar dolari çöpe indiren serefsiz Arap nerede #türktelekom altyapisi çöp yapilanmasi yillar sürer,nefret
Bu ermeni oyununu KÜRT  Annelerimiz bozacak insaallah ....#AnnelerDireniyor,nefret
"Sözde Kürt savunuculari Ermeni kriptolar çocuklari El Bebek Gül Bebek Avrupada okullarda baleler de kayak merkezlerinde eglence mekanlarinda oynarken eglenirken

 Benim masum Devleti için canini hiçe sayacak 15 Temmuz'da ispati olan kardeslerimin çocuklari kandirarak daga çikiyor LINK",nefret
damlasoygurler Bilmem kaç yüzyillik Türk tarihinde bu yüzyila düstüm hay sansima siçiyim,nefret
"IBB'de erkeklere zorunlu ib.elik legebete dersi vermeye kalkan bir gereksiz cahilin, Fatih Sultan Mehmet Han Hazretleri'nin babasini TANIMAMASI gayet normal.
Ceddini bilmeyenlerin sonu böyle rezalet olur iste RUM ARTIGI.
Iste bu Paçavralara karsi
#DevletiminYanimdayim",nefret
"Yirmi yıldır bu ülkede siyasi iktidarlar deprem hususunda bir arpa boyu yol almadığı gibi, ülkemizi soyup soğana ceviren Türk Telekomun peşkeş çekildiği arap başta olmak üzere bütün kan emici GSM operatörleri de sınıfta kalmıştır. https://t.co/o9Is6LqYU7",nefret
1 suriyeli 1 türk yine 2. sinif vatandas muamelesi,nefret
Yahudi kuklasi bb ??,nefret
birader beni karistirma bu islere... zaten yahudi zannediyorlar isimden ötürü,nefret
"Yasak kelimeler

Giz ('sir' karsiligi)
Gizem ('esrar' karsiligi)
Gizemli ( 'esrarengiz' karsiligi)

Uydurulmustur.
Sir, esrar, esrarengiz gibi güzel ve islek kelimelerimiz varken 1930'larda Ermeni Agop'un uydurdugu kelimelere itibar etmeyiniz.",nefret
"İmamoğlunu Maaşlı trolleri ,
milleti salak enayi sanıyor bu Yunan Rum tohumu..😡😡🌚 https://t.co/bAkXHUN9t9",nefret
ismsezgin2Sana el kaldiran serefsiz in elleri kirislin insallah...Türk halki onu mutlaka cezalandiracaktir.ne is yaparsa yapsin istenmeyecektir...,nefret
Yahudi+Rum bunlardan daha büyük Türk düşmanı olabilir mi!Kıldığı namaza inanan var mı?TAKİYYE! https://t.co/fjo7qq2BMr,nefret
Bu saatten sonra Yunan piçleri düşünsün. Hükümet değil Devlet bu ada işine müdahil olur ve gerekeni yapar. https://t.co/J3cmb3R7Uc,nefret
bizim imamoglu'nun da su yaptigi ise bak ünlü müslümanlar gavur katolik fransiz markasi clio marka arabaya biniyormuslar 100 kilometrede de 63 litre yakiyorlarmis elhamdulillah masallah!,nefret
"Kürt anaları umurlarında olsaydı bunu haber yaparlardı. Taybet anayı haber yaparlardı. 
Alçak devlet alçak medya ve %90 ı alçak Türk halkı... https://t.co/Jdap23hqbC",nefret
"Budur.
Dünya ülkeleri, ülkelerini yöneten soyubozuk siyasilerin, bürokratların, iş ve din adamlarının çoğunun yahudi hırsız caniler olduğunu anladığı için yahudi hırsız caniler, din gibi uyduruk bir grip benzeri bu virüsü imal edip, insanlığı kontrol etmek istiyor olabilir. https://t.co/HVTFJmAy8f",nefret
"Tarihte bugün
Kanuni Sultan Süleyman'ın Vefatı 1566
Aydın'ın Yunan İşgalinden Kurtuluşu 1922",nefret
Papa hiristiyan zulmü aklindaki ülkeleri gezerek  nasil memnunmusunuz merak etmeyin tüm dünyada müslümanlara bu zulmü uygulamaya çalisacagim diyor. Isin utanç vereci olani namuslarini vatanlari tüm kutsal degerleri hiristiyanlarca ayaklar altina alinanlarin papa yi alkislamalari,nefret
"Kürt kardeşlerimizi, ağlayan anneleri gördükçe göz yaşlarımi Tutamıyorum.  Yıllarca kahrolasica pkk denilen ermeni &yahudi politikaları bu aziz , masum milleti birbirine düşürdü , acı çektirdi .. Kahhar ismi ile kahreylesin Rabbim.",nefret
nazlicandgn Bu nasil orta yolcu bir açiklama! Göt kurtarma ugruna sifatsiz alçaklik! Seversiniz sovu.,nefret
"KÜRD kadini böyle yürekli iste
Ben yilardir hep derim yüzde 10 KÜRD ler hdp ye oy verir  kürdüm hdp liyim diyen inananlar ermeni soyludur  
Ben de bir KÜRD olarak sonuna kadar bu annelerimizi destekliyorum
Annelerimiz  yanliz degildir LINK",nefret
Öldürmedigim her yahudi için bana küfredeceksiniz.. A. Hitler - 1945 LINK,nefret
"Ben bu Ermeni atiklarina kizmiyorum
Neden mi inançlarini yasiyorlar davalarina sahip çikiyorlar
Ama hocamin davasimi güttüklerini izinden gittiklerini söyleyenler
Bu Ermeni atiklarinin bugünkü döküntüleri ile beraber kol kola yan yana degiller mi
Iste Benim kinim bunlara?? LINK",nefret
ermeni chp liderinin pyd pkk için sözleri utanç verici açıkça ben ermeniyim islam türk düşmanıyım asker polis katilleri benim dostumdur diyor bu bir suçtur halk olarak bu ermeni yahudi hristiyan yunan rumları 15 temmuz'da sağ bırakmakla hata ettik şimdi havlamaları normaldir,nefret
"Son 15 yilda baski gören dindar Müslümanlar özgürlesti

Seküler sinif baski görmedi, özgürlügü iliklerine kadar yasamaya devam ediyor 

Birçok yasagi yasayan Kürtler özgürlesti

Potansiyel düsman olarak görülen Ermeniler, Rumlar vs. özgürlesti

Özgürlügün mimari da @USER'dir",nefret
"#TerrorsitGeertWilders
Safkan yahudi olan, İslam ve göçmen düşmanı şebelek Wilders, Erdoğan düşmanlığında yarışıyor. Biraz araştırsa, Erdoğan düşmanlığı yapan özel yetiştirilmiş, Amerikan pitbull cinsi faşistler gayya kuyusunda... https://t.co/ADaMFMRqdq",nefret
"Taoist olsa, Yahudi olsa, Müslüman olsa ayni seydir. Ateistlik ne alaka diye düsünüyor insan.

Son olarak : Kürdleri katleden ülkelerin 100%'ü Müslüman ülkelerdir. Destekçi Halklarinin ezici çogunlugu Müslümandir. Bunun yani sira dünyadaki diger müslüman ülkelerin hiçbiri +",nefret
suriyeli teröristleri besleyip öğrencilere terörist demek nasıl bir ironi. #AsagiBakmayacagiz,nefret
"YUNAN denen pislik el malı ile gerdeğe girmeyi çok seviyor anlaşılan Bak YUNAN YUTAMAYACAĞIN LOKMAYI ÇİĞNEME BOĞULURSUN🇹🇷🇦🇿

Doğu Akdeniz'de Türkiye'ye karşı Fransa,ABD,Mısır ve Birleşik Arap Emirlikleri'yle birlikte hareket eden Yunanistan,bu kez sahaya bir başka ülkeyi sürüyor. https://t.co/K37lZm6EV9",nefret
"#VatandaşlıkVermeYolVer

Suriyeli kadın satıcısı
Suriyeli mafya
Suriyeli organ mafyası
Suriyeli uyuşturucu satıcısı
Suiyeli silah kaçakçısı
Suriyeli hırsız
Suriyeli gaspçı
Suriyeli terör gruplar

Suriyeli vs vs

Ülkemde Suriyeli İS TE Mİ YO RUM!",nefret
System Of A Down keşke Ermeni olmasaydınız ama bu sizin suçunuz değil başa gelen çekilir napalım,nefret
#mrshl Allah sizin belanızı versin.yahudi piçler.anası babası belli olmayan süzmeler.para için anasına bacısına karısına kızına küfür ettiren piçler.,nefret
Bu sapik adama hapis cezasi verilmesi için Türkiyedeki arkadaslar lütfen kampanya baslatin,nefret
Papa irak ta bu ne sevgi ah hiristiyan dünyasinin kilici kiçlarina saplamis onlarda papa nin karsisinda kiliç salliyorlar bu kadar aptal toplum olurmu amerika iki milyon muslumani katletti utanmadan iraklilar papayi karsiliyorlar,nefret
"Mutlu günlerinde , kötü günlerinde arkadaşlarımın yanında olamıyorum..  Allah cezanı versin piç çinli!",nefret
ermeni iste ne bekliyorsunuz dagdaki ayi bile bunlardan daha insandir. hala da kalintilariyla ugrasiyoruz...,nefret
"Irevanda Igdir'da göçe zorlanmis 1915 yillari Igdirin Tuzluca ilçesinin alhanli ( uluhanli) köyü kurucularindan olan Hursit,nami diger erkek Hursit. ermeni zulmüne kendi ve arkadaslariyla katilip mücadele vererek halki korumustur.????????devami.... LINK",nefret
"Dünyanın başbelası olan , egoist zalim hain kahpe ve alçaklarından oluşan , putperest müşrik ilimunati teşkilatı ,satanist hristiyan Evanjelistleri ve  satanist yahudi siyonistleri yeryüzünden silip yok etmeden, dünyada savaş kaos ve zulüm asla bitmez.

Sebep bunlardır..",nefret
gardiyan aç kapiyi ver mehteri ermeni sevici canan kaftancioglu geliyor :),nefret
#suriyeliistemiyoruz #suriyeli #suriyeliler #suriyelilerdefolsun #zam LINK,nefret
"Taoist olsa, Yahudi olsa, Müslüman olsa aynı şeydir. Ateistlik ne alaka diye düşünüyor insan.

Son olarak : Kürdleri katleden ülkelerin 100%'ü Müslüman ülkelerdir. Destekçi Halklarının ezici çoğunluğu Müslümandır. Bunun yanı sıra dünyadaki diğer müslüman ülkelerin hiçbiri +",nefret
"#PKKExecutesCivilians 

PKK parali terör örgütüdür. 

Eroin uyusturucu silah ve organ mafyasidir, en önemlisi de Yahudi'nin masasidir.

Mesele tekrar Islam Sancaktari olacak Türkiye yi yavaslatmaktir.

Buna destek verenler Kürt degildir! 

Ermenidir, Yahudidir, Lejyonerdir",nefret
Güzelim Haydar Paşa garını hangi Arap soysuzuna peşkeş çekecekler acaba 😔,nefret
yahudi canan'a hapis kararı çıkmış darısı hain ermeni imamoğlu'na,nefret
Serkan inciyi ben engellemişim tiviti önüme düşüp sinirim bozulmasın diye onun peşinden gitmekle suçlanıyorum. Yahu adamların daha önceki şarkılarında yazdığı sözler ortada. Biri diyor en iyi ermeni ölü ermeni öteki diyor kürtlere ölüm öteki kız arkadaşına seni öldürürüm,nefret
"3 yil 3 ay Yunan isgali altinda kalan..
Menderes'in güneyinden de Italyanlar tarafindan isgal edildigi için iki ülke tarafindan isgal edilmis olan tek kentimiz...

Efeler diyari Aydin'imizin düsman isgalinden kurtulusunun 97. yili kutlu olsun..??????

@USER LINK",nefret
Yanindaki kardesinide senide sikeyim bak sovmeyecektim ama sabir kalmadi artik bak senin anani sikicem sakatliyicam sonunda senden baska kurtulmanin yolu yok gibi siktir git lan,nefret
yunan'a eskiden rum denirmiş mustafa kemal bunları izmir'de denize döktükten sonra yunan olmuş yani yıkanmak temizlenmekteki yunmak. 100 giderli etimolojik mizahtır kshsaja,nefret
"Ümmet için,millet için, birlik için, suriyeli apaçi kardeşlerimiz için #İBByeBoykot https://t.co/fbzrOMb1ru",nefret
"#enineboyuna Kürt sorunu, hem Kürtlerin hemde Türklerinin ortak kararlarıyla çözülebilir. Her iki kesim birbirinin kıymetini bilmek zorunda. Aksi takdirde Araplar ülkenin canına okuyacaklar.",nefret
"Faşist biri değilim ama bazen bu kesim için diyorum ki

Siz olsanız Yahudi
Ben olurum bir nazi
Sabun yapsam keşke sizi
Anca işe yararsınız
Çünkü şuanda oksijen israfısınız

#19YıldaYüzyıllıkDevrim",nefret
"Isleri güçleri Devlete bas kaldirarak CB Sn @USER in Aleyhinde olmak Sn @USER gitsin de Memleket Ingilizin Yunanin eline geçse de bunlar Için farketmez Hatta daha da iyi olur bunlara Kanin da var
@USER LINK",nefret
Sen kimsin ki devlet seni muhatap alacak it soyu gerçi itlerde senden kaliteli kani bozuk Yahudi kirintisi soysuz adi serefsiz namussuz LINK,nefret
"LINK Sen bir Yahudi kirmasi,sin soyun'da köpek soyu cibiliyetsiz zürriyetsiz",nefret
"Budur.
Çevrenizdeki TÜRK olmayan, müslüman geçinen, çogu rus (laz, çerkez, gürcü, ermeni), rum, yahudi, arap,... asilli hain, hirsiz, cani, sinsi, dinbaz siyasileri, bürokratlari, is ve din adamlarini taniyin ve savas, iç savas durumunda, ilk hedefiniz onlar olsun!
Yoksa, yokolus LINK",nefret
"sahin.gulyesi lAmk Türkiye deki bütün kadina siddet olaylarinin hincini Ahmet Kuraldan çikarmaya basladi millet, her gün kadin cinayetleri, tecavüzleri oluyor bu kadar parladiginizi görmedim ayrica öyle bir milletiz ki Bir seyi tam bilmeden, görmeden, anlamadan hemen linç kampanyasi çikarmaya bayiliyoruz. Kadina siddete karsi olacaksaniz buraya gelip bu adama ana baci avrat söverek karsi olamazsiniz, beklide günahina giriyorsunuz hepinizin hayaleti olay aninda orda miydi aq kaldi ki haksiz olsa bile olay gerçek olsa bile bu ülkede sadece sila siddete ugramiyor bununda farkina varin.",nefret
"Rus (laz, çerkez, gürcü, ermeni), rum, yahudi, arap,... dölleri DEFOLUN! https://t.co/uBhCQ9b1iu",nefret
Ya senin ben ayaginin yörüngesini ayri beyninin düsünen yerini ayri sikeyim. Lan pust siktir git artik bi de gitmek istemiyormus ne demek gitmek istemiyorum sari saçina siçtigimin çingenesi seni. Senin ayri seni oynatanin ayri amik. Utanmaz herif,nefret
İspanya 1400lerde yaptığı temizlik sayesinde yüzbinlerce konversden (dönme yahudi) kurtuldu ama olan onları kabul eden osmanlıya oldu. Yüzyıllar içinde güç sahibi olan bu müslüman görünümlü yahudiler osmanlının sonunu getirdi. https://t.co/QHUewIZuYJ #UEFAyaSelamSÖYLEYİN,nefret
".
.
ermeni şeytanın Damat Alay'ı*",nefret
sayısız kez yazdım tekrar edeyim. benim ermeni rum yahudi hristiyan hiçbir vatandaşımızla sorunum yoktur. bunu yaparsam gayrimüslim arkadaşlarıma ihanet etmiş olurum. kimliğini inkar eden taşnak siyon pontus ve pakradunilerdir bu ülkede sorun çıkarıp bekamızı tehdit edenler,nefret
"Her yerde
- cami
- kuran kursu

Her okulda
- zorunlu dîn dersi
- dîn propagandasi

Her havuz basininda
- anti Atatürk yayinlar

Iktidar ve havuz basinin
- arap seviciligi halka dayatmasi
- T.C.'nde arap nüfusuna alistirma çabalari

??

T.C.'nde ateist nüfus neden hizla artiyor?",nefret
"Doğru söylüyor❗️. Bunlar kürt değil,taşnak sutyun-hoybun ermeni terör örgütü’nün aparatları‼️👹👹👹 https://t.co/rxQyE3yTIk",nefret
"Bu ülkeyi Türk olmayanlar yönetiyor!! Anlayin artik...yahudi,Ermeni ve Rum kanlilar... LINK",nefret
"""Yaşanan vahşet yürekleri dağlamaya devam ediyor.""

Cumhurbaşkanı Yardımcısı Fuat Oktay, Hocalı Katliamı'nda Ermeni zulmüne kurban giden şehitleri andı.",nefret
"Yunan Bu Cografya ya Tatile zor geliyor hocam
Isgale gelmek çoooook sikiyor,dudaklari uçukluyor..
Ondan Bu SOROS Çocuklarina Taseronluk yaptiriyorlar... LINK",nefret
"Bu hainoglu hain RUM KIRMASI YUNAN DOLUNE haddini bildirecek,Ne mutlu TURKUM diyene diyebilen Bir TC savcisi yokmudur Allah askina.??? https://t.co/HukNdsUL3i",nefret
"öyle diyorsun ama, akp denen örgüt basi o begenmedigin telekoma 20 milyar dolarlik kazik atip hariri denen fistanli arap sahtekariyle paylasmisti. yani kendi bir ise yaramazsada, depremde aninda devredisi kalsada bayagi birilerini milyarder yapmis bir kurum LINK",nefret
demetbolat4067@USER insanlar özellikle bay ünlüler her seyin bokunu çikarmayi abartmayi öyle çok biliyor ki dünya sanki ünlülerin etrafinda dönüyor o kadar dogal güzellikte kizlarimiz var ki bikiniyi giydirim yüzlerine koca bir siteyi boyayacak Boya sürerler al size Türkiye güzeli o güzeli bu güzeli diye karsimiza çikarir lar sahsen simdi bu kadinin neresi güzel bana göre güzel degil,nefret
sude_gunac@USER siktir git senin gibi Türk kadini olmaz olsun,nefret
Gavur itin biri..bu tür gavurlara mantıklı cümle kurmaya gerek yok..söveceksin..senin bireysel özgürlüğünü de yaşam biçimini de...   Diye başlayan cümleler.. ulan ben Müslümanım ve her olaya İslam açısından bakıyorum var mı diyeceginiz.. varsa gelin kavga edelim savaşalım. https://t.co/Aog418zVHe,nefret
gardiyan aç kapıyı ver mehteri ermeni sevici canan kaftancıoğlu geliyor :),nefret
"yunan gibi takim. yunanistan ab nin simarik çocugu bunlar tff nin.
türkiyenin yogurdu baklavasi bizim diyen yunan güruhu bunlar.
ferhat göçer gibi 2. el sarkilarin sözcüleri.mustafa cengiz beyde güzel salliyoo
#ÜçlüBesiktasinÜçünBiriGsnin",nefret
"yahudi türkiyeyi çok sevdigi içinmi tgrt yi satın alıp fox yaptı silin tv nizden #YalancıFOXTV
yi kurtulun",nefret
"Bu tür haberlere hep süphe ile bakiyorum, hele hele bütün kürt isyanlarinin hamisi ingiliz söylüyorsa LINK",nefret
Defol git amina kodumun çingenesi,nefret
"Suriyeli fuhuş çetesinin eline düşen kayıp genç kızı polis kurtardı

https://t.co/1vj5m31fxf",nefret
bu Bağcılar’ın taşını toprağını sikeyim kaldırım taşının arasındaki kireçlenmiş topraktan kürt doğuyor adeta,nefret
"Ahmet Türk denen teröristten ""TÜRK"" soyadi geri alinmali ?????? 
Ne Türk ne kürt olamazsin yahudi ermeni bozmasi ??",nefret
"Gerek 1914-24 arasi Ermeni ve Rum tehciri, ve 1923-24 Nüfus mübadelesi; gerek 1955 6-7 Eylül Rum yagmasi esasen SIYONIST ve SABETAYIST elitlerin tüm pazarlara hakim olmak için tezgahladigi bir operasyondu.. Hiristiyan esnafa Yahudiler'in bir ayar çekmesi idi.. LINK",nefret
lan su ülkede islam batsada japonlar gibi ateist birisi yönetse halk millet azcik refah yüzü görse,nefret
"Çok benzedik geldi 
Bizde de bir yahudi tasmali var 
O Adolfada çok kirginim 
""Zamani gelecek öldürmedigim her yahudi için bana küfredeceksiniz ""
Senin kemigini s2ym

LINK",nefret
"Şunu kesinlikle unutmayın, Türk'ün Türk'ten başka dostu yoktur. Türklerin başka bir millet ile de sıkıntısı yoktur. Yıllardır ülkemizde birçok ırk ile birlikte yaşıyoruz. Sıkıntı çıkaran olursa o zaman işler bozuluyor. Suriyeliler büyük sıkıntı. Ükemde Suriyeli istemiyorum.",nefret
"şöyle bi günde bile hükümet ve bakanlıkları , Ulu önder Atatürk ü anmaktan acizler, burası Türkiye kardeşim kendinize gelin bu yaptığınız ayıp daha ne denir bilmiyorum yazık sanki ülkeyi rumlar yunanlar yönetiyor ne bu düşmanlığınız kime bu kininiz   #18martcanakkalezaferi",nefret
Ya senin ben sag ayak capraz baglarini sikeyim dirar tuberkloz ettin bizi amna kodugumun çingene  GET OF FUCK!!!,nefret
"Bunlar asla müslüman değiller.islamiyeti kendilerine kalkan yapıp Türk çocuklarından ve Türk kızlarından,daha açığı Türklerden intikam alan Türklük düşmanı ermeni,hıristiyan rum artıklarıdır.müslümanlıklada asla alakaları yoktur. https://t.co/F6ShRRtbc9",nefret
"Gözler  görüyor  daima devletiyle  giden selamettedir 

Içimizdeki  ermeniler  ve hainler 
   Devletimize  düsman oldular 

Dünya  ahiret  azab onlara yetisti  
Anlamiyorlar disardan yahudi 

Finans  ediyor  kandan  kayiyor 
 Daha  var  les  geberecek LINK",nefret
"Ermenilerin Karabagi isgal etmesinin ardindan Dr. Cevat Heyetin Azerbaycan Müellimi gazetesine (1993) verdigi söylesi.
Söyleside Ermenilerin yalniz Karabagda degil, her yerde tahribat isleriyle mesgul oldugunu söyleyen Heyet, Ermeni cinayetlerini siddetle kinadigini söyler. LINK",nefret
"sıradaki merkez bankası başkanının suriyeli sığıntı olma ihtimali?
Yok denilecek kadar az, az denilecek kadar hiç.
Değil.",nefret
Suriyeli severler bakin buraya. Evlatlarimizin canina kimin kasti var???? Alin size din kardesiniz bunlari kim niye soktu ülkeye saniyorsunuz? LINK,nefret
"Suriyeli'ler Mutmain, bizler pejmürde olduk.",nefret
"#Akpcocuklari Benimde polis jandarma Yahudi'nin emriyle pesimde kosuyor
Ama bir türlü üzerimde mal yakalayamadilar
Ama maskem boynumda diye ceza kesmekle yetindiler
YAHUDILER ÖLECEK
YAHUDILER ÖLECEK
YAHUDILER ÖLECEK",nefret
yeni magdurlar yaratiliyor ki abd'nin rotasi belli... aklimda bugünkü magdure ile ilgili seçimlerde kürtçülük yaptigidir. kürtçülük abd mandaciligi ingiliz emperyalizmine hizmettir.,nefret
"Ha bu arada #Ermeni erkekler #Rus ve Ingilizle bir olup vatanina ihanet ediyordu, ve kadinlarin cogunu Kurt aileleri aldi.

Dunya savasinin ortasinda oldu bunlar, ciftetelli oynanmiyordu. LINK",nefret
"Bunlar  azılı bebek katilleri
Ermeniside var içinde bize düşman olan çekemeyen itler bir arada hepsi yine gerçek kürt kardeşlerimin kanını emen
Alçak üç beş kafaları bebekleri annelerin karnında yok eden
Katleden geçmişten kalma azılı ermeni kalıntısı.
Meclisten atın bu zalimleri https://t.co/8EKDVHFbln",nefret
suriyeli öğrencilere var bizim çocuklarımıza yok,nefret
Yemiyorsaniz gargara yapin. Türkiye'de senin gibi yöneticiler yüzünden futbol bitti. Taraftar ayristi. Milleti birbirine düsman ettiniz sizin yaptiginizi gavur yapmadi be ahlaksiz herif LINK,nefret
 bahar_3534 sucunu bastiracak ya Türk halkinin gazla çalistigini da biliyor o it geçmisi karistiriyor simdi ! Ulan göt herif sen önce neden kavga çikti onu açiklasana iftira yalan diyecegine kavga sebebini anlatsana yavsak  ard,nefret
":)) çinli bu... 2000 yil öncede güvenilmezdi simdi de... Ne biliyoruz bize yolladiklari asinin içinde de tuzlu su olmadigi

#DevletiminYanindayim 

LINK",nefret
aykut_kurtkafa Filmi begenmek zorunda mi amk hayirdir verdigi cevaba bak artisin koskoca adamsin altina saygi duyariz yazsaydin saygi duyulan olurdun tam bir çamur oldun böyle,nefret
Türkiye'de üretimi düşmeyen ve her geçen gün artan tek şey var oda Suriyeli vatandaşların üremesi. Enflasyonu da bunlar düşürüyorlar sanırım yalnız bunları ihraç edebilsek ihracat rekorları da kırarız hani,nefret
Siktir git bi  oglu kurtulamadik,nefret
"Sizin derdiniz Muhterem Ali Arbas hocam degil,onun sahsinda Islam ve Müslümanlar. Sizin cemaziyel Evvelinizi çok iyi biliyoruz.Sizi gidi gavur asiklari.Kininizle gebenin.
#alierbasyalnizdegildir",nefret
"Dünyayı sömüren, müslüman insanları çoluk çocuk demeden katleden hıristiyan dünyasının dini lideri Papa, “barış elçisi” ayağına Irak’a geliyor, bizim Irak'lı müslümanlar, hani bayrağında ALLAHÜ EKBER yazan gafiller neredeyse amuda kalkarak papazı şakşaklıyorlar!. https://t.co/1DUlLyhkz7",nefret
Taymda inanilmaz derecede devrimci Kürt maskesi takmis boklar var !!!,nefret
"Olum O Ne öyle apaçi tarzi giyimler hal ve hareketler, Düsman askeri gibi sözler? Sizi düsman mevzilerinde mi kazandilar oglum? Türkiye Cumhuriyeti Devletine nedir bu düsmanliginiz? Bari Yunan uniformasi giyseydinizde tam olsaydiniz! 

#SusamamSarkisiBana",nefret
Arap dünyasının YARATICI ile bir ilgisi yoktur. Onlar YALAN TALAN GANİMET KADIN KIZ KÖLE CARİYE SALTANAT PUTPERESTLİK ve MİTOLOJİK HURAFELER peşinde olan  kabile toplumlardır. Kabile anlayışları DEVLET  ADAMLIĞI DURUŞU olan devletlerle tabiki başa çıkamaz. https://t.co/ImBvhwq5Uz,nefret
"*Kürtleri Katleden Milletler ve Devletler Müslüman!
*Kürdün Malı ve Namusu helaldir diye fetva veren din adamları müslüman!
* Kürtlere bir Kürsü(Temsil hakkı) vermeyen Dünya İslam Alimleri Birliği Müslüman!
Ammaaaa!
Kürtleri  Soykırımdan Kurtaranlar ise Hristiyanlar

Kim Gavur ? https://t.co/kRCAxJlHkR",nefret
28  Şubat bu ülkede gayrimüslim islam düşmanı ermeni yahudi hırıstiyan yunan  vatan haini kanıbozuk satılmışların darbe günüdür rabbin soylarını helak etsin inşallah,nefret
Bu nasil serefsizliktir diyarbakirdaki analara kulaklarini tikiyan kiçikirik sanatçi bozuntulari ermeni cananin destekçiligine soyundular. LINK,nefret
"Ha siktir lan! Milletin isi gücü yok seni nasil karalariz siye düsünüyor sanki. Yeni Türkiyeye laik bir sporcusun. Hep rezillik, hep ahlaksizlik. Sonra da ben böyle adamim ben söyle delikanliyim. Adam olmayan yerde bile adam degilsin. Basit bir soytaridan hiç farkin yok.",nefret
Halk gorsun bunu biz kapisina gittik eyt olarak cift dendik yuhlandik ulkenin ekonomisini bile biz batirdik imasi ile bosis dediler bir tek o kaldi bizi suriyeye gonderin onlari alin nasil olsa biz ermeni yahudi zannettiniz siz secim zamani gorursunuz LINK,nefret
"#MuhsinYazıcıoğlu
Fetö denen tasmalı yahudi köpekler seni öldürdü biliyor bilmiyordirki sen şehit sin şehitler ölmez ☝️ https://t.co/v5fmduvaLI",nefret
"Yunanlılar ele geçirdikleri bölgelerdeki Müslüman ve Yahudi kültürel varlıklarını talan etmiş ve her şeyi yıkmışlardır. Gelinen noktada, geçmişte görünüşü yaşayışı ile klasik bir Türk kenti olan Atina, Selanik, Navarin, Tripoliçe vs yerler bugün tarihi ile alakasız hale gelmistir",nefret
Pişt Kürt’ler size Kemalist zihniyetten fayda yok birakin bunlarin kicini yalamayi!!!! https://t.co/c9DsBBbcbU,nefret
 Ergüven biz futbolculunu göz ardi etmedik ve bunun ibneliklerinide göz ardi etmeyecez Türk Milleti Budur,nefret
"#AsımınNesliMeydanlarda
Düşmanlarımızı yahudi mason dönme komünist, emperyalist, ilerici devrimbaz diye saymaya ne hacet.Bütün Allah ve Peygamber düşmanları düşmanımız

düşmanlarımıza ise tek damla kanımızı okyanuslar çapında genişletip herbirini içinde boğacak derecede düşmanız https://t.co/TQbBQRZwLh",nefret
Sokumun çingenesi git lan takimdan,nefret
"Büyük Vatanseverlik Savaşı'nda öldürüldüğü ve daha sonra esaret altında olduğu tespit edilen Valihad Valiyev, birkaç ay sonra eve döndü. Geçen yıl Aralık ayında Ermeni esaretinden kurtarılan gazımızın gaz arıtımı tamamlandı ve bugün doğduğu Lenkeran'a gitti. https://t.co/ghFThowRoo",nefret
Piçin biri çikiyo kadinlar 90 km tek basina çikamaz diyo diger Piç hayir 81 km gidemez diyo ulan asaliklar biliyoz sizin Mekkede otelde oglan kovalarken viagradan geberen hocaniz arkadasiniz ida  Bedevi Arap yalakalari siktirin gidin Arabistana #BiziNeKanserEdiyor bu tipler,nefret
Uyan Türk milleti bu gün Papa gelir yarın Yahudi'nn alayı toplanp gelir gtün yanar ama iş işten geçmiş olur bu ne bu kadar gâvur aşkı.Ecdadimz mezardan bizlere beddua eder onlardan ülkemzi  namusu muzu koruyacağm teslim etmeyeceğim diye ömürlerini verdiler yetmedi hala uğraşıyorz https://t.co/LxHx1UQ57i,nefret
"Son açiklamayi bilerek geç paylasti ki gündüz programlari açiklama üzerine yorum yapmasin, bugün cuma son gündü, hafta sonu tatili, bunu düsünen Bayrampasa sapigi iki gün yani cumartesi ve pazar Sedat Peker den, cumhurbaskani, acun Ilicali hepsini arayip helallik isteyecek götümü kurtarin diyecek",nefret
3 kimliğinde mustafa yazmaz... kamal atatürk yazar... mustafa ismini neden red etmiştir... kemal yerine neden kamal yazdırmıştır...? 4 cenazesinde neden yahudi masonik nizam töreni yapılmıştır...? 5 anıtkabir'i yapan mimar neden yahudidir...? #annelerledireniyoruz,nefret
#TekeTekÖzel bu suriyeliler  bir anca s...gitsin fatih bey  bunlar  bizim  bayragimizi  yakiyor  hala  ülkemizde yasiyorlar  Suriyeli istemiyoruz. ...,nefret
"Trabzon'un Çaykara ilçesinin Rus ve Ermeni işgalinden kurtuluşu (1918)
Artvin'in Şavşat ilçesinin Gürcü işgalinden kurtuluşu (1921)🇹🇷",nefret
Hay allahim ya sitt kiz gizem bebege takilan altinlardan bütün Türkiye'ye esit çekilde dagit zira bizde 9 ay her anina maruz kaldik o promosyon çocuk kiyafetlerinizde fakir fukaraya çocuk esirgemeye falan bagislasan bu da benim fikrim zira 9 ay beraber geçirdik her anini saçtigin boku biliyoruzda????,nefret
Suriyeli sevgili mi yapsam diye düsünmüyor degilim ne de olsa DNA larinda gitmek yok,nefret
israil gerçekten zavallı bir ülke... geleceği yok. israil halkı büyük ölçüde ateist. fuhuş kumar alkol ve uyuşturucu bataklığına saplanmış bir halk...,nefret
Yalı çocuğu yahudi kirmasi  #nihatözdemiristifa https://t.co/9b14wZBVvN,nefret
"""bunlar kürt değil bunlar müslüman değil bunlar gavur. hdp almış oğlumu götürmüş pkk'nın eline vermiş."" allah'ın izni ile bizi bölmeye çalışan bu kalleşleri senin gibi mübarek analarımızın desteğiyle yok edeceğiz. ağzına yüreğine sağlık mübarek anam... #annelerdireniyor",nefret
Ben bu arap müslümanlari görünce seytani sevmeye basliyorum. LINK,nefret
@USER bu post karsima çikti. Ben burada falan degilim. Böyle travestileri takip etmem. Ve evet ayrica biri Müslüman degilse ateslerde yansin ki zaten yanacak. Siz de ona çanak tutuyorsunuz siz de yanin. Ve tekrar söylüyorum. Allahtan tek dilegim bi,nefret
benden aldiginiz vergilerle hep suriyeli lere yardim dagitiyorsunuz bigün 2 bira alin gelin de vergi alirken yüzünüz olsun. @USER LINK,nefret
"Suriyeli it, git kendi memleketinde konus . Memlekete bak ya  suriyeli ite   bir islem yapilmiyor. LINK",nefret
"Kaldı ki ben sanmıyorum başka bir ülkede ülkenin kurucusuna düşman gözüyle bakılsın ve ya hakkında bu kadar rahat kötü konuşulsun. Bu ülkeyi kuran kurtaran adama düşman olan bu ülkeye de bu cumhuriyete de düşmandır benim gözümde, ve torunlarıdır gavur ellerin. https://t.co/5v8b3J7hpV",nefret
Hesabımdaki ermeni sevici İslam düşmanları takibi iki taraflı iptal ediniz kanalizasyondani fareler gibi gözüküyorsunuz. Hesabım kanalizasyon değil uzaklaşın.,nefret
"BM.. DE  ,, SALONU IZLEYINCE, BOZUK ARAP ALEMI TEMSILCI
LERINI GÖRMEK. HALLERINDEN
SATILMIS OLDUKLARI, NASILDA
BELLI OLUYOR. UTANMAZLAR",nefret
Suriyelilerden de fena çikti siktir git ,nefret
İyi ki senin gibi Arap devşirmesi müslüman bir ahlaksız değilim. https://t.co/uEzhTuts0d,nefret
Trabzon kadar güzel baska bir arap memleketi var mi ya su güzellige bakar misi  ortaligi bok götürüyor amk,nefret
metin_1864Bunlar Türk kizlarinin bokunu kasikla yesin..,nefret
galatasaray'a acilen atanmalı. fransız uşakları... yahudi torunları... #uefatoprotectffp,nefret
Allah sana vuruyor ama Sen hala anlamiyorsun!!! Türkiye'nin yüzkarasi. Utan OÇ !!! Rezil herif.,nefret
Ülkemde tek bitane suriyeli istemiyorum. Kendi vatanını koruyamayıp kaçan fareler. Benim ülkemde artistlik yapamaz...!,nefret
cüneyt özdemir cevapsız bırakılacak bir kaç soru sordu. neden susuyorsunuz. ya kürtlere olan nefretten ya da hdp'ye olan sevgiden. hakkari'de van'da şırnak'ta diyarbakır'da binlerce çocuk kaçırıldı hepsine sustunuz hdp pkk,nefret
"PKK'NIN PRAJESI OLAN ESBASKANLIK IBB'DE ÜSTÜ KAPALI UYGULANDIGI ANLASILIYOR.
KRIPTO YUNAN EKREM BERTARAF EDILMELI

@USER @USER LINK",nefret
osmanli'nin bu topraklara kabul ettigi yüzbinlerce yahudi her zaman oldugu gibi isimleri degistirdi müslüman görüntüsüne girdi ve yüzyillardir aramizda aleyhimize çalisiyorlar bunu anlamadan memlekette dönen dolaplari anlayamazsiniz #annelerleberaberizyasen,nefret
"Ey YUNAN Bozuntusu
El ATINA BİNEN TEZ İNER
BİLESİN.
Ey YUNAN TÜRK le uğraş
ma🇹🇷

Kathimerini gazetesi ise. Fransa'nın uçak gemisi Charles de Gaulle'ü Türkiye'ye karşı Doğu Akdeniz'e göndereceğini ilan etmesinin ardından İngiltere'nin de benzer bir adıma hazırlandığını bildiriyor https://t.co/Lm5S75ob9F",nefret
#bunlarinhepsi ermeni yahudi amarika köpegi..satilmis serefsizler,nefret
Boşuna yazmıyorum gıda ile hasta ediyorlar öldüremediklerini suriyeli doktorlar.!la halledecekler. https://t.co/P3l0u1CrH7,nefret
"Suriyeli it, git kendi memleketinde konuş . Memlekete bak ya  suriyeli ite   bir işlem yapılmıyor. https://t.co/PVyehwj9fI",nefret
Neymis bu arap sevdasi.herseyi araplara satmadan usanmadi bikmadi LINK,nefret
"""Balıkesir'de sahte dolarla alışveriş yapan Suriyeli yakalandı"" Haberin detayı...https://t.co/tpVrsZt9lv",nefret
"Tweet'i Atan Serefsizin Profili ??
Ülkemde Suriyeli Istemiyorum ?? LINK LINK",nefret
"ermeni MECLİSİNDE HİÇ TÜRK YOK,BİZİM MECLİS SAĞLI SOLLU ERMENİ TİYNETLİ DOLU, BU ÜLKE DÜZELİR Mİ?OSMANLI DA ÖYLE BATMADI MI !",nefret
18 1933'e kadar üniversitelerden temizlenen osmanlı müderrislerin yerine sadece istanbul üniversitesine neden yahudi 22 profesör ve yahudi 90 asistan yerleştirmiştir 19 neden halk aç iken tekel bira fabrikası kurdu ve fuhuşu genelev olarak resmileştirdi #annelerledireniyoruz,nefret
"Yunanlilar ele geçirdikleri bölgelerdeki Müslüman ve Yahudi kültürel varliklarini talan etmis ve her seyi yikmislardir. Gelinen noktada, geçmiste görünüsü yasayisi ile klasik bir Türk kenti olan Atina, Selanik, Navarin, Tripoliçe vs yerler bugün tarihi ile alakasiz hale gelmistir",nefret
Acaba Yahudi müzik kanallari da haftanin Hitlerini seçiyor mudur?,nefret
Siktir ol git su araplara bize para lazim çingene,nefret
"biri pedofil finansörü
birine arap tecavüz etmis yataktan cani istediginde çikiyo
birinin zaten normalde kendine hayri yok.

Hah iste beni bu üçünden birini seçmek zorunda birakan eyy kozmoz ben sana ne diyim 

Ne ettik La biz sana",nefret
ak partili arkadaşlar tövbe etmezseniz allah'ın huzuruna müslüman katili olarak çıkacaksınız. ırak işgalinde haçlı ordusuna verdiğiniz desteği bu halk unutur ama allah unutmaz. #susamamşarkısıbana,nefret
"Aynen öyle!
Yunan piçleri bi kaç sehir alinca Türkiyeye isgal ettiklerini saniyorlar. LINK",nefret
Arkadaşlar hayatımda 1 İtalyan 1 Fransız 1 Alman 1 İspanyol 1 Portekiz erkek oldu. İnanılmaz mutlu ettiler. Türk erkeği pişmanlıktır. https://t.co/8aJnfLaFAP,nefret
Adıyaman evliyalar diyarıdır hiç bi zaman ermeni işbirlikçilerine gönül vermedi burada bi kepazelik var @PervinBuldan https://t.co/8Evc3sf4Wf,nefret
"4-11eylül 1919 #Sıvaskongresi ülkemizin bütünlüğü için atılmış bir adımdı. Ülkemizi 4,5 milyon #Suriyeli Arap işgal etti, A.B. geri gönderemezsiniz diyor, yeni işgalciler gelecek. #CHP #Kürt etnikitesinin alt yapısını hazırlıyor.
Bugün 4eylül 2019, Sıvaskongresi'nin 100.yılı https://t.co/F98FdOIh25",nefret
"Papa tesbih bile hediye etmis bu yagmaci, milletin malina çöken, Hiristiyan Haçli Sabi liderine. Bu mesrulastirma kabul edilemez. LINK",nefret
"1-DÜNYA YAHUDİ NÜFUSU

malum dünyada bilinen resmi Yahudi nüfusu 30 milyon civarındadır 10 u İsrail'de 15 i ABD ve Rusya'da 2 si AB de geri kalanı dünyanın muhtelif yerinde
ama bunun kripto ve dönmesiyle 2 iltisaklıları ile 5 katına çıkabileceğini sanıyorum",nefret
Konu İslam ve değerleri olunca hepsi saldırıyor. Ateist hristiyan yahudi hindu vs Müslüman bir diğerleri bir millet #KabeyiSavunanFişleniyor,nefret
emree550e#sahangökbakar Müslüman degilsin o zaman amk git avrupada para kazan Müslüman ülkede ne isi var,nefret
güvenli bölge olsun veya olmasın sınırlarımızdan içeriye bir tek suriyeli daha almayacaksınız türkiye dingonun ahırı değil bizim atalarımız kadınıyla çocuğuyla savaştı ne için? vatanıma vatansızlar gelsin kara bulut gibi çöksünler diye mi #perşembe,nefret
"Ve uzayinda b*ku çikti arkadaslar....Birlesik Arap Emirliginden Hazza Al Mansuri uzaya uçan ilk arap oldu. Bir kaç yil içinde uzay savaslari çikarsa sasirmayin.....vah uzayli kardeslerim, acinizi tüm içten duygularimla paylasiyorum....geçmis olsun diyecegim de, geçmez artik??????",nefret
"""Fox TV bir yahudi sermayesidir.yani yaptığı haberler haberden çok temennisidir yahu akıl var bir müslüman düşmanından iyi bir şeyler beklemek ya ahmaklık yada saflıktır",nefret
"hava sahamız delik deşik, amerikan ve yahudi uçakları havada fink atıyor, ve hava savunma sistemimiz yok! adam türkiyeden girip suriyeyi bombalıyor ve dönüşte yakıt depolarını türkiyeye atıyor!
şimdi bir hava savunma sistemi kurulursa hava sahamız bu iki HAYDUT geçişine kapatılır https://t.co/0JKmWec9T7",nefret
"Alaşehir İlçemiz, 22 Haziran 1920'de Yunan işgaline uğramış, 2 yıl 2 ay 13 gün işgal altında kalan Alaşehir halkı büyük kayıp vermiştir. Tüm zorluklara rağmen 5 Eylül 1922’de özgürlüğüne kavuşmuştur. Aziz şehitlerimizi rahmet ve minnetle anıyoruz. 
#Manisa #Alaşehir https://t.co/0MYRAbha1y",nefret
masonlar bugün rotaryenler lionslar satanistler illuminati gibi üst alt cemiyetlerle insanligi bir avuç sapik yahudiye hizmetkar eder duruma getirmede büyük mesafe almislardir. insanlik bu sapik yapilara karsi birlesmelidir.,nefret
Ermeni işgalinden kurtarılan #Şuşa’da yaptırılacak 9 derslikli ilkokulun yer tespiti için MHP'li bir heyet yarın Azerbaycan'a gidecek. https://t.co/K1Dh6pYJ2M,nefret
Allah belanızı versin yahudi köpekleri #YalancıFOXTV,nefret
"Türk polisi üniversitede bomba patlatmak isteyen, insanlari asmakla ve yüksek yerden atmakla tehdit eden suriyeli bir köpege karsi pek hazir degil sanirim. Neyse ben yine de hazirlikli bekleyeyim gelip beni alabilirler evimden kendi vatandasina karsi hazirdir kahraman polisimiz. LINK LINK",nefret
"Sözde Kürt savunucuları Ermeni kriptolar çocukları El Bebek Gül Bebek Avrupada okullarda baleler de kayak merkezlerinde eğlence mekanlarında oynarken eğlenirken

 Benim masum Devleti için canını hiçe sayacak 15 Temmuz'da ispatı olan kardeşlerimin çocukları kandırarak dağa çıkıyor https://t.co/5pzVCuecxy",nefret
Son Suriyeli yurdumdan gidene son badem biyikli andimizi okuyana son salyali kuduz saray köpegi kisirlastirilana kadar son soysuz kendini soylu sanan kadar bu mücadeleye devam,nefret
ISTANBUL SÖZLESMESI IBNELERIN ES CINSEL LERIN HOMOSEXUEL LERIN GÖT VERENLERIN AVRAT PEZEVEKLERININ ORUSBU ÇOCUKLARIN HIRSTIYAN ERMENI RUM YAHUDI MECUSI YASASIDIR TÜRK VE MÜSLÜMAN LARA AYIT DEGILDIR LINK LINK,nefret
"Ezan okunmasindan rahatsiz olan, Vatan düsmani, Türk düsmani, Ermeni sevdalisi Chp'li Canan Kaftancioglu 'na 9 yil hapis cezasi verildi. Az degil mi? LINK",nefret
Sari torba!! Kim iktidar olsa Devletime düsmanlik edecek haysiyetsiz Ermeni tohumlari mevcut .. Baris Atay'i da Canan Kaftancioglu'nu da sonuna kadar   terörle Itham ederim.. bir gram tefekkür etmiyorum ve lanet bile okumuyorum.. ÖYLELER TERÖRISTLER ..TERORISTSINIZ. LINK,nefret
"Yallah Arabistan'a diyerek bizlere, İSLAMA hakaret eden tüm şeref yoksunları tespit edilsin..! 

Şu Yahudi kibrini el birliğiyle kıralım Sayın Bakanım @suleymansoylu

@muhteremince
Burası MÜSLÜMAN TÜRKİYE‼️
Hiç kimsenin DİNİMİZE saldırmaya hakkı yok..!!

#KabeKutsalımızdır",nefret
"Uygur Türk'tür.
Suriyeli yüktür. LINK",nefret
#olmaz dunyayı görüyorsunuz ama benim ulkeme düşmansinız. Yahudi kanalısınız tamamda kendinizinde bu kadar yahudi türk düşmanı olduğunuzu ortaya koymayın.,nefret
Lan bu dalyarak bir de Suriyeli miymis? Siktir git ülkende Daes'lileri patlat amk çocugu. LINK,nefret
Yahudi hıristiyan ab abd hdp chp pkk feto vatan hainleri ve düşman oklarını reisimi çevirmiş ise  iste o lider gerçek müslümandır adam gibi adam RECEP TAYYİB ERDOĞAN  #HırsızTayyip,nefret
"Maraş bize mezar olmadan düşmana gülizar olmaz,kalesinde Türk Bayrağı dalgalanmayan ülkemde Cuma Namazı kılınmaz diyerek Maraş’ın Fransız işgalinden kurtulması için diriliş harekatını başlatan Maraş Ulu Cami imamı Rıdvan Hoca https://t.co/uf8EFIIou1",nefret
"Budur.
Sirada Fatsa, Antalya ve diger illerimiz, ilçeleri iz var.
Ve tekrar edelim.
Yabancilar!
Özellikle ruslar (laz, çerkez, gürcü, ermeni), rumlar, yahudiler,...!!
Ülkemizden DEFOLUN!!
Anlayanlara iyi geceler. LINK",nefret
yiğit'in yanına suriyeli kız çocuğunu oturtmuşlar.,nefret
Ermeni vahseti Hocali Soykiriminin 29. yil dönümü  LINK,nefret
LAN SIKTIR GIT AMINA KODUMUN ÇINGENESI SIKTIN TAKIMI,nefret
yahudi yaksanız alkışlanırsınız bu ülkede https://t.co/1es1Mpm7bz,nefret
"Arap milletine karsi her vakit temkinli olmak sarttir.!


#CumhurbaskaniIstifa Fahrettin Altun #ErdoganinYanindayiz 


Suudi Arabistan, Türkiye'ye uyguladigi boykota devam ediyor.
LINK",nefret
"Gün geçmiyorki bir ateist ahlaksızlığıyla beni şaşırtmıyor olsun. 

Siz etkileşimi nasıl yükselteceğinizi biliyorsunuz. 😉 https://t.co/hAY9dASjNe",nefret
Tff Fatih Terim’e verilen cezanın 19:05 te açıklanmasını derhal izah etmelidir. Recep Tayyip Erdoğan’ın ifadesi ile ‘YUNAN MI LAN ‘ bu takım...,nefret
Kendi ülkemde bile suriyeli muamelesi görüyorum ana sayfam ful suriyeli. 😐,nefret
"seher1983@USER o zaman yüzünde bulunan iki çukura yerlesmis olan ampulleri aç ve iyi oku, kalan beyin hücrelerinle de anlamaya çalis ilk yazdigim gayette bir iyi Türkçe adinda meymenet yok! ayrica sen kimin ülkesine kimi yabanci tutuyorsun sazanin önde gideni her boka maydanoz olmak iyi degildir! Zirlamak huyum degil ama iyi zirlatirim çok merakliysan zirlamaya",nefret
Yok efendim reis Filistini savunan tek adam BM kürsüsünde tüm dünyaya onlari savunuyor Israile demedigini koymuyor. BANANE filistinden araptan ulan Çin de Türkistanda soykirim var Çine bir tane laf var mi ??? Ümmetçiliginiz arap seviciliginiz batsin !,nefret
"Pkk’lı teröristlerin ve Ermeni Canilerin yılmaz savunucusu Canan Kaftancıoğlu’na 9 Yıl 8 Ay Hapis cezası verildi...

Rabbim Devletimize zeval vermesin... https://t.co/lSxr4O7XoE",nefret
Bu Gereksiz Kisilik Birakin Baskan Olmayi Yönetici Bile Olursa Yemin Ederim Ne Maça Giderim Ne Forma Alirim ?????? Türk Düsmani Arap Pezevenk ?????? LINK,nefret
"Suriyeli aile evini kaçak muayenehaneye, babasının evini ecza deposuna çevirmiş https://t.co/iM1IVhTj0c",nefret
"""Stop Erdogan""  Hiç bir ülke lideri hakkinda Buna benzer bir ponoyu reklami türkiyede yapamazsin.Abd ve benzeri ülkeler yapiyor.Bunun bir anlami olmali.Türkiye ya gücü yok ya tepkisiz kaliyor.Yoksa milletim adina konusacak cüret nasil gösterir gavur dölleri",nefret
Yahudi kibri diye birşey gerçekten varmış https://t.co/ZjPdEyG0D2,nefret
"Birkaç ay önce tüm Ankarayi gezip gitme vakti gelincede yorgunluktan merdivenlere oturmustum bitap halde Astideyken Suriyeli sanip önüme para falan koyan olmuslardi ,baya üzüldüm evet LINK",nefret
"Suriyeli 15159
Pakistanli 680
Suudiarab 394
Afganli 360 sirket kurdular ülkemizde..
Türk sirketlerde iflas ediyor 
Türkiye'mizin aci gerçegi 
Bu duruma düsürenler utansin??",nefret
gulozkaplan Ben bunu Türkiye güzeli seçenlerin aklina siçayim ayni legen surat bu ne ya,nefret
"*Gün oldu 👉hoca sevici oldunuz.
“Gün oldu👉Barzani sevici oldunuz.
“Gün oldu👉Esad sevici oldunuz.
“Gün oldu👉Arap sevici oldunuz.
Ulan herkesi sevdiniz de bir tek ülkenin kurucusu👇 
MUSTAFA KEMAL ATATÜRK’Ü sevmediniz 
Kıskanç ve hainsiniz✋",nefret
Suan Suriyeli olsam doktora girmis çikmistim.,nefret
"Kurtulus Savasinda önemli rol oynayan Efelerin Türk Bagimsizlik savasindaki rolü baslar.

Aydin savunmasi, Türk Kurtulus savasi'nin en erken asamalarinda yunan isgalinin ilk dalgasina karsi gerçeklestirilmistir. baslarinda Yörük Ali'nin bulundugu Efelerin 27 haziran 1919 günü",nefret
allah askina su çiçek böcek paylasanlari rt etmeyin vallahi billahi oyun büyük onlarla oyalanmayin hdpkk chp birlik içinde hareket ediyor talimati yahudi asilli beyaz türk veriyor taraftar gruplarini da kullanacaklar sosyal medyaya hakim olmamiz gerekiyor çay çorba zamani degil,nefret
"Yıllarca ülkücü ayağından ülkücülerin sırtından kene gibi gecinip gittin, şimdi ise ermeni artıklarının peşinden, cehennemin dibine kadar yolun var. https://t.co/IDACeeukY1",nefret
"Elin yahudi domuzu tahrif ettikleri, tüm kutsallığını ayaklarının altına aldıkları kitaplarına harfiyen uyarken, bizler Hz Ali (RA) dediği üzere ""bir tek vav harfinin çengeline dünyayı taksan değiştiremezsin"" dediği Kuranı Kerim'e ne kadar tabiyiz acaba?",nefret
"Yunan isgalindeki ada ve adaciklarin haberini yapmadiginiz sürece bu yaptiginiz haber degil, sadece algi degistirme çabasidir, millet bilsin. LINK",nefret
"Yahudiler tarafından
ele geçirilen ve
birçok devletin istihbarat teşkilatlarına
kurdurulup Yahudi hesabına çalışan
bütün terör örgütleri
bir kaç yıl içinde hepsi
Çin hesabına çalışan
terör örgütleri durumuna
inkılab edip
dönüşecekler.
bunu öngören bir lider
ABD ve AB yi uyardı.",nefret
Zorunuzamı gitti Yunan bozması https://t.co/WFdT6JAkJN,nefret
"Rus haber ajansi RIA Novosti, uzmanlara göre Rus Tor-M2KM hava savunma sisteminin Bayraktar TB2'ye karsi etkili oldugunu ve menzile girmesi halinde IHA'nin ""hiç sansi olmadigini"" iddia etti.

Karabag'in Ermeni isgalinden kurtarilmasinda en az 3 adet Tor-M2KM imha edilmisti. LINK",nefret
Yahudi+Rum bunlardan daha büyük Türk düsmani olabilir mi!Kildigi namaza inanan var mi?TAKIYYE! LINK,nefret
ulan kürt olup yoldan geçen karı kıza bakmak vardı izmir bizi ibne yaptı götümüze baktırıyoruz,nefret
"Bunu yazan bir Suriyeli. Bir Türk yazsaydi sabaha karsi kapisinda biterdi TEM polisleri hakli olarak.
Bu küstahin Suriyeli olmasi mi sizin harekete geçmenizi engelleyen?
@USER 
@USER LINK",nefret
aytuldiddy Yani diyor ki ben yaptigim sapikligin arkasindayim size ne oluyor ??tatbiki tek basina hatali dil parasi var 3 kadini satin almis burada satilik olan kadinlar düsünsün ??ülkede hiç bir sey kalmadi ahlak adalet yoksunu bir ülke olduk ama biz Müslümaniz ????,nefret
"O kadar haklısın ki,birileri artık bu durumu dillendirmeli.Sözde ermeni soykırımından bahsedenlerin hiçbiri Ermenilerin yaptıkları zulümlerden bahsetmiyor maalesef.Bu konuda okuduğum kitaplardaki ve bu duruma şahit olmuş insanların anılarındaki işkence türleri vahşiliğin ötesinde https://t.co/tft7qKLreb",nefret
Bu isgal deyilde ne ülkemde afgan suriyeli irakli pakistanli Afrikali toplam 13 milyon mülteci ve siginmaci var bu isgal degilde ne ATATÜRK yasasaydi Çanakkale savasina girdigine binmis an olurdu,nefret
"Sampiyonluklari çaldiniz,tezahüratlarimizi çaldiniz sira üçlüye mi geldi. Baklavayi çalan Yunan gibisiniz... #ÜçlüBesiktasinÜçünBiriGsnin",nefret
"660. tarihi #Kırkpınar Yağlı Güreşleri festival haftasının Ermeni işgalinden kurtarılmış ezeli Azerbaycan toprağı #Karabağ'ın #Şuşa kentinin #CıdırDüzü meydanında düzenlenmesini teklif ediyorum.
#ErMeydanı

@fahrettinaltun
@HikmetHajiyev
@GSBgenclikspor
@officialmys
@EdirneBel https://t.co/8RWDvARVQP",nefret
"Bush ne diyor?  Irakin isgalini bana Isa (a.s) vazife olarak verdi diyor.

Bille ne diyor? Benim Irak harbine istirakimde asil faktör Hiristiyan olusumdur diyor. Bunlar Hiristiyan degil mi? Niye Yahudi için çalisiyor? Çünkü Yahudi bunlari aldatmistir. ",nefret
"Canan Kaftancioglu hakikatten dönmeyecegim demis. 

Hakikat dedigi de Atatürk ve Cumhuriyet'e düsmanlik, pkk ve ermeni seviciligi vs vs say say bitmez. 

Yerin demir parmaklik arkasi kanas Canan ??",nefret
Sana tas sakli biri denk gelse o zaman seni baskomutanin bile kurtaramaz.. bütün kredileri tükettin futbolu birak git Italya'ya Rusya'ya mafya ol????,nefret
"Arap sevdalisi ise,  size bir faydasi dokunmaz.!",nefret
cemil_lort Türkiye güzeli bu muymus ??????sikenin dibine vurmuslar aq resmen tipe bak çay ?? demle ??????,nefret
Bu nedir allah aşkına. Bu nasıl bir sömürü düzenidir. Bu nasıl bir ahlaksızlıktır. Bu nasıl bir vicdansızlıktır. Sülük desem sülüğe ayıp. Bu memleketin hiç bir evladı böyle bir vicdansızlığa sessiz kalamaz. Bunlar bu memleketin evladı değil. Yunan artığı bu araçları kullananlar. https://t.co/IMry5I5y5h,nefret
Senin yerinden bir fakir olsa cezaevindeydi simdi. Paran kurtardi seni Türkiye'deki Adalet böyle. Kahpe Çocuk arda turan,nefret
"sualler çoğaltılır lakin cevap hep hayır olacak !
bir mes'elede dahi yek vücud olamıyorken yahudi kafirinin açtığı binbir mes'ele bu birliktelik nasıl tesis edecek ?
veya niçin tesis etmiyor ?
niçin sesiniz bir ağızdan çıkmıyor müslümanlar ?
hala ninnilerle uyuyacak mısınız ?",nefret
"Yasasin Müslüman Kürt anneler, kahrolsun Pkk kahrolsun Hdp ve destekçileri.
#AnnelerleBeraberizYaSen
#annelerdireniyor",nefret
Bu ülke Allah yolunda Vatanı savunmak şehit olmak için Allah Allah diyerek  canını veren yiğitler sayesinde kurtarıldı şimdikilerde diyanet kapatılsın diye yırtınıyo hani denize dökmüştük ?? Yunan tohumları sizi #diyanetkapatılsın,nefret
jum7100@USER salakmisin sen o kullandigi seyden baska insanlarda yemeli nerde sizin muslumanliginiz.her halde siz izmirli olmali orada bok kokuyor da ondan,nefret
Canan Kaftancioglunu kim savunup destekliyorsa ermeni sevicisidir ve ermeni soykirimini destekliyor demektir. Bu bir Didem Soydan bakis açisidir. LINK,nefret
Yahudi sermayeli #YalancıFOXTV kapatılsın,nefret
Papa hırıstiyan zulmü aklındaki ülkeleri gezerek  nasıl memnunmusunuz merak etmeyin tüm dünyada müslümanlara bu zulmü uygulamaya çalışacağım diyor. İşin utanç vereci olanı namuslarını vatanları tüm kutsal değerleri hırıstiyanlarca ayaklar altına alınanların papa yı alkışlamaları,nefret
#muharrem önceden günese göre oruç açilirdi sahur falan olmaz yeme içme sinirli idi iftar diye bir kelime geçmezdi iyice sünni dine uydular alevi kizilbaslar yakinda top da patlatilir kiminle gezersen ona benzersiniz,nefret
"Cezayirli yahudi ve arap fenomenler, polisler kesinlikle Fransa’da sürekli sorun çıkaran Araplara ve zencilere acımasın dediği için Araplar kuduruyor. Neymiş polisler neden sürekli sokakta... sadece zencilerden ve Araplardan kimlik istiyor onları kontrol ediyor diyorlar. Normal",nefret
"Insan evladi iki ayak üstüne kalktigi zamanlarda arap yarimadasi anadoluyo vurunca bogazlar olusmus...
Nasil kirildigini düsünün artik...
2 milyon yil...
Her bok bu araplar yüzünden basimiza geliyo zaten...",nefret
"Geçen sezon Abdürrahim Albayrak'ın son 4 maç öncesi yaptığı algı operasyonuna bu yıl Mustafa Cengiz erken başladı,
Ulan Yahudi organize politikalarını bile aştınız. https://t.co/0ikdyqRx0S",nefret
Bütün suriyeliler defolup gitsin  bu ülkeden . Şeref yoksunu suriyeli #MuhammedNurTutuklansın,nefret
Denizde yunan kalmış mı kontrol ediyor atam https://t.co/nhfNB5JAe3,nefret
"Türk Milleti kan aglarken

Hdpkk'ya metreslik yapanlarin kanlari bozuk ve soysuzlar..

K*mal : Ermeni kirmasi
M*ral : Yahudi kirmasi
D*vutoglu : Yahudi kirnadi
B*bacan : Yahudi kirmasi
T*emel : Pakrudini
C*anan : Ermeni kirmasi
E*krum : Rum Yahudi kirmasi..",nefret
CHPkk zülümdür ahlaksızlıktır Dinsizliktir diktatörlüktür hainliktir Türk ve islama karşı kurulan bir Yahudi projesidir https://t.co/qb0NtudS2r,nefret
"Milletimiz sürekli olarak Ermeni düşmanı olmakla ve faşistlikle suçlanırken, Ermeniler kahraman paşamızı katleden teröristin heykelini dikiyorlar.",nefret
Neden İngiliz fitnesinden kurtulamıyoruz? https://t.co/QgVWtExsci,nefret
"Bu tuzağa düşen hatta başı çeken fıransa olacak
sonra diğerleride aynı tuzağa
düşürülmeye çalışılacak
ABD ve AB deki % organizasyonların
çoğu
kırpto Yahudi olan
kuruluşların işi olduğunu halk
fark edecek
Tv lerdeki
sunucu ve yorumcuların kahir ekseriyeti
dahi bunlardır
anlayacak",nefret
"#Sıra5816da ...
Bir gecede AB'Yİ takmayan o hürriyet, 3 5 çapulcu, ermeni rum yunan artığını mı takacak? Herkes eleştirilebilir.  Buna alışacaksınız...",nefret
"bize böyle haberlerle gelin, yikilsin ermeni itleri... ??? LINK",nefret
"kendisi suriyeli kendi vatanini savunma konusunda ACIZ,KORKAK lakin BENIM VATANIM'da bana tehditler savurabilecek kadar !CESUR bu SURIYELI TERÖRISTI oraya dikenler basini asagiya egecek!!! #AsagiyaBakmayacagiz LINK",nefret
insta takipçi isteklerini yeni temizlemistik simdiden 20 suriyeli istek atmis... rezalet bi platform,nefret
Allah belanizi versin pkk li ermeni kopekler genclerimizi zegirliyorlar #BirKezOlsunTepkiKoyun,nefret
Suriyeli hain ulkenden kaçıp gelmişsin köpek #MuhammedNurTutaklansın,nefret
"28 Ocak 1982 tarihinde Türkiye’nin Los Angeles Başkonsolosu Kemal Arıkan, Ermeni Terör örgütü JCAG üyeleri tarafından Şehit edildi. Cenabı Hakk rahmet eylesin mekanı cennet olsun İnşaallah. https://t.co/BxnkK5zB5v",nefret
"#Suriyelilersuriyeye 
#DönsünartikSuriyeliler Suriyeli sahte doktor evindeki ultrason cihaziyla yakalandi LINK @USER araciligiyla",nefret
"Bu adama laf eden kahpe, ya ermeni, ya rum tohumudur. LINK",nefret
Iyi ki Karamanoglu Mehmet Bey ve Ulu Basbug Atatürk Türkçeye deger verip yüceltmis. Yoksa bu arap sevici piçler yüzünden dilimizden olacaktik. #TürkDilBayrami,nefret
"📌93 Harbi sırasında Erzurum'da Aziziye savunmasına katılan, Rus işgaline karşı Erzurum’daki halk direnişinin simgesi hâline gelmiş Türk kadın kahraman➡️NENE HATUN

(Tarih/Genel Kültür) https://t.co/rdNSfYLepR",nefret
"Evlerde ögrenci #yokmu?gibi
Çalisan insan #yokmu?gibi
Ülkede canli #yokmusgibi
Gidip suriyeli ye desdek vermek ne demektir
Ülkemizde 4 milyon suriyeli neden duruyor
Biz asgari ücretle çalisiyorken
Sarayin adamlari neden 4 yerden aylik aliyor
Ülkeden insan #yokmusgibi",nefret
Yunan salatasi yunani sevmeyiz ama salatsini satariz ?????? LINK,nefret
"O  yüzden eğer görmek,  duymak  ve  dinlemek istiyorsan,  o  zaman  bütün  inanç  sistemlerini  bırakman gerekir.  Bir  Hindu olamazsın. Bir Müslüman  olamazsın.  Bir  Hıristiyan  olamazsın.  Bu  tip  saçmalıklara yönelemezsin.  İnançsız  olacak  kadar  aklı  başında  olmalısın.",nefret
limonlu su iciyorum çinli bir orospu çocugu olsaydim yarasa corbasi icerdim,nefret
"Akp trolleri  #İBByeBoykot uyguluyormuş, İstanbul’u terk etmeleri bekleniyor. Not: giderken yanınıza birer Suriyeli almayı unutmayın.",nefret
"Haydi dünya lideri görelim bakalım ne yapacaksın 😊
Ülkene 15 kişi gelip Bir adamı öldürdüler, bir kişi yetmezmiydi.
Yeterdi ama büyük ihtimalle cesedi 15 parçaya bölüp yurt dışına çıkardılar.
İşte Arap ve şeriat vahşeti.
BİZDEKİ ARAP SEVDALILARI DİKKATİNE https://t.co/5d1EhAcykd",nefret
babam telefonunu almış siri'yle konuşuyor siri sen ermeni misin heee buna da cevap ver bakalım diyor,nefret
"Türkçülüğün tavrı Türklüğü karşı bir taraf görenlere karşı kardeşlik masalı okumak değil bir bozkurdun pervasız saldırganlığı olmalı. Türkiye'deki dincilerin şeytanlığına, bölücü etniklerin kuduzluğuna ve Suriyeli piçlerin  açgözlülüğüne rağmen son sözü Türkçüler söyleyecektir. https://t.co/Tq37GrxL1K",nefret
Hdp nin tek bir amacı vardır Kürdü kürde kırdırmak türkü kürde kürdü Türke kızrdırmak çünkü hdp ermeni bir partidir bakin içine bir tane Müslüman Kürt vekil yok tamamen Ermeni,nefret
"Ugur Dündar Yilmaz Özdil gibi Nerde kripto,Yahudi, Ermeni, Yunan ne kadar Islam, peygamber,Kuran Sünnet düsmani varsa soyadi kanunu ile Türk kimligi verilmis
Içimizdeki bu Türk ve Islam düsmanlari dönmelerin ve sebetayistlerin hiç birisi Türk degil,müslüman hiç degil
Özür Dileyin LINK",nefret
sanirim tsli olicam benya çok yakisikli topçular var nerede çingene suriyeli tipli adam varsa gsde mq,nefret
Şu manzaralara sebep olan ermeni piçleri sonunuz yakındır. https://t.co/Z2iJeuKe3E,nefret
"yunan benziyor bunlar, malum.chp yunandan dönme.. LINK",nefret
"Kökeni Kabala'ya dayanır. Bizimle alakası yoktur. Kripto Yahudi örgütü İslâm'a sokmuştur 
https://t.co/NG7pwxkksI https://t.co/3XlFJJYSD8",nefret
"İngiltere’de yaşayan Türk hukukçu Kemal Gürpınar, Ege Denizi ve adalarda “Yunan oyunu”nu bozmak amacıyla Yunanistan’a adaları tahliye etmesi için nota verdi!

İngiltere’de yaşayan Kemal Gürpınar, Yunanistan’a adaları terketmesi için nota verdi.",nefret
PKK bir Ermeni kurulusudur Bu net ve açik Kürtlük ile uzaktan yakindan bir alakasi yoktur,nefret
"Sokakta Suriyeli
Markette Suriyeli
Otelde Suriyeli
Restoranda Suriyeli
Barda Suriyeli
Deniz kenarında Suriyeli
Ama camide Suriyeli yok.

Sonra “onlar bizim din kardeşlerimiz” öyle mi?
Anlat anlat ben yalanı severim",nefret
Suriyeli terörist.. Savaş mağduru diye bu teröristleri doldurdular ülkeye.. https://t.co/HN3IWYYbTk,nefret
Suriyeli siktir git,nefret
"Eyyyy AKP seçmeni !
Buyurun Suriyeli kardesleriniz... 
Sizinkiler (AKP + RTE) verdikçe onlar daha çok istiyor ! Siz verdikçe onlar daha fazlasini istemeye devam edecek ! LINK",nefret
"Savunma sanayi projelerini yabancılara satan ermeni dölü proje müdürünün bankalarda tuttuğu kiralık kasalardan 1 milyon yuro 500 bin dolar çıktı
Evinde yapılan aramada 
1 milyon 500 bin yuro çıktı
Arkadaşı evde unutmuşta alaçakmış diye ifade vermiş
Hain Alçak şerefsiz https://t.co/bJSvtzxtKq",nefret
#SevgiliSelahattinDemirtas vatan haini Ermeni piçi,nefret
nuransagit nasil çirkin bir görüntü kiz mutlu degil sanki zorla devam eden bir iliski gibi kurtul kizim yazik sana çokmussun modun düsmüs  gözlerinin içi gülmüyor yavrum kendine bu kötülügü yapma mecburumsun adam zaten bitik senide bitirecek,nefret
"Örneğin bir suriyeli bok torbası, Türkiye'ye gelip, bombalı saldırı yapacağım der. Bu, o bireye özel  bir şey değil, arabın aşağılık kültürel kodlarından biridir.",nefret
evini kaçak muayenehaneye çeviren suriyeli polis baskını sırasında ailesiyle kahve içti! rahatlar çünkü ülkede doğru düzgün yaptırım olmadığını biliyorlar. hırsızlık adam yaralama tehdit... ölüm hariç hiç bir şeyin cezası yok. #afdeğilcaydiriciceza,nefret
"Ermeni döl""leri #ÇocuklarimiziGeriVerHDPKK",nefret
Host lan  seni o bestepeyi getirenin alnindan mihlarim hain kôpek sen kim MHP kim soysuz Ermeni dôlü PKK'li soysuz LINK,nefret
yahudi foxun  yalanlarını ortaya çıkardığı için mi #ahaberkapatılsın,nefret
"ARAP SEVICILIGINI ANLAMAK MUMKUN DEGIL!

II. Abdülhamid, 1900'de Şam'ı Medine ve Mekke'ye bağlayan bir demiryolu çalışması başlattı. Ancak 1. Dünya Savaşı sırasında Osmanlılara karşı başlatılan Arap İsyanı sırasında (1916-18) Arabistanlı Lawrence demiryolunu patlattı. https://t.co/TS7UxJ96jJ",nefret
"25)iktidari elinde tutanin esi olabilmistir.! 
YAHUDI CASUSLUK ÖRGÜTÜ NILI
Emine Erdoganin büyük ninesinin ismi olan Nili, kadim Yahudi isimlerindendir. I.Dünya Savasinda Ortadoguda Osmanli Devletine karsi casusluk faaliyetinde bulunan Yahudi terör örgütünün adi da Nilidir.",nefret
ULAN GÖRMEYEN DE diyecek BU SAYFADAKI HERKES ÇOK NAMUSLU ÇOK AHLAKLI AMK HERKES AHLAK BEKCISI KESILMIS ESASINA BAKARSAN DA HEPSI OC AMK SANKI kendileri kimseye SARKMAMIS GIBI ULAN DAHA DÜNE KADAR GURURUMUZ TÜRKÜN GÜCÜ ARDA diye NARALAR ATIYORDUNUZ BU SAYFADA SIMDI DE ARDA BÖYLE ARDA SÖYLE bir kendinize GELIN AMK AHLAK FEDAILERI,nefret
Bunlar Kürt değil abla bunlar ermeni dölü,nefret
Noluyo olum yunan yine mi kudurdu ne bu jetler?,nefret
"Öncelikle güzel ülkem Türkiye'me selamlar. 
""Camide Suriyeli yok"" iddiası var @h_hatemi hocam.
İki satır karalarmı sınız? https://t.co/0SRG7Y3Lx5",nefret
"kurtuluş savaşımızla, bir bakıma ve de aynı zamanda, islamiyeti  de silahlı azgın yunanlının elinden kurtaran, kuvayı milliye-kemalistlerdir.  iyi düşünülmeli.  hakaret amacıyla kemalist derseniz yunan tohumu olursunuz",nefret
"Netflix gitsin, bein gelsin. Türk gitsin, Suriyeli gelsin...vb. Böylesi bir Arap’laşma yaşanmamıştı bu coğrafyada daha önce.",nefret
"Ermeni teröristin ciğerine bıçağı saplayıp; ""Sana Kürşad'ın kinini getirdim"" diye kulağına fısıldayan Abdullah Çatlı'yı arıyor gözler...
#birannebirdevrimdogurur https://t.co/YavjuYVT3R",nefret
bir ülkenin zenginleri ve sanatçıları hain ise o ülke hiçbir zaman belini doğrultamaz!... maalesef bizim ülkemizin zenginleri ve sanatçılarının %70'i satılmış hain ve yunan artığıdır.,nefret
"Ermeni teröristin Talat Pasa'nin kafasini ayaklari altina alan heykeline verilen,verilmeyen tepki vatanseverligin,yurtseverligin göstergesidir.PkkHdp nin siyasal ortaklari ,sözüm ona solcular,aydin kirintilari Türk milletinin tarihine kör ve sagirlar.",nefret
"Bu yahudi dölü yakalanmali
@USER 
@USER LINK",nefret
Her şeye karışmak veya her şeyi bilmek özellikle de bana karışmak sizin haddinize değil ebenizin dinine kadar yolunuz var az bi rahat bırakın la insanları soysuz ermeni tohumları sizi,nefret
"De buyur.. Bir bu hariçten gazel okuyan, basimizin belasi Suriyeli hainler eksikti..! LINK",nefret
"#corruptpolitician
#SenatorMenendez 
ermeni lobosinin amerikadaki kuklası?!

#Yakışır ermeni dostuna:
rüşvet,fuhuş,dolandırıcılık, ve pedofoli..
katil ermenilerin ve lobisinin sadık hizmetkarı https://t.co/tqcbNpJEct",nefret
Adana’yı Suriyeliler işgal etmiş olabilir mi?? Her yer Suriyeli! Türk yok gibi...,nefret
Ulan harbi ben camide hiç Suriyeli görmedim simdiye kadar LINK,nefret
"Bugün yeryüzünde dökülen kanın, yağmalanan toprakların,bozulan ekosistemin sorumlusu yahudi ingiliz şarlatanlığının savunduğu Yeni Dünya Düzeni adı altında tüm insanlara yutturmaya ırkçı emperyalizmdir.
#Allahınısevendefanstanayrılmasın",nefret
"15 temmuzda tünele, otele, mahalle aralarına tüneyen, meclisten kafasını eğe eğe kaçan, ortalık sakinleşince gelip meydanda carlayan AKPden

100bin suriyeli Terörist sınırı aşıp askerimize saldırıp poster yakarken başını kuma gömen AKPlilerden ne bekliyorsunuz?
#KumpasTescillendi https://t.co/qbgvUwRPwg",nefret
He bir de suriyeli yavsaklarin olmadigi bir yer için Finlandiya cok uygun ülke,nefret
Ne açı bin yıldır dünyaya jandarmalık yaparken 403 yıl yönettiğimiz kıytırık Yunan'dan kurtulduk diye kurtuluş günleri düzenlemek Kemalizm budur çünkü yalanlarla dolu kurgu,nefret
 k47cm anana tüm türkiye kaysin,nefret
"Gavur zulüm yapıyor diye kınayan Müslüman,
senin sessizliğin daha çok yakıyor zulmün ateşini.

Kahrolsun demek dışında ne yapabiliyoruz. 
Kaç tane gavur malı için ambargo uyguluyoruz evimize. 

 #HeyDoğuTürkistanlım",nefret
"Hastaneye git Suriyeli. PTT ye git Suriyeli. Plaja git Suriyeli. Git bakalım camiye var mı Suriyeli?
Neymiş din kardeşi.
Hadi oradan!",nefret
ido koltuk seçimi yine mükemmel ötesi. arap yani koridor 2 çocuk,nefret
Vatanindan kaçmis bir vatan haini ülkemizin en zeki ögrencilerini öldürmekle tehdit ediyor. Sonra neden beyin göçü oluyor. Bu kafayla bu ülke Suriyeli vatan hainlerini kalacak.#MuhammedNurTutuklansin LINK,nefret
"ÜSTAD KADIR MISIROGLU'NA LAF EDEN SOYSUZLAR SIZ BABANIZIN IÇINDEN ÇIKMAYI BEKLERKEN KAHRAMANLIK KOSUSUNA; ÜSTAD ""YUNAN MEZALIMINI"" PIYASAYA SUNDU!! LINK",nefret
"Suriyeli Şahıstan Boğaziçili Öğrencilere Ölüm Tehdidi
https://t.co/scJE8c9bSN
----------------------------
#AsağıBakmaycağız #HerYerBogaziciHerYerDirenis #BogaziciDireniyor @YildirimBircan https://t.co/dXeEDTrcFi",nefret
#selahattinDemirtasTeroristtir ona özgürlük vs sevgili felan filan diyen soysuz ermeni uşağı kalakteristik kertenkele dir net .,nefret
"Recep Tayyip Erdogan, sorusunu hazirlayan ""Kripto Ermeni, Bizans kondom kaçagi"" Babanin kim oldugunu ANANA SOR!",nefret
Üç kagitcilik basit kalir bunlarin patronu kim? Yahudi iti LINK,nefret
Ali Koç Yunan piçi net kimse aksini idda etmesin bu isler onun basinin altindan çikiyor,nefret
"Doğudaki o masum o dindar o vatansever Kürtler ermeni kırmalarına galip gelirlerse eğer bu Hacire ananın Hacire anaların sayesinde olacaktır. Birgün Kürt kardeşlerimiz hepbirlikte özlerine döndüklerinde Hacire ana, diğer analara babalara cesaret veren büyük bir sembol olmalı.",nefret
Türkiye Ağustos ayı boyunca 8.901 Suriyeli'yi sınırdışı etmiş. Bunun 2 katı Suriyeli çocuk doğmuştur tabi o ayrı konu. 😂,nefret
"Bu Suriyelilerin çok bela olacagini söyledigimizde islamcisi, solcusu, liberali bu magara kaçkinlarini el birligi ile savunuyordu. Suriyeli fuhus çetesi haberini görmezden geldikleriden o kadar eminim ki.",nefret
Pkk Kürt kavgası vermiyor. Kürt kimliğinin kavgasını vermiyor. 1915in intikamını alan ermeni uşaklığını yapıyor.  #AnnelerDireniyor https://t.co/UlYk6Xx5yy,nefret
"2- Islami bir deger olan Muhacir/Ensar anlayisiyla yaklastigimiz Suriyeli 'muhacirleri' okulda, otobüste, belediyede, sosyal yardimlasma vakiflarinda, hastanede, postahanede görüyoruz ancak camilerde neden göremiyoruz ?",nefret
"Kürt analari umurlarinda olsaydi bunu haber yaparlardi. Taybet anayi haber yaparlardi. 
Alçak devlet alçak medya ve %90 i alçak Türk halki... LINK",nefret
İŞİN KÖTÜSÜ BU YALANCI KRİPTO YUNAN EKREM'E İNANAN BİR SÜRÜ İNSAN VAR. https://t.co/IwhacK2bYO,nefret
Hocali tanigi Ermeni mezalimini dünyaya aglayarak anlatti LINK,nefret
Orospu çocuğu İsrail sen bu maçı kazanamazsan yarın sokakta nasıl Yahudi avlıyorum iyi izle,nefret
"Operasyondayken güvenlik güçleri ""Mehter Marsi çaliyor"" diye haber yapan yavsaklar var bu ülkede.

-Ne yani Çav Bella mi çalacaklardi? Ermeni dölleri.

Inadina degil Askimizdan Türkiye 
   .????????????????????????????????????.",nefret
"#SevgiliSelahattinDemirtas
 diyenler Selehaddin Eyyubi'nin has torunu imanli ve vicdanli ""Kürtler"" degil, 

Kripto Ermeni, Rum, Siyonist usaklari ve Haçli artigi kondom kacaklaidir.

Dedelerinizi bin yil önce geberttigimiz gibi sizi de gebertecegiz!

#CHPCöptür",nefret
"Sen Adam misin lan, Türk futbolunun yüz karasi!!! Defol git bu ülkeden istemiyoruz seni karaktersiz kansiz!!!",nefret
"EMPERYALİST VE ARAP UŞAKLARI ATATÜRK'Ü NEDEN SEVMEZLER
Atatürk en büyük Türkçü, Cumhuriyetçi ve Türk milliyetçisidir.
Türk Milletinin kendi kendini yönetmesi için Türkiye Cumhuriyetini  kurmuştur.
Türk'lüğün Bağımsızlığını, Başkaldırışını, Şahlanışını tüm dünyaya göstermiştir...",nefret
"Bitmediniz bir türlü ermeni çocuklari..

Yasa Mustafa Kemal Pasa yasa
Adin yazilacak mücevher tasa #KemalizmEsaretineSon LINK",nefret
"Ermenilerin Karabağ’ı işgal etmesinin ardından Dr. Cevat Heyet’ın Azerbaycan Müellimi gazetesine (1993) verdiği söyleşi.
Söyleşide Ermenilerin yalnız Karabağ’da değil, her yerde tahribat işleriyle meşgul olduğunu söyleyen Heyet, Ermeni cinayetlerini şiddetle kınadığını söyler. https://t.co/BC1PKdXu6Z",nefret
Köyümün dolmusunda bir suriyeli Arapça konusuyor ve ben girtlagina yapismamak içi kendimi zor tutuyorum. Sen TÜRKIYE desin ve Tüekiye'nin resmi dili Türkçe'dir!,nefret
"Ermeni anlayisi böyle, kimil zararlisi gibi.. LINK",nefret
Farkındaysanız Fetocüler hep Yunan’a kaçıyor. uLan Yunan.. Derimize nüfuz etti hasetin ! Soyle aklında ne var? Söylesene nedir bu nefretin? 🇬🇷,nefret
"zimbabve'nin ingiliz sömürgesinden kurtulup bağımsızlığını kazanmasında kilit rol oynamıştı.

ama oturduğu koltuktan 37 yıl inmedi. değişim isteyen muhalefeti ve daha iyi yaşam şartları isteyen halkı şiddetle bastırdı. fakir bir ülkenin lüks içinde yaşayan lideriydi. #Mugabe https://t.co/SKgpsPoZtF",nefret
"Yahudi tetikçisi @USER'in algisi yine çöktü, Dis mihrap'larin kanali oldugu gerçegi ortaya çikti... LINK",nefret
Bütün kötü yorumlarin oldugu fotografini bile yoruma kapatmissin. Ama fark etmez insanlar senin ne bok oldugunu çoktan anladi. Kamuoyu açiklamasi yapmana gerek yok sen düz bir abazasin. Türkiyenin en igrenç adamlarindansin. Elalemin karisina bu tarz seyler yapan gariban olsa linç edilirdi ama tabi konu sensin ya magazin oluyor. Allah sizleri bildigi gibi yapsin zaten yapiyor da. Bak gittikçe boka batiyorsun..Hakkettigin yerdesin????,nefret
"Her seyleri algi, her seyleri yalan.
Yahudi misali menfaatleri için dünyayi yakarlar.
ABD kanali FOX'dan her gün, ""Millet Aç, Aç!"" diye bagiran bu spiker bozuntusu, yillarca dayak atarak hayatini zindan ettigi esine  1.250.000 tazmnat, 15.000'de nafaka ödeyecek.
Hani millet açti. LINK",nefret
"1922 - Türk Kurtuluş Savaşı: Kahraman Türk Ordusu, Yunan İşgali altındaki Nazilli, Alaşehir ve Susurluk'a girdi ve mezalim bitti",nefret
Türkiye'nin Suriyelileri adanalilardir. Kime sorsam ya Adanali ya da Suriyeli,nefret
"Unutmayin, Balikesir Yunan isgalinden kendini kurtaran tek sehirdir. Unutmayin, Kurtulus Savasimizin ilk askeri kursunu 172.Alay tarafindan 29 Mayis 1919'da Ayvalik'ta, son kursunu Kocaeli Gurubu ve Millî Müfrezeler tarafindan 18 Eylül 1922'de Erdekde atilmistir. 
 #6eylül1922 LINK",nefret
"Suriyeli korkak savas kaçkinina bakin...
Beyazit Meydaninda pankart açan kisi.
Sosyal meyada da bize efelenip esip gürlüyor.

Bak oglum bizde bir laf vardir ögren:
Sap döner keser döner
Gün gelir hesap döner!

 #AsagiBakmayacagiz LINK",nefret
"BUNLAR PROVOKATÖR BUNLARA NEDEN DOKUNULMUYOR?
Kendi topraklarini terkedip kaçan ve Türk halkinin sirtina kene gibi yapisan Suriyeli, Bogaziçi'ni bombalamak istiyormus..
O.Ç LINK",nefret
Yahudi zalimliğinin arka planı  https://t.co/FHOwHsCXol,nefret
Araptan topçumu olur  suç bunda degil bunu getirende,nefret
"Birinci Kafkas Kolordusu Kumandani Kâzim Karabekir'in kizi Timsal Karabekir, Ermeni zulmüyle ilgili Kâzim Pasa'nin anilarini anlatiyor. LINK",nefret
"Suriyeli ile eşit yaratıldığını düşünenler,çıkacak bir savaşta onlar gibi kaçacak olanlardır.
Hattâ bu yazıyı okuduklarında, “yok canım ne kaçması” diyecek olanlardır. 
“Diyelim kaçmayacaksın, ama onlar kaçtı.
Nasıl eşitsiniz?” https://t.co/a5b8bwpwI3",nefret
"Bunlar kürt degil zaten Ermeni. Ikiyüzlülük, hainlik kaniniza islemis. Pkk veya hdp kendini bilen vatanini seven, hiçbir yurttasin sesi olamaz..",nefret
Amik suriyelisi ülkene geri don artik sictin biraktin feneri,nefret
türk olduğunu iddia edip atatürk'ü sevmeyenler var. yunan falanlar mı acaba? acınız var koçum anlıyorum dedelerinize yüzmeyi biz öğrettik bilmiyorsan gel sana da öğretelim.,nefret
Aksama koy su götveren sikeci Rumlara sanli KARTALIM!,nefret
"sahra_german Ya biz bu seda sayandan biktik...yahu 60 yasina geldin format degistirip,degistirip ekrandasin ne götün duruyor ne agzin..ya seyredip prim vermeyin reyting alamadi mi bu programda kapanir...yeter kazandiginla yedi ceddin geçinir...genç jenerasyonlara birakin yerinizi bokunu çikardiniz bu isin...genç sevgililerini de özelinde yasa...Biz türküz örf adetlerimiz var...Rtük neredesin hep merak etmisimdir..?????",nefret
"“Topraklarımızda Ermeni Toplu Mezarı Yok”

Kazım Karabekir’in 100 yıl önce Ermeniler’in yaptığı zulüm ve katliamlarına açıklık getirmesi için vesikalar yazdığını açıklayan Karabekir, “Rus generalin arşivinde bulduğumuz Ermeni mezalimine ilişkin anıları var.",nefret
suriyeli gibi kaçabiliriz,nefret
kafirler domuz yer müslümanlar yetistirir kafirler de faiz yer müslümanlar da faiz yer kafirler de insan öldürür müslümanlar da zina escinsellik siddet yolsuzluk adaletsizlik müslüman kime denir müslüman...? mesele neydi ne oldu haci .?,nefret
oglum güzel bir video hazirliyalim su kertenkele için Araplara yutturalim alirlar la,nefret
Acaba Yahudi müzik kanalları da haftanın Hitlerini seçiyor mudur?,nefret
Bu piyasayı bu Hale getirenler!! Siz Müslümansanız ben sizi tanımıyorum!! Siz değil müslüman yahudi bile olamazsınız  #aracalmiyoruz,nefret
Ülkemde Suriyeli istemiyorum  #MuhammedNurTutuklansın,nefret
"Kurdlerin gelecegi için Rojava da  Kurdlere pozitif bir ayrimcilik taninmalidir. Araplar basta olmak üzere Türkmen,Çeçen gibi azinliklari sistematik olarak baski uygulamadan gocertmek lazim. 
Not: Hiristiyan kesimleri desteklemek ve onlari Rojava da tutmak Kurdlerin çikarinadir !",nefret
herkes ermeni olursa ben kuvayi milliye. #sat biz hiç #susmadık!,nefret
#ÜçlüBeşiktaşınÜçünBiriGsnin #hırsızlıkgsninsimgesidir ermeni o. Ç hem hırsız hem yüzsüz kahpe evlatları https://t.co/5hxu0IndU7,nefret
"Sen kendi vatandaşının hiç olmazsa depremde can güvenliğini sağladın mı arkadaş? Millete reva gördüğün 40 tane beton meydan. Bu halk senin arabından neden daha değersiz?

Bundan sonrası arap seviciliği değil, bildiğin arap faşizmidir.

Bu millet, arap faşisti olmak zorunda değil. https://t.co/yNJLfGgj44",nefret
"[3] utanmazlarla nasıl yaşayabiliriz. 
Gitsinler. Cehenneme kadar ve gece gündüz sayıkladıkları
Yunanistan’a kadar def olup gitsinler. 
Bugün önümüzde birer sümsük kedi gibi yılışıklık eden bu
yılanların hepsinin Yunan paçavrasının altında alınmış resimleri elân yanımızdadır. ++",nefret
"Noldulan damat? gitti işler düzelecekti hani! 
Bakan Albayrak'ı mumla arasın mumla! 

Umarım anlamışsındır meselesin damat? olmadığını! 

Türkiye öyle adımlar attı ki son bir haftada Gavur yine ekonomi ile tehdit etmeye başladı.

Ama elbet geleceğiz hakkınızdan!

#beratalbayrak",nefret
"#ZorunluMaskeZulümdür
Bana bir tane aklı olan yahudi gösterin saçma amelleri olan bir topluluk",nefret
ceylo06serefsiz yezit kafir bu emrah ...kendi ogluna sahip çikmayin dan ne beklenir bir de haber yapip prim yapiyorsunuz ya ... bir zamanlar aleviler benim sarkilari mi dinlemesin demisti ta ondan beri ne bir sarkisini dinlerim ne de suratini görmek isterim tvde ....itin teki iste,nefret
"Polisimizi öğrencilerimize plastik mermi biber gazı ile saldırtırken, TC düşmanı şeriatçı grupları insan leşi yiyen Suriyeli teröristlerle İstanbul Üniversitesi önünde gösteri yaptırtan siyasilere lanet olsun.
Polisimizi halkın değil TC'ye düşman olanların üstüne sürün!",nefret
yıllardır kendilerini kürt diye pazarlayıp vaad edilmiş topraklar için taşeronluk yapan ermeni komitacılar ilk defa gerçek kürtlerle karşılaştılar. bu onurlu mücadeleyi anneler kazanacak. yanındayız #annelerledireniyoruz,nefret
"Yahudi ne kadar plan yaparsa yapsin,Türkiye'yi yikmak için 5 nci kol çapulculari,basaramayacaksiniz...",nefret
"Turgutlu Ilçemiz, 29 Mayis 1919den  7 Eylül 1922ye kadar Yunan isgali altinda kalmistir.Ilçedeki yanginlarin ardindan 7 Eylül 1922de Turgutlu düsman isgalinden kurtarilmistir. Memleketin her karisinda emegi olan Aziz sehitlerimizi rahmet ve minnetle aniyoruz
#Manisa #Turgutlu LINK",nefret
arap pustu zengin piçleri ile dürüstlük mü yapti acaba?,nefret
"Allahım 
Sen Küçük İşleri Büyük
Büyük İşleri Küçük Yapmaya Muktedirsin
Bu Küçük İşi Öyle Büyüt ki
Tüm Ülkedeki Anneler Ayağa Kalksın
Bu Gavur Ermeni Münafık Gürüh Silinsin Gitsin
Amin Amin
Allahümme Amin https://t.co/hvMFRRZHiV",nefret
"Suudi Arabistan, ABD ve Gavur Yunan ortaligi karistirma pesinde. Yakinda kokusu çikar. Önümüzde 2 seçenek var. Ya savasacagiz ya Dogu Akdeniz'de geri adim atacagiz.",nefret
hz ali çok havalı alevi olsaydım keşke. hz muhammed'in bir fotosu bile yok çok çirkindi herhalde,nefret
"Taaaa, 97 yil geriye gidelim

Tarihi de vereyim

9 Eylül 1922

Izmirde üç yildan fazladir süren Yunan isgali sona eriyor
LINK",nefret
"Turk telekom özellestirilip araplara satildi. Her yerde boy veren millet,devlet vurgusu yapanlar özellestirdi onu. Arap insifiyatine birakildi. Araplar bu dünyanin yüz karalaridir. Bize ait olan sirketi sattilar bu çöl bedevilerine.Yasanilan sikintiyi anlamak zor olmasa gerek.",nefret
bir suriyeli tarafindan taciz edilmedigim kalmisti o da oldu kendi ülkemde mültecilerden çekiniyorum amk,nefret
"Bu malum takımın zaten Suriyeli olan arap sevici taraftarları artık KAHVE ye de mırra demeye başlar, demedi demeyin : )",nefret
Şeyhine biat eden Kalabalık bir grup varsa baştaki şeyhi satın alan abd ingiliz ..... çok rahat kullanır. Bu güne kadar böyle olmuştur. Kalabalığı dağıtmak lazımdır.   #türkiyeninnabzı,nefret
"%85 'i ateist olan İsveç yolsuzlukta dünya sonuncusu...
%99 'u Müslüman olan Türkiye, yolsuzlukta dünya ikincisi...
Neden acaba?",nefret
"Fasist olmak suçtur ama ben tc ye gelmis Suriyeli araplarla konustugumda gördügüm onlarin %90 kurd düsmani islamci isid sempatizani  ,yani çogu ayni boktan LINK",nefret
canan kaftancıoğlu'na verilen ceza çok az. böyle ermeni ve pkk sevicilere daha ağır cezalar verilmeli ki diğer devlet düşmanları cesaretlenemesin,nefret
Hani nerde o #türktelekom özellestirilince daha verimli olur daha iyi hizmet verir diyen ak oglanlar arap kardesleriniz bosaltti telekomu çöpünüde size birakti,nefret
"Kardan tapınak yapan adamın çocuğuna ettiği kötülükten haberinin olmaması tümüyle eğitim öğretime yıkılması yanlış olur,medya tam bir yahudi kölemeni.",nefret
Yahudi zalimliginin arka plani  LINK,nefret
özel araçlarında sigara içenlere ceza uygulanmaya başlanmış 2023 hedeflerine uygun adımlarla yuruyoruz hedef belli 2023te akpye muhtarlık bile üçün birini alırlar suriyeli it sürülerine harcamaktan hazinede para bitiyo ee nede olsa arap seviciliği milli görüş geleneği akp yok ol,nefret
"Rumlar çıkarlarını ne güzel savunuyor ya.

Adamlar acaip onurlu ve tavizsiz.

Birde bizdeki AKP li ve CHP li çomarlara bakın. Analarını vermeye hazırlar bir öğün yemeğe. Yarınını düşünmezler. AKP liyi al CHP liye vur, çırp bir RUM etmez yahu.

Utanç. https://t.co/oq6ObQRJdf",nefret
Kimi görsem Suriyeli ben Türkiye’de mi yaşıyorum Suriye’de mi ayırt edemiyorum artık,nefret
izmirden kaçarken sehri yakip yikan rumlar gibi ayni,nefret
Muslumanlarin Incil ve Tevrati inkar ederek Hristiyan ve Yahudi dinine mensup insanlarin dini kutsallarini alenen asagiladiklarini biliyor muydunuz? Bilmiyordunuz muhtemelen. Onemli de degil zaten. Peki BU ogrencileri neden gozaltinda #BogaziciAblukada,nefret
"Suriyeli ISID infazcisi mahkeme karsisinda 
 #macaristan #isid #infaz #mahkeme #ceza  
 LINK LINK",nefret
"Sahada durduramadiklari GS'MIZI yine genlerinden gelen aliskanlikla masa basinda yahudi oyun ve tezgahlariyla durdurmaya çalisanlar yine ulu orta havliyor kendileri sike yapar aklanir küfreder limit asar ceza almaz tam tersi GS'ceza alir tam kahpelik

#SökeSökeLiderGalatasaray LINK",nefret
"Budur.
Bir avuç rus (laz, çerkez, gürcü, ermeni), rum, yahudi,...asilli haçli, haham hain hirsizlarin, sinsi kriptolarin, arsiz yamyamlarin  istedigi budur.
TÜRKIYE'YI TÜRKSÜZLESTIRMEK!!
HER TÜRK, HER ALANDA GÖREV VE SORUMLULUK ALIP, DEVLETINE, ULUSUNA, ÜLKESINE SAHIP ÇIKMALIDIR LINK",nefret
"MHP'li Akçay: Yunan işgaline karşı mücadelinin fitili Alaşehir, Gördes ve Salihli'den ateşlenmiştir
https://t.co/5ZBfs9B1z5 https://t.co/eCI1dh5CK1",nefret
oturdum yunan ve israil piçlerinden gol bekliyorum,nefret
Rum tohumundan Sultan Fatih'in ecdadini bilmesini bekleyen mi var?,nefret
Allah karanlık sol örgütleri yok etsin perişan etsin.Zavalli Kürt çocuklardan ne istemişler. Kimbilir o çocukları tecavüz mu ettiler ne yaptılar.Ahhh sahipsiz çocuklar.,nefret
Ulan bu şampiyonluk sayısı işini kim çıkardıysa onun ben yedi ceddini okşiyim. Be karaktersizler madem böyle birşey vardı yıllardır neredeydiniz? Ben acınızı söyleyeyim.O yahudi tohumu baktı ki yıllardır bilek hakkıyla alamıyor yıldızı ortaya böyle bir şey attı. #Hedef38,nefret
"Türk'üm doğruyum çalışkanım dediler, ermeni-yahudi çıktılar, devamlı devleti bankaları soydular, 80 sene sadece heykel yapıp yan gelip yattılar.",nefret
"Galatasaray hocasinin yaptigi hersey doğru diger hocalar yunan tohomu dimi nevzat
Ne oldu fenerbahce caninimi acıttı
#SporAjansi",nefret
koskoca 2 yıllık tarihimiz olduğunu söyleyen rum ve fransız tohumları sizin gibi şikeli şaibeli geçmişimiz yok en azından son 10 yılda en çok ülke puanı getiren takımız haram kupası olmayan takımız,nefret
Seni Türkiye'de tutup takiminda oynatan takim varsa da amina koy im adi serefsiz sapik terket lan Türkiye'yi ne biçim örneksiniz karaktersizler,nefret
koskoca 2 yillik tarihimiz oldugunu söyleyen rum ve fransiz tohumlari sizin gibi sikeli saibeli geçmisimiz yok en azindan son 10 yilda en çok ülke puani getiren takimiz haram kupasi olmayan takimiz,nefret
"Ey vatansız yunan ermeni artıkları
Ey Türke düşman ümmetçi kimliksizler
Sizi tanıdık bildik
Sizde Türkü tanıyıp bileceksiniz✔",nefret
"Tahminimce Fransa'da olmuş olsa gerek, zira Fransız dalyaraklığı kalibresinde bir uygulama. Lakin Pakistan Mısır Afganistan gibi ülkelerle aynı kefeye girnemizi sağlayan iktidarın doğrudan sorumluluğunu atlamak yanlış olur. BAE'li veya Suudi bir insanı seve seve alırlardı oraya https://t.co/3PskTPsz48",nefret
"o gece ""ailecek"" iyi horladik :))) bugün biri Raki'dan kaçar, digeri UZO'ya takilir, ""yunan tohumu"" da deel emme :))) Ama sirf ""erken yasta rakiya baslamisim"" dedirtmek amaçli ise, ZARAR.... Çay bile içirmezlerdi bebekken (anlatilanlara göre) en basitinden, uyusturucu bagimlisi",nefret
"Düşünsenize
Çocuğumu anaokulda elimden alıyorlar!
Beyinlerini yıkıyorlar!
Zihinlerini iğdiş ediyorlar!
Ruhlarını çalıyorlar!
Sonra
yabancılaşmış
bu ülkenin medeniyetiyle
ruh kökleriyle kavgalı
mankurtlaşmış olarak gönderiyorlar bana!

Burası sömürge ülkesi mi?Yunan mı işgal etti? https://t.co/8jSeEePpph",nefret
Elbet rumlar gelecek ve kendilerinin olan Konstantinopolis şehrini biz barbar zalim kan dökücü türklerden alacaktır 🇬🇷🇬🇷,nefret
"Teröristler kürtler değil.
Teröristlerde türk de var laz'da var
Ingiliz'de var ermeni de var
Kısacası dinsizler.
Kürtlere terörist diyenler kin nefretle bakanlar biz kürdüz biz çanakkkale şehidinin torunlarıyız bize terörist diyenler teröristtir...",nefret
"yaratılanı yaradandan ötürü severiz ama ermeni, kürt, eşcinsel, yunan, yahudi, gavur sevmeyiz. biz yaradılanı siyasetçi, hırsız, tecavüzcü, pedofili ve dolandırıcı olarak kabul eder, öyle severiz.",nefret
"Rusya Twitter'i 'Rus yasalarini kasten ihlal etmekle' suçladi via @USER LINK  @USER 
Ruslar önce kendi Facebook larina ceza kessinler. Ermeni katillerle Birlikte soygun,soykirim,servet,Toprak,PETROL hirsizligi yapiyor ????????????LINK",nefret
Sevmiyoruz istemiyoruz kimse sevmiyor kimse istemiyor bi boka yaramiyorsun bizim hali sahaya gelen göbekli hüseyin abi bile sana tas çikarir siktir git lütfen anana yazik kadinin her gün kulagi cinliyordur,nefret
"İçimizdeki gâvur sevdalıları, cünüpseverler derneği, frenk mukallidi beyler, bayanlar, merdivenden kayanlar, kaydıranlar..
Biz Türk kalacağız ! https://t.co/AbRMLBW6JF",nefret
"Ermeni vampirleri ve Hocalı... 
@ebrgncebrgnc
https://t.co/MPZ7W3ewT3",nefret
Türkuaz_resim_art Serefsiz pislik karadeniz dende böyle ibne çikmazdi,nefret
bir keresinde de güzel bir kadin aa cidden trabzonlu musun diyince seviyo galiba trabzonu sanip evett demistim asagilayici bir sekilde olsun demisti. kürt müyüz kardesim biz ne bu önyargi,nefret
yigit'in yanina suriyeli kiz çocugunu oturtmuslar.,nefret
Ülkeni haksiz yere hedef gösteren birini duvarlara boyamak ? Ha arap sevici akp ha sen ne farkin kaldi ? LINK,nefret
avrupa yakasi cok guzel lakin her yer arap suriyeli falan ciddiyim ozellikle bazi bolgelerde turk gorunce sevinir oldum neyse olene kadar anadolu yakasindayim insan falan az mis gibi oh,nefret
Emredersin yahudi dönmesi. https://t.co/9sc6zqsCen,nefret
Bu hocalar neden bu kadar zor soruyo sinav sorularini hayır biz de müslümaniz aq gavur falan mi saniyolar acaba bizi,nefret
"8-Bu güzel günde;Büyük Türk Atatürk komutasinda Aydin'in kurtulusunda kahramanlik gösteren yigit efelerimize,kahpe Yunan tarafindan isgal sirasinda sehit edilen hemsehrilerimize Allah'tan(cc) rahmet diliyor,Aydinimizin Kurtulus Bayramini kutluyor, sevgi ve saygilarimi sunuyorum.",nefret
"Tesbihte hata olmazmis ya, 

Yalayin bakalim sirtimizdan eksik etmedikleri arap biçagini...",nefret
"Müslüman Kürt görünümlü kripto Ermeni terör örgütü ASALA,PKK,PYD,YPG,SDF vs nin teröristleri Mardin Midyat'ta yola patlayici dösedi Askerimiz Mehmet Acar sehit oldu 2 askerimizde yaralandi Sehidimize Allah rahmet eylesin Yaralilarimizada acil sifalar versin Amerika KAHROL",nefret
"#EnTemelIlkemiz Atatürk ilke ve inkilaplarini korumak ve bu dogrultuda ilerlemek olmasi gerekirken
Sen gel, milyarlarca zaman dilimi içinde bu tarikat, cemaat ve arap sevicileri olan badem biyiklilarin döneminde yasa, 
Allah'im ne talihsiz biriyim.
Sanirim bu,
#BenimCezam",nefret
"Ulan lgbt isteyeni düzmek, düzdürmek,alan memnun satan memnun düzeninde bir oluşum: ))
Ama çinli piçlerin kamplarda binlerce uygur türkü (müslüman) kandaslarımıza organ mafyası kölelik orta çağ bozması ölümden beter yapilan insanlik dışı uygulaması 
Pekii hangisini konuşalım",nefret
Cem in rum ermeni tohumu oldugu çok belirgin bu kadar ATATÜRK ten nefret edilemezdi yoksa #tuerkiyeninnabzi,nefret
#MuhammedNurTutuklansın bide suriyeli imiş piçe bak üniversiteyi bombalamak istiyormuş hemen sınırdışı edilmeli bu piç,nefret
"5 Eylül 1922

 Bilecik düsman isgalinden kurtarildi.Yunan vatan topraklarindan süprülüyor.

Kutsal Topraklar Izmirin kurtarilmasina 4 gün kalmisken,siyasette olanca hiziyla devam ediyor.

Baskomutan Mustafa Kemal , Rauf Orbay'a mütareke sartlarini bildirdi. LINK",nefret
"Arap seviciler diyor ki,
Türkçe okunan dualar kabul olmaz,
Valla biz hep Türkçe küfür ediyoruz;
O'da günah degil o zaman... LINK",nefret
"Ermeni olmayan analar cesaretlendi ve Ermeni itlerine direniyor peki ermeni olmayan sanatçı hiçimi yok bu ülkede 
#AnnelerDireniyor https://t.co/dxm4b6gLSa",nefret
"siradaki merkez bankasi baskaninin suriyeli siginti olma ihtimali?
Yok denilecek kadar az, az denilecek kadar hiç.
Degil.",nefret
CANAN KAFTANCIOĞLU TÜRK MİLLETİNE VE DEVLETİNE KİN BESLEYİP EMPERYALISTLERIN MAŞALARI OLAN PKK HDP AŞKINI IFADE ETMEKLE KALMAYIP VATAN HAİNLİĞİ YAPARSAN BU DEVLET VE MİLLET SENİ AFFETMEZ.İMAMOĞLU DENİLEN SATILMIŞ YUNAN AJANİ VATAN HAİNİNİN SONU DA SANA BENZEYECEKTİR.,nefret
siktir git Lan takimdan amik oçu seni dügünümde bile oynatmam kolsuz öç Kadiköye ayagini basmanda emegi geçen herkesi sikeyim siktir git Türkiye sinirlarini terk et amik piçi,nefret
telli baba-muskali baba-bilmem ne baba türbesine gider dilek tutar sonra Türkün ilk inanci Samanlar agaçlara çaput bagliyor diye Türkleri putperest der bu arap bozmalari...,nefret
Suriyeli diyince kiziyorlar?????? LINK,nefret
"Yanlış anlamayın
Hiç bir etnik kökökeni hor görmem ama
Yıllarca dilinden dolayı hor görülen kürtlere zulüm yapılırken
Ülkenin
Suriyeli kardeşlerim girdikten 1 yıl sonra araplaşması
Arapçayı ikinci resmi dil olarak kullanmasının açıklaması yok
Savaşan bizdik
Kazanan kim...!",nefret
dertleri kürdistan olan ya da idealleri olanlar aile fertleri ile mücadele ederler kizinin sevgilisi ingiliz olur oglununki de fransiz olur yani pervin dagda az apo ile pembe odada kalmadi bunlar ermeni asala militanlari geçmiste tirpanladik ama köklerinden kalmis birazcik onlari da,nefret
"Türkçülügün tavri Türklügü karsi bir taraf görenlere karsi kardeslik masali okumak degil bir bozkurdun pervasiz saldirganligi olmali. Türkiye'deki dincilerin seytanligina, bölücü etniklerin kuduzluguna ve Suriyeli piçlerin  açgözlülügüne ragmen son sözü Türkçüler söyleyecektir. LINK",nefret
"..... TARİHE BAKIYORUM , SİNİRLENİYORUM ! ? ! .....

Tarihe Bakıyorum ...:

Arap İngiliz'le birleşmiş Türk'ü arkadan vurmuş ,

 Ermeni Rus'la birleşmiş, Doğu Anadolu'yu kana bulamış ,

Rum Yunan'la, Yunan İngiliz'le... https://t.co/lSG9dsgbd5",nefret
siz yalancı arap döllerisiniz @TurkTelekom,nefret
"Pkk sevicilerinin, Anti Türkçülerin yobazlarin, çomarlarin, bati yalaklarinin, kürt ve arap sevicilerin  devrine denk geldik bu da bizim sanssizligimiz",nefret
Bursadayim. Minibüse bindim Türkçe konusan yok amk ülkenin yarisi Suriyeli olmus Allah kahretmesin,nefret
"kürt selam anadolu hareketi genel başkanı galip ilhaner ise şunları ifade etti ""hacire akar ve fevziye çetinkaya gibi anaların sayısı artmalı. 81 ilde bütün pkk hdp il başkanlık binalarının önünde kürt analar eylem yapmalıdır.""",nefret
iki hiristiyan/yahudi kripto kuklalari LINK,nefret
Ermeni döllerini bozguna ugratan vatanperver Türk milliyetçisi Emerson kardesimize her fav bir helal olsun LINK,nefret
#türktelekom HAT YOK INTERNET YOK... Sanırım yıllarca arap sermayesının soydugu soyduruldugu telekom Zarar eden ıcı bosaltılan telekom temel gorevlerını dahı yapamayacak hale gelmıs https://t.co/qkfXNqyOPI,nefret
"bahadrnayal Seda Sayanin kisiligine lafimiz yok haddimizde degil zaten bizim kizdigimiz 3-5 serefsizle yalanlara alet olup halki kandirdigini zannetmesi yanlisti,o meraller,o yildizlar,kaanlar,roman kizi solmazlarsa halki kandirmasi affedilmez",nefret
"Arap seviciler diyor ki,
Türkçe okunan dualar kabul olmaz,
Valla biz hep Türkçe küfür ediyoruz;
O'da günah değil o zaman... https://t.co/IAH1uDGZWC",nefret
"#MuhsinYazicioglu
Fetö denen tasmali yahudi köpekler seni öldürdü biliyor bilmiyordirki sen sehit sin sehitler ölmez ?? LINK",nefret
"Birisi gidince ne kadar Arap, Katarli, Suriyeli yabanci varsa hepsini Ülke'de dehlemeli bir tanesinin esamesi okunmasin",nefret
"Faşist olmak suçtur ama ben tc ye gelmiş Suriyeli araplarla konuştuğumda gördüğüm onların %90 kurd düşmanı islamci işid sempatizanı  ,yani çoğu aynı boktan https://t.co/VGbJDwcELR",nefret
billuryucel Sen ilk önce Türkiye'nin çok sevdigi Caner'den özür dile serefsiz sen alisiksindir böyle seylere kari koca reklam pesindesiniz vecde para üç kurus atarlar önünüze aç karninizi doyurur susarsiniz artik üçüncü sinif papyonlarda is bulursun,nefret
"Budur.
TÜRK, INSAN ve Müslüman olmayan, çogu rus asilli yahudi, hristiyan hain hirsizlar, sinsi kriptolar, saltanatlarini sürdüremeyecekler. 
Bozuk amaçlari, soylari, suçlari anlasildi diye korkuyorlar ve ortaligi karistirmak için ugrasiyorlar.
TÜRKIYE'YI TÜRKLER YÖNETMELIDIR! LINK",nefret
yer izmir salondaki türk bayrakları sakil müptezel amed hönkürüşlerini ve bunlara alkış tutan sözde yetkilileri seyrediyor...,nefret
"Ailesi vergi veren, askere giden, sorumlulugunu harfiyen yapan cocugum, o universiteye girmek icin canini disine takip 10 sene dur durak bilmeden calisiyorken, sen o universiteye Suriyeli Isidli teroristi sinavsiz aldiysan, hakkim sana haram zikkim olsun.",nefret
"#AhlaksızsınFOX 
Hala bu kanali izleyen varsa
islami teror lafini dunyaya yaymaya calisan islam dusmani abd li yahudi murdoch serefsizine para kazandiriyor,
Bilin istedim.",nefret
"VoxjMnaluArvest  VOMA terör örgütü.
Lideri Ermeni asilli Rus Vladimir Vartanov 1965 dogumlu eski KGB ajani.
VOMA terör örgütünü su anda faaliyete PKK ve Asaladan destek aliyor.

Kafkasyada tutmayan PKK asisina alternatif Ermeni terör örgütü.

#SelahattinDemirtasTeröristtir",nefret
"Ülkenin aydınlık gençlerinin gördüğü muameleye karşılık bu pis, işid zihniyetli ve muhtemelen Suriyeli insan artığı benim ülkemde istediği gibi eylem yapıp yine ülkemin gençlerini tehdit edebiliyor ve buna göz yumanlar kendilerini hala Türk olarak görebiliyor!! https://t.co/3NZQQhTBMi",nefret
"Demistik ya bunlar  ITLER!!!!!
utanmadan sikilmadan biyerde suriyeli biyerde türk  rolü oynuyor...
Katiksiz yahudi tohumlari bunlar...
#Güvenlikkoruculari  oyuna gelmeyin #Gk LINK",nefret
Sevgili Ömer Faruk kardes bu gün 42.gun büyük Allah dostundan günes batarken büyük duayi aldin yine.covid19 dünyadaki en büyük Yahudi tuzagi idi.icerideki fetonun kandirdim karini Ingiltere Mursi olayi gibi kullanacak yine.mason localari Mossad Ingiltere MHP HDP ayni.ozaydin65 LINK,nefret
kimin parası bu türk halkının parası peki bizim bu kadar suriyeli baktığımız yetmediği gibi bir de bahçeli ev mi yapacağız? türkiye tapusunu da verelim mi suriyelilere... hani şu yakaladığında arkadan vuran suriyelilere... besle kargayı oysun gözünü yapan suriyelilere...,nefret
"Elin yahudi domuzu tahrif ettikleri, tüm kutsalligini ayaklarinin altina aldiklari kitaplarina harfiyen uyarken, bizler Hz Ali (RA) dedigi üzere ""bir tek vav harfinin çengeline dünyayi taksan degistiremezsin"" dedigi Kurani Kerim'e ne kadar tabiyiz acaba?",nefret
"teklif edip duruyor. Birçogunun bu sahsi tanidigina emin degilim. Aslen Balikesirli ordan babalari Ernise gelmis Rus ve Ermeni isgalinde buradan gidip ailesi Adanaya yerlesmis ve bu kisi orada dogmus büyümüs, sonrasi komünist fikirlerle tanisip komünist bir yazar olmus.""",nefret
"Endex yukari giderken bile hisseyi baskilayip Ky i zarara sokan , satmaya zorlayan yahudi köpeklerinin yasamasi helal midir acaba ?",nefret
"Özgürlük savaşçıları,barış kelebekleri kürt teröristler... https://t.co/f58m1bA8VO",nefret
Go home amk çingenesi,nefret
"Lan oğlum Fransız mısınız, Suriyeli misiniz,,yoksa Yunan mısınız.? Malum onlar da bizim herşeyimizi sahipleniyor... #ÜçlüBeşiktaşınÜçünBiriGsnin",nefret
"“Yahudi 🎩lazımlığı ile başa gelenlerin sonu geldi sancısını toplum çekiyor doğum yakındır inşallah” (alıntı)
#KabeyiSavunanFisleniyor",nefret
"cumhurbaşkanı güvenli bölge yapamazsak kapıları açarız demiş alın alın onları da alın. hatta ""her eve bir suriyeli"" kampanyası da yapın tam olsun",nefret
"Ne başında beyni var, ne yüzünde nuru,
Gördüğü her beyaza serper kara çamuru,
Fırsat bulsa kesmedik inançlı baş bırakmaz,
Sırp'tan Rum'dan beterdir  tahsili Türk gavuru.
-Abdurrahim Karakoç  
#DevletiminYanındayım yoltv yalanı LGBT",nefret
Piçin biri çıkıyo kadınlar 90 km tek başına çıkamaz diyo diğer Piç hayır 81 km gidemez diyo ulan aşalıklar biliyoz sizin Mekke’de otelde oğlan kovalarken viağradan geberen hocanız arkadaşınız ıda  Bedevi Arap yalakaları siktirin gidin Arabistan’a #BiziNeKanserEdiyor bu tipler,nefret
suriyeli kadın kocasının yanına oturmayım diye tüm otobüsü ayağa kaldırdı ne yapıp edip ikimizi ayırıp oturacak yer ayarladılar lan hahahahahha komedi amq :ddddd,nefret
Siz satılmış soysuz ermeni çocusunuz sizi o koltuğa layık görenin ........? Kahpe çocukları başaramıyacaksınız herzaman @GalatasaraySK 💛❤️ @fatihterim  adamdır🇹🇷 https://t.co/QyJdd4KIxJ,nefret
Zaten iç çamasiriyla kapamis Müslümanlikla alakasi yok bunun nefsinize hakim olun. Kiskaniyorum demek yerine de igrenç o*orospu gibi laflar da etmeyin sizene kizdan @USER,nefret
ne ara arap dinine döndü bu kadin? çildirmamak elde degil ama reklamin iyisi kötüsü olmaz tabi. kadin pr'a çikmis beyler dagilin,nefret
Lanet Yahudi Zihniyetine verilmis Tarihteki en büyük reddiye! Yahudilik tarihinde büyük katliamlar yasanmis lakin uluslararasi böylesi hakikatler yüzlerine vurulmamisti. Var olasin Erdogan. LINK,nefret
Sbk holding ten anlamamiz gereken şü her küşün eti yenmez. Haddini bilinen gidip koca holdiği yahudi ayak oyunlarıyla alirsan böyle ülkeden kaçarsin sonuç bu adam bugün kimlerin zamaninda sahibi olduğunu gözden kaçirmamak lazım ticaret ömürlük tür siyaset ise rüzgara göre Yaşar,nefret
"Bu ülkenin böyle inanmis insanlara ihtiyaci var.

Kardak krizinde babama sormustum yunan bize bir tehditmidir diye Yunani tükrügümüzle bogariz diye cevap vermisti. LINK",nefret
alper pirseni tayyip erdoganin verdigi ayar çok bozmus yahudi tohumu LINK,nefret
"Al sana Suriyeli... :(
Sabah sirkete geldim.
Baktim jeneratörle çalisiyoruz.
Kesinti ya da ariza vardir dedim.
Ayedas'i aradik bölgede çalisma yok dediler.
--- Sürecek... LINK",nefret
"1-Tüm yetkilerin tek adama geçmesi için önce senatoyu kaldırttılar, sonra TBMM işlevsiz bırakıldı, sonra vesayet tartışmaları başlatıldı ve son olarak sıra T.C. Devletini tamamen yok edecek bu talebe geldi. Buna İngiliz Oyunu denir. RTE bu ülkeyi İngiliz Yahudi Bankerlere satıyor https://t.co/nna4Zk7m9J",nefret
Suriyeli kardeslerimiz derken?? Kardes mi? Abimin kafasini kesen kardes mi?? Çöller de Askerlerimize kan kusturan kardes mi?? Bogaziçin de Bombalama yapalim diyen kardes mi?? 5 yasinda ki erkek çocuga tecavüz edip ölmesine sebep olan kardes mi?? Seni Barindirmayiz Haberin olsun.. LINK LINK,nefret
Fare SURATLI Ermeni Erdal Inönü nasil alay ederek siritiyor... LINK,nefret
"Ünlü bi suriyeli düsünürün de dedigi gibi ;
Sehirlere bombalar yagardi her gece, biz seninle sevisirdik...",nefret
Ne kadar bos konular.Yok falcoa yok transfr yok futbol yok basketbol.ya bir doktor nöbetini para karsiligi suriyeli bir doktora satti.o da küçück bebege antibiyotk verip öldürdü.bndan daha önemli ne olabilr.yrn sizn de veya sizn çocugnzn da basina glbr  #aliemiricinadalet,nefret
"Sen kendi vatandasinin hiç olmazsa depremde can güvenligini sagladin mi arkadas? Millete reva gördügün 40 tane beton meydan. Bu halk senin arabindan neden daha degersiz?

Bundan sonrasi arap seviciligi degil, bildigin arap fasizmidir.

Bu millet, arap fasisti olmak zorunda degil. LINK",nefret
"28.01.1992 senesinde 
#Şuşa’da 
terörist Ermenistan Mİ - 8 helikopterini patlatarak 44  sivil vatandaşımızı katletmişti.
Tam 29 sene önce 
Ermeni terörünün kurbanı olan masum soydaşlarımızı rahmetle anıyor ,
teröristleri lanetliyoruz .
🇦🇿🇹🇷 https://t.co/16AKdLzQ4T",nefret
Suriyeli severler bakın buraya. Evlatlarımızın canına kimin kastı var😡😡 Alın size din kardeşiniz bunları kim niye soktu ülkeye sanıyorsunuz? https://t.co/QJkB8iAtEM,nefret
"Sayın cumhurbaskanim iyi güzel konusuyorsunda neden? Çindeki Müslüman Türkten,Karabağdaki 
Müslüman Türkten bahsetmıyorsun 
 Nedir senin bu arap seviciliğin.",nefret
La aq volkan güzel bir kurtaris yapti mi dünyanin en iyi kalecisi derler bir maçta 4 tane yemis diye etmedikleri küfürü birakmiyor bu fenerliler,nefret
denderin2Oda senden bir biz anlamamis Arnavut kiziymis siktir git Arnavut'a ozan Türkiye de ne bok yiyorsun.sen.. beyinsiz fare seni birinin yanlisini gördünüz mü çullanirsiniz önemli olan ona öyle Bir seyler seni örnek alip utansin yok ben böyle söyle yarim sen nesin kimsin sen kim Seda kim kurban ol ona iyi etmis adam seni birakmis,nefret
elaytugg Baskasinin karisi olsa ne olacak geri zekali. Seviyesiz. Evde seni bekleyen hamile esine bunu nasil yapabiliyorsun. Sinem senden kurtuldugu için ne kadar sansli. Pezevenk.,nefret
İstanbul da yaşayanlar sıçtınız kardeşim otobüstekinlerin hepsi Suriyeli ve İstanbul’a geliyorlar size transfer getiriyorum,nefret
Müslümana gavur eziyeti yapıyorlar bu memlekette,nefret
aynen öyle!... pkk müslüman değil pkk gavurdur pkk müslüman kürt düşmanıdır. ama teyzeciğim siz bu tepkinizi daha önce verecektiniz.,nefret
"#HırsızTayyip 
Aramızdaki yahudi bozmalari Ermeni artıkları Yunan dölleri yine hakarete kalkışmış. Erdoğan sizi yerle yeksan etti etmeye devam edecek",nefret
leylamsci Yahu ne geri zihniyetlisiniz yeni yilin gelisini kutlayan Müslümanliktan mi çikiyor her boku yerler yilbasinda Müslüman kesilirler..,nefret
Şerefsiz Yahudi dölü dikat  ette seni Müslümanlar yakmasın https://t.co/APINbUfSvx,nefret
galatasarayli taraftarlara suriyeli diyenler dönüp önce kendine baksin!...,nefret
ne tezat türkiye bütün müslüman alemine liderlik yapıyor hristiyan lobisinden de içimizdeki dinsizler liderlik bekliyor,nefret
Yahu memleketin anasi aglamis hazine erimis dis borç tavan yapmis ülke Suriyeli Arap isgali altinda fetö kripto halde yine de faal heryerde ve siz hâlâ neyin kafasini yasiyorsunuz ? Hangi dünya savasi hazirligi yahu bir de emekli askersiniz. LINK,nefret
halkimizin gafil oldugu ciddi bir mesele sabetaycilar az buz degil 700 bin ila 1 milyon arasi yahudi kökenli türk var bu ülkede. çogu osmanli zamani getirildi bir kismi cumhuriyetin kurulusundan sonra. hani su beyaz türkler denen... osmanliyi yikan da bunlar. #uefayaselamsöyleyin,nefret
"Kökeni Kabala'ya dayanir. Bizimle alakasi yoktur. Kripto Yahudi örgütü Islâm'a sokmustur 
LINK LINK",nefret
fakir kürt çocuklari daglara ölüme hdp'nin baronlarinin çocuklari fransa'ya egitime,nefret
"Yahudi örtüsü kara çarşafı sahiplenen sözde Müslüman özde şeytan Arap kavmi...
Yakın gelecekte bunlarla mücadele etmek gerekecek, cehennem yani.
Ey din, sen ne şahane bişiisin! https://t.co/ZG1SjxH5bR",nefret
 boncukkids roman mi yazi yon aq?,nefret
Bu yahudı bozuntusu acık acık Turkıyede onu sevmıyenlerı öldurmek ıstıyor bu yahudı fetoya ıyanan lar bunu dınlesın ben Allahım önünde yemın ederımkı bu feto Pıcı musluman deyıl yahudı @RTErdogan @suleymansoylu @varank @BY @NihatEri @EgemenBagis @fuatoktay @abdulhamitgul https://t.co/h4GfRG7015,nefret
Ermeni katliamını Unutmadık Unutmayacağız.🇹🇷🇦🇿 https://t.co/H9FU6e3yAR,nefret
"Türkiye'nin asıl sahip çıkması gereken insanlar soydaşımız olan, kardeşimiz olan Türkmenlerdir, kapıları açmadığımızda devletimize küfürler eden nankör Arap pislikleri değil! https://t.co/kpIuGwrABR",nefret
"Ebesini belledi yahudi ve ingiliz, normal LINK",nefret
"Baskan Altin: Hocali Katliami 21. Asrin En Büyük Felaketlerindendir Baskan Altin mesajinda, 29 yil önce, Azerbaycan´in Daglik Karabag Bölgesi´nin Hocali Kasabasinda sahnelenen Ermeni vahsetinin 21'inci asrin en büyük faci LINK LINK",nefret
"Zamaninda  ülkemin  en güzel  yerleri en iyi konumlari yahudi Ermeni Rum devsirmeler ine  peskes çekildi 
Bu ülkenin gerçek evlatlari hep açlikla korkutuldu

Nerde tam bagimsiz Türkiye diye aniranlar 
Tam bagimsiz Türkiye RTE sayesinde  gördük 
Bu kutlu yol sancili olacak ??????",nefret
Medya maymunu İ.S eleştirdik diye tweter hesabımı kapatmıştı.demekk ki neymiş yahudi köpeği olunca nasılda birbirlerini destekliyorlar.Şeytan bile sizle terketti,nefret
birakin bu isleri burada yorum yapanlarin cogu Allah bilir ne bok yiyor. Bu adam Türkiye'nin en iyi futbolcularindan biri. adami kazanmaya çalisin bitirmeye degil .@USER sende topla kendini herkese ispatla arda oldugu yeteneklerini göster üstat..,nefret
PKK'yi savunan ne kadar insan tanidiysam gözleri tipleri sekilleri ayni zombi gibiler Birbirine benziyorlar yani Ermeni??spor,nefret
Zulüm 1453 te basladi diyen Rum artigi Yunan tohumlarina karsi hep  #Sustunuz,nefret
Sadece Arap takimlarindan olusan bir kupon yaptim arabin hayrini burada da göremezsem sikerler böyle kardesligi,nefret
Müslümanlara işkence hakaretler edildiğinde sevincinden dört köşe olan alçakoğlu alçaklar PKK partisi kapatılmak istenince kahrından catlayacaklar.Catlayin patlayin Ermeni Rum Yahudi artıkları!!!!,nefret
Kürt fobisi kendilerini bitirecek. Kürd kardeslerim edebiyati ile arap ve türkmenleri Kürdlerin bin yildir yasadigi topraklara yerlestirme çabalari. En çokta sana oy veren Kürdün kaninda sikinti görüyorum. LINK,nefret
Bugün Kuvayi Milliyenin temelinin atıldığı Balıkesirin yunan işgalinden kurtuluşu. Kutlu olsun @6eylül @tulukabaklar https://t.co/VZszuKzTfJ,nefret
"Bitlis’e gittiğimde yaşlı bir amcayla sohbet ettik. ‘ Kürt sorunu yoktur, üç beş tane ermeni piçinin ceremesini çekiyoruz , dedi. Selo köpeğide ermeni piçten teröristten kukladan başka bişey değildir. Peşinden giden ermeni dölüdür. #SevgiliSelahattinDemirtaş",nefret
"Rum mezalimini anlatan bir zamanlar Kibris, 1 Nisan'da #TRT1'de basliyor.#Kibris'ta Türkleri istemeyen yeni nesil için çok yararli olacagindan eminim.
#sondakika #haber #gündem #Raufdenktas #NecmettinErbakan #Kibrisfatihi #Türkiye #tsk #kktc #kuzeykibristürkcumhuriyeti #dizi #trt LINK",nefret
"""Madem ki ermenisiniz hepiniz bir bir ölmelisiniz"" der iken siz bunu sadece lafta düsünmüs olmalisiniz @USER . Fakat Yüce TÜRK milletinin yigit neferleri millî kin ve yaptiginiz katliamlari asla unutmayacaktir. Siz ingiliz yosmasi, avrupa kahpesi kalles,soysuz tohumlarsiniz.",nefret
kürt denince akla evladını kaçıran terör örgütü ve uzantılarına baş kaldıran yiğit hacire ana gelir pkk'nın gavur tohumları değil! bu milletin pkk'ya verecek tek bir evladı dahi yoktur! #millibekahareketi,nefret
"Soylu'dan Imamoglu kiskançligi...

Osman Öcalan'i TV ekranlarina çikarani da pejmürde edebiliyorsan konusacaksin...

Suriyeli'nin Hain Türkiye sloganlarini da pejmürde edeceksen konusacaksin...

Seçilmise karsi bos konusmayacaksin...

Adil ve vatansever olacaksin...

Tövbe ya!",nefret
"Ermeni'nin derdi yenilmek degil; O'nun yaptigi hayvanca zulmü,Türk  O'na yapmadi ve canini yakan da bu eziklik duygusu ..",nefret
"Asala bitti pesinden pkk hortladi bu tesadüfmü, tabiki hayir, kürt cografyasinda ben ermeniyim dese kim takilirdi peslerine, bunlar ermeni olmasa, esikteki besikteki KÜRT bebeleri katledemezlerdi, kisaca bunlar kürtlügü paravan olarak kullanan ERMENILERDIR#BirAnneBirDevrimDogurur LINK",nefret
"#AnnelerleBeraberizYaSen
Mazlum Anadolu çocuklarini ermeni terör örgütü HDPKK birakmayacagiz..! LINK",nefret
Ermeni Kinkos Demirtaş ve Ermeni Nazlı Demirtaşın torunu Pkk ' lı Ermeni Selahattin Demirtaş Vatan Hainidir. #SevgiliSelahattinDemirtaş,nefret
"Kürt türk diye bir ayrim yok inancimiz kiblemiz bir 
Kiblesi olmayan inanci olmayan 
Kahpe ermenilere kanmayin
Bu ermeni picleri kürt halki kani üzerinden yilardir nasil siyaset yaptiiseler yine yapmak istiyorlar
Pkk'a nin atatdigini degil miletin atadigi devleti seçin",nefret
Suriyeli sevgili yapıcam en azından gitmiyorlar amk,nefret
"Asagilik Ermeni pislikleri piçleri Çingeneleri kürtlük ismi altinda PKK'ya girdiler Bu serefsizler hain yilan akrep gibi zehirli yaratiklardir Kürtlük ile ASLA alakalari yoktur??

#KÜRT&TÜRK#KARDESTIR#&GERISI KALLESTIR#? #",nefret
"Arap dölü suriyelilere 40 milyer dölaeerrr harcayacağına şu şehre bi toplanma merkezi yaptırsaydın ya ulan. 6'nın üstünde gerçekleşse milletin mezar taşı rezidanslar, binalar olacak.

#deprem https://t.co/7D04pt4yY3",nefret
Hdpye Kürt demeyin. Onlar Ermeni Partisi. #AnnelerDireniyor,nefret
"Bunlar asla müslüman degiller.islamiyeti kendilerine kalkan yapip Türk çocuklarindan ve Türk kizlarindan,daha açigi Türklerden intikam alan Türklük düsmani ermeni,hiristiyan rum artiklaridir.müslümanliklada asla alakalari yoktur. LINK",nefret
"Bugün Türkiye'deki yahudi Rum Ermeni usaklarinin müslümanlara Allah'ın gönderdiğini dini silmek için baskı zulüm ve her türlü eziyetlerin yapılışının yıldönümünü dur 
o şerefsizler Allah'ın yardımı ve Tayip Erdoğan'ın katkıları ve halkın  sayesinde bugün tarihten silindirler.",nefret
"Mesele Recep Tayyip Erdoğan'ın Türkiye'yi yönetememesi değil, asıl mesele gavurun Recep Tayyip Erdoğan'ı ve Türkiye'yi yönetememesi!.

Bunu da anlayamayacak kadar gerizekâlıysanız, demek ki o gavur sizin aklınızı yönetiyor!!!",nefret
dinci yesile düsmandir. tipki arap gibi. dinci bulundugu yeri çöle dönüstürür. tipki arap gibi. sonra da içinde saraptan irmaklarin aktigi yesilliklerle dolu bir cennet hayal eder. tipki arap gibi.,nefret
Ali Koç Yunan piçi net kimse aksini idda etmesin bu işler onun başının altından çıkıyor,nefret
"oğlu hdp tarafından dağa kaçırılan acılı anne diyarbakır'dan haykırıyor ""bunlar kürt değil bunlar müslüman değil bunların din ve imanları yok amerika'ya çalışıyorlar. bunlar gavur gavur."" #evlatnöbeti #annelerdireniyor #birkezolsuntepkikoyun",nefret
syanred Oso culer damdan atiyor bunun gibileri ..götüne güveniyor. Bunun eski  sapik  Diyarbakirli bir Kurt dua..gut agrisi dinme mus daha,nefret
"Türk Milliyetçisi ve Cumhuriyetçisi Atatürk;
Türk Milletinin Bagimsizligini, Baskaldirisini, Sahlanisini azimle, akilla, egitimle, tüm gücüyle çalisarak ve savasarak, dünyaya gösterdiginden, EMPERYALIST isbirlikçileri ve müslüman kilikli ARAP sevicileri ATATÜRK/TÜRK düsmanidirlar",nefret
"Dogdugum yer, memleketim Turgutlu( Kasaba-Cassaba)nun Yunan isgalinden kurtulusunun 97nci yilini kutlar, Izmire, Türkiye Cumhuriyetinin  kurulusuna dogru kutlu yürüyüse devam ediyoruz.",nefret
"Sakazuki, Sengoku, Yamato... Olum japon isimleri çok karizmatik degil mi ya (Yazildigi gibi okunuyorlar). Bize bak hüseyin ahmet hasan... Aq arap isimlerinin. Söylerken hava bile ciddiye almiyor aq.",nefret
"Ne kadar Ermeni tohumu varsa Temel beye İngiliz diyor!!! 
                 #gururumuzbilgebaskan",nefret
Biz birlikte Türkiyeyiz. Yine Ermeni soylarina birlikte ders verecegiz ve oyunlarini bozacagiz insallah LINK,nefret
"Gün geçmiyorki bir ateist ahlaksizligiyla beni sasirtmiyor olsun. 

Siz etkilesimi nasil yükselteceginizi biliyorsunuz. ?? LINK",nefret
"5 Eylül. Bügün Nazilli'min düşman Yunan'dan Kurtuluş Günü!!
Gazi MUSTAFA KEMAL PAŞA ve silah arkadaşlarının 30 Ağustosta Zaferi kazanımıyla birlikte, eylülden itibaren İşaglci Düşman Kuvvetlerini Ege Denizi'ne dökme süreci başladı.
ATAM, sana ve silah arkadaşlarına minettarız ! https://t.co/EAIl8fUspr",nefret
bugünkü israil ordusunun temelini olusturan yahudi terör örgütleri önemli rol oynadi bunlarin basinda haganah irgun stern geliyordu 1920'den itibaren bölgede gittikçe siddetlenen ayaklanmalar ve yahudi arap çatismalarindan sonra,nefret
"Israil'in BOP örgütü AKP nin, gavur Izmir hayali gerçeklesiyor. Izmir e dogru Yunan isgali yaklasiyor. AKP ye oy vermek ihanettir. LINK",nefret
Onurshn1905 akili ol koydugunu o bayraktan utan be Fenerbahçe De Türk takimi serefsiz,nefret
"Çukurovada Fransiz Isgali ve Ermeni Zulmü  1. Bölüm 
LINK LINK",nefret
#bunlarinhepsi ermeni yahudi amarika köpeği..satilmis şerefsizler,nefret
"[5] Buna ragmen kendileri Ortodoks olduklarini ve  isimlerinin Yani ve Niko gibi Rum  isimleri oldugunu ve gizli din tasidiklarini  söylüyorlardi."" 
Mübadele sonunda bunlar, Yunanistan'a gitmislerdir. Bunlarin torunlari simdi D.Karadeniz'e gelerek karisiklik çikarma pesindedir.",nefret
"Kripto Ermeni, Yahudi, Amerikanci, Avrupaci ve bilimum vatan hainlerinin gayri mesru, postmodern darbesi #28SubatDarbesi 'ni yeniden bir daha lanetle aniyor.
Ve kahpe güruha diyoruz ki; 15 temmuz mukavemetimiz tatbikatti.
Bir daha nefes almaniza müsaade etmeyecegiz.
#ErbakanHocam",nefret
"#Cumhurbaşkanıİstifa

Suriye li Ammanlı nerde işsiz güçsüz sapık arap varsa ahıra alır gibi ülkeye doldurdunuz dış politika da yere battınız içerde ayrım yaptınız ekonomide karşı devrim yaptınız ülke sıfırı tüketti zenginleştiniz vergi üstüne vergi soktunuz bıktık da.",nefret
"I V
Bir ermeni sözcü şöyle dedi:
""Bizim kürdlerle kan davamız var
Türklerle toprak davamız var.Bu
ikisini çarpıştıracağız!""
Mes'eleermeni olmak değil:
İnsanluk düşmanı ahtapotlara 
şuurlu-şuursuz kölelik yapmak.
İslam ve Osmanlı İmparatorluğu 
nda bu gaddar sömürgecilik asla
yok!",nefret
"Muhterem ecdadima: dedelerim osmanliya laf atanlara söyle bir göz attim kim bunlar diye,
      Baktimki ya yunan gavuru, ya ermeni gavuru, ya yahudi dönmesi yada cumhuriyetin çöpten çikarip yetistirdikleri cumhuriyet piçleri olduklarini esefle gördüm ve müsahade ettim!",nefret
"Ermeni bir terörist tarafindan 27 Ocak 1973te sehit edilen Los Angeles Baskonsolosu Mehmet Baydar ve Konsolos Bahadir Demiri @USERnin katkilariyla Santa Barbarada düzenlenen törenle saygi ve rahmetle andik. #sehitler 

LINK LINK",nefret
soykirimci esadçilar. ingiltere sermayeli arap ve yunan medyasi. dün yere göge sigdiramayip seminer için arayip bugün bize saldiran proje ocaklar. rok'un intikami için firsat kollayan küçük bir kasinti. kemalistler. fetö'cüler. demek ki isimizi iyi yapiyoruz!... #analizmerkezi,nefret
"Kürtler araplar ve araplasmis Türkler..
 
 Cumhuriyeti kim kurdu..Türkler..Ganimetini kim yiyor..Kürtler ve son yillarda suriyeliler gürcüler rumlar..Kim yikmaya ugrasiyor ermeniler rumlar kürtler..
 
 Peki bu gün gibi dünde bu asalaklari basimiza bela edenler kimler???.",nefret
"Sigindigi ülkeyi satip, soyan herkes vatan hainidir.
Sonuçta, bir planin parçasisiniz.
Yahudi hirsiz caniler gibi dünya insanligini sömüren, kullanan hain hirsizlarini.
Bir bilgi daha vereyim.
d.baykal denen çerkez /rus asilli yalama solcu, rus/rum yahudisi gürcü retö ye yolverdi LINK",nefret
"O yüzlerindeki gülen ifadeyi cayır cayır yakmak gerek. Ne derseniz deyin, arap her yerde araptır. Gavur parasıyla bile beş para etmez. Nokta. https://t.co/R3PfIlqtZg",nefret
"Akp trolleri  #IBByeBoykot uyguluyormus, Istanbulu terk etmeleri bekleniyor. Not: giderken yaniniza birer Suriyeli almayi unutmayin.",nefret
"Müftü karisi diyorlar CHP'li yönetici çikiyor 
Sade vatandas diyorlar chp kadin kollari baskani çikiyor 
Bunu da Suriyeli diye çikardilar
Bakin ne çikti

Sen iflaf olmaz bir yalancisin Chp...

 LINK",nefret
Ülkede ne kadar kaçık varsa oğlunu demirle döven manitayi pompaliyla vuran kahveye satırla dalan böyle bu tarz dehşet dolu sabah haberlerinin kahramanları hep kürt,nefret
#ÜçlüBesiktasinÜçünBiriGsnin #hirsizlikgsninsimgesidir ermeni o. Ç hem hirsiz hem yüzsüz kahpe evlatlari LINK,nefret
"PKK fa kizlara TECAVÜZ ediliyor. Edenler 70 yasindaki ermeni asilli PKK lilar...Tecavüz edilen kürt kizlari...
Yani senin aga babalarin... LINK",nefret
ne çin i ya.. çin kim lan. banane çinli köpeklerin güvenliğinden. sen kendi vatandaşının kanuni güvenliğini sağla #MaskeZorunluOlamaz https://t.co/G03y214pAs,nefret
Galatasaray'a bu kadarini Yunan yapmaz vallahi yapmaz billahi yaomaz @USER yaziklar olsun size.,nefret
"Biz yillardir söylüyoruz ""Bunlar Kürt"" degil ermeni tohumu diye...",nefret
"Elbette iraklilar kendilerine zulüm eden, Ülkelerini isgal eden, namuslarini ayaklar altina alan, hiristiyan ülkelerinin dini liderini yani papayi bas taci edecektir. Bu karsilama Namus seref vatan gibi degerler her toplumun tasiyacagi deger olmadigini gösteriyor.",nefret
"Müslüman ülkemizde,

- Ensar Vakfı’nda 45 çocuğa tecavüz edildi.

- Ümraniye’de bir Kur’an kursunda 20 çocuğa tecavüz edildi.

- İmamın biri camide Suriyeli bir kadınla seks yaptı.

- Erzurum’da yine bir cami imamı öz kız kardeşine defalarca tecavüz etti.",nefret
Derhal Nihat Özdemiri görevinden alin bu adam çok tehlikeli Galatasaray in basini yakmaya gelmistir suç isliyor su an yahudi kiliklilar,nefret
"Bu saatten sonra Beyoglu'nda bir bok olmaz. O kadar ÖSO mensubunu, hirsizi, tacizcisini, hak hukuk bilmeyen Arap ve Suriyelisini doldurmadan önce düsünecektiniz. LINK",nefret
"mesela yahudi piçi, ermeni dölü, afedersin ermeni bile dediler gibi mi? LINK",nefret
Ermeni bir teröristin saygı gormesi ilginç vaka  #SevgiliSelahattinDemirtaş😄😄😄😄,nefret
"Yunan işgali altında bulunan bölgelerde akıncı müfrezeleri kurulmasına dair yazılan telgrafa Mustafa Kemal Paşa'nın kendi el yazısı ile yazdığı
"" Teşekkür, pek muvafıktır. Refet'e verelim yaptırsın""
cevabı.
Sarı ile işaretli bölüm Atatürk'ün kendi el yazısıdır. https://t.co/Q5Acy32P7u",nefret
bugünkü israil ordusunun temelini oluşturan yahudi terör örgütleri önemli rol oynadı bunların başında haganah irgun stern geliyordu 1920'den itibaren bölgede gittikçe şiddetlenen ayaklanmalar ve yahudi arap çatışmalarından sonra,nefret
orospu cocugu ulkemde suriyeli amcik istemiyom #MuhammedNurTutuklansın,nefret
Ermeni vahşeti Hocalı Soykırımının 29. yıl dönümü  https://t.co/3pj1T0ya8E,nefret
Hocalı tanığı Ermeni mezalimini dünyaya ağlayarak anlattı https://t.co/294bqxsC9M,nefret
onurlu bir kürt genci hdp binasi önünde duran akp kuklalarina satilmislar diyerek bagirdi. bu insanlarin acilari falan diyerek oynanan oyunu görmeden masumlastirmak dogru degil. onlari anliyoruzun sonu hdp önünde birikebilecek yüzlerce insana daha davetiye çikarir,nefret
Camide kucağına suriyeli kadın düşen imamla kapışır 😂😂😂😂 https://t.co/IFrvZxcBLY,nefret
Çarsaf yahudi seviciligidir.,nefret
"Avuçlarini yalamayi ne kadar da çok seviyor su Yunan Milleti...????????

F?t???af????e ??e? ? ???t????, µe ??a ???t? st??...p??t? t??, p?? de???e? t? s????a t?? ""?a????a? pat??da? t??""!   ?a?a?a?a! 

 ?a? ???p??;... LINK",nefret
Benim mehmetçigim Arap topraklarinda sehit olurken Suriyeli vatan hainleri cafelerde nargile keyfi yapip kadinlarla egleniyor ! Uyan Türkiyem uyan !!! LINK,nefret
"biz zaten susmadık da ""sizin polisiniz silahını çekip güpegündüz ortalıkta vuramaz dilediğini"" değil ""herkes ermeni olursa ben kuvayi milliye! 20 yaşında yiğitler gitti ölüme rum'a aç limanı siyonizm planı sağ sol tutmadı şimdi kürt yalanı” dediğimiz için bilinmedik. #susamam",nefret
"Ha Timur'un filleri, ha recepin suriyeli'leri.
Bu doymak bilmeyen canlilarin yükü hep anadolu insanina yük oldu.",nefret
tugce.gx YORUMLARI OKUDUKÇA ÇILDIRIYORUM DINI BILDIKLERINI ZANNEDEN AMK YOBAZLARI JEODKWOCOE7FJW7D AMK KAFIRLER SIZDEN DAHA AZ YOLDAN ÇIKMIS BE ISINIZ GÜCÜNÜZ DINI KULLANIP SALAK SAÇMA ISLER YAPMAK. TÜRKIYENIN BATMA SEBEBI RESMRN AQ. ISTEYEN ISTEDIGINI KUTLAR AMK SIZENE ÇEKEMIYORSANIZ SIZ GIDIN ARABISTANA,nefret
"Tahminimce Fransa'da olmus olsa gerek, zira Fransiz dalyarakligi kalibresinde bir uygulama. Lakin Pakistan Misir Afganistan gibi ülkelerle ayni kefeye girnemizi saglayan iktidarin dogrudan sorumlulugunu atlamak yanlis olur. BAE'li veya Suudi bir insani seve seve alirlardi oraya LINK",nefret
ne çok osmanli torunlarindan korkan ermeni sevdalilari var güzel ülkemde... #canankaftancioglu,nefret
doğru. ermeni ve rumlar’ın yüzbinlerce türk’e yaptığı soykırım üzerine kurulmuştur. https://t.co/oRxYpIhM5P,nefret
cumhurbaşkanı erdoğan yeni göç dalgasıyla sınırımıza gelen suriyelilere kapılarımızı açmak zorunda kalabiliriz diyor. ne zorunluluğu 5 milyon sayıları vardı şimdi kaç milyon daha gelecek. ben ülkemde değil 5 milyon bir tane bile suriyeli istemiyorum. burası benim vatanım,nefret
İNEGÖL'ümüzün Yunan işgalinden kurtuluşunun 97. Yıldönümü kutlu olsun...,nefret
"Yahudi kırması Osman Kavala ve destekçisi soysuzlar tesadüfen piyasaya sürülmediler..

Osman Kavala, Osmanlı Devletinin sürgün ettiği Yahudi Kavalalı ailesindendir.. 

Kavalalı Mehmet Ali Paşa, batının desteğiyle  isyan etmiş, Devlete büyük sorunlar çıkarmıştır..",nefret
RUM KAFASI ANCAK BU KADAR ÇALIŞIYOR.. https://t.co/L2h6PwqcBN,nefret
"pkk ve ermeni sevicisi olacaksın, ama hak, hukuk diyeceksin, o teröristlerin katlettiği, ermeni çetelerin katlettiği masumların hakkından bahsetmedikçe hukuk kelimesini ağzına alma.. . geçiniz.. https://t.co/DTCzFULmob",nefret
"8-Bu güzel günde;Büyük Türk Atatürk komutasında Aydın'ın kurtuluşunda kahramanlık gösteren yiğit efelerimize,kahpe Yunan tarafından işgal sırasında şehit edilen hemşehrilerimize Allah'tan(cc) rahmet diliyor,Aydın’ımızın Kurtuluş Bayramını kutluyor, sevgi ve saygılarımı sunuyorum.",nefret
Fatih t*zcan hani müslümandın lan yahudi dölü https://t.co/t2hjcttkxG,nefret
"TÜRKIYE'YI ve DÜNYAYI yönetip, soyan, kan ve gözyasina bogan, yahudi hirsiz caniler ve ülkelerin hainleridir.
Dünya insanligi 7 milyar, hirsiz caniler 70 milyon bile degil.
Dünya ülkeleri, ülkelerini yöneten siyasilerin, bürokratlarin, is ve din adamlarinin soylarina dikkat! LINK",nefret
"8 Eylül 1922 

Ordular yemeden,içmeden ,uyumadan Yunani yurdun her yerinden Akdenize dogru sürerken Yunan geçtigi yerlerde katliamlar yapip,köyleri yakiyor ve Manisa kurtarildi.

Son duraga,kutsal toprak Izmir'i kurtarmaya sadece 1 gün kaldi LINK",nefret
#Kabe savunmak ilahi adalet #kabemize #saldiranlar içimizdeki yahudilerin tohumlaridir #ismet #inönü  ilk diyanet isleri baskanligina #yahudi din #adami #hahami göreve getirmistir LINK,nefret
"Her haberi CHP siyaseti ve her haberi yalan sahibi yahudi murdoc ne beklenir ki

#YalancıFOXTV",nefret
"15 Temmuz da diğer darbelerden farklı değil, iki Kemalist iktidar odağı arasındaki çekişmeden gene Müslüman çoğunluk ve Kürtler dayak yemiştir.
Bu sefer kripto Müslüman-Yahudiler tasfiye olmuş, yerine gayri Kürt (kripto Ermeni, Rum, Gürcü, Türkçü vd) unsurlar iktidar olmuştur.",nefret
trene arap turist yasli kadin bindi bastonla. kimse yer vermiyor koçlarim benim böyle böyle egitecegiz ihtiyarlari,nefret
"Bir ermeni veya rum, çinli gibi tarihi düşmanlarım hayatımı bile kurtarsa ona Türk dostu gözüyle bakmam.Kesin gelecekte  kendi siyasetine yatırım amaçlı yardımıma koştuğunu düşünürüm.😏",nefret
"O yüzlerindeki gülen ifadeyi cayir cayir yakmak gerek. Ne derseniz deyin, arap her yerde araptir. Gavur parasiyla bile bes para etmez. Nokta. LINK",nefret
"Çin kamplarına gönderilen Doğu Türkistan’lı Uygur’ların çocukları, Çin’liler tarafından beyni yıkanarak, Dininden, Dilinden, Kültüründen, Milletinden uzaklaştırılarak, ateist bir Çin’li gibi yetiştiriliyor, bu çocuklar Türk, bu çocuklar Müslüman, bunlar bizim çocuklarımız !... https://t.co/Nmjl6fvyRF",nefret
"#AnnelerDireniyor Allah korkusu olan ve bu korkuda samimi olan Kürtlere ""Ben bu orduya kılıç çekemem ve size iştirak etmem"" diyen Nurslu Saidin sözlerine kulak verin ve Türk ordusu ve milletine silah çeken marksist,yahudi,mason örgütlerin elinden evlatlarınızı alın.Direnin.!!!",nefret
Devlet Kürt görünümlü Ermeni pkk örgütü ile müslüman vatansever Kürt kardeşlerimizin arasına yıkılmaz duvar örmelidir https://t.co/0VYtsWUA5C,nefret
Ölen her insana covit teshisi koyan ölenlere otopsi yapmaya rohsisdin köpekligini yapan hainlere ve z kisagina hakkimi helal etmiyorim hdp chp pkk ermeni rum yahudi azinligin hainliklerine çanak tutanlara hakkimi helal etmiyorum,nefret
"Bu insanlar ülkemizde yıllardır efendi bir şekilde yaşıyorlar. Hatta ben doğmadan önce de yaşıyorlardı. Demek ki Irklar ile bir sıkıntımız yok. Suriyeliler sıkıntılı, hain, zalim bir millet olduklarını çok iyi gösterdiler. Bu bakımdan ülkemde Suriyeli istemiyorum. https://t.co/EV0eGa5GHk",nefret
"Suriyeli takintim Yok lakin , hani hep onlar bizimdir diyolarya , madem öyle o zaman onlarin silah tutan erlerini gönderelim Suriyeye savassinlar , dönerlerse bizimdir dönmezlerse zaten hiç bizim olmamislardir ...",nefret
Ayasofyanin kilici kilifiyla girmis Rum dönmelerine.Her firsatta onu dile getiriyorlar.Sistemin her köse basini tutmuslar.Akparti bile 20 yildir temizleyemedi bu gavur dönmelerini. LINK,nefret
Aslihan agzima siçti gelin kurtarin diyor??,nefret
"Ermeni olmayan analar cesaretlendi ve Ermeni itlerine direniyor peki ermeni olmayan sanatçi hiçimi yok bu ülkede 
#AnnelerDireniyor LINK",nefret
bu soysuz kendi babasi kim oldugunu biliyor mu ki sorsan kendi babasi bilmez bu ermeni vatan haini,nefret
"Topraklarimizda Ermeni Toplu Mezari Yok

Kazim Karabekirin 100 yil önce Ermenilerin yaptigi zulüm ve katliamlarina açiklik getirmesi için vesikalar yazdigini açiklayan Karabekir, Rus generalin arsivinde buldugumuz Ermeni mezalimine iliskin anilari var.",nefret
Bi Suriyeli yobaz eksikti! #MuhammedNurTutuklansın,nefret
"ARAP DOSYASI : “ARAPTAN DOST, AYIDAN POST OLMAZ” DERDİ ESKİLER /// İŞTE ARABIN GERÇEK YÜZÜ /// HAYRANLARINA DUYURULUR !!!! https://t.co/1Yo84l0zm0 https://t.co/lgthB28eUy",nefret
"28.01.1992 senesinde 
#Susada 
terörist Ermenistan MI - 8 helikopterini patlatarak 44  sivil vatandasimizi katletmisti.
Tam 29 sene önce 
Ermeni terörünün kurbani olan masum soydaslarimizi rahmetle aniyor ,
teröristleri lanetliyoruz .
???????? LINK",nefret
 lan terk et Türkiye'yi ,nefret
"#OneMinute Biz Türk halkı bi konuyu beğenmedik mi hep öyle deriz ""Bi dakkaaaa orda dur bakalım"". Işte Reis de öyle dedi ""One minute one minute"" yani orda bi dur bakalım yahudi uşağu siz anasının kucağındaki çocukları bile öldürmeyi iyi bilirsiniz dediiiii işte herşey değişti...",nefret
Arap yancılarının kucağına oturan mhplilere de bak sen. https://t.co/YtlR93wCdD,nefret
Böyle rum döllerini Türkiye besliyor işte. https://t.co/WvIccSqqwt,nefret
Memleket değil dingonun ahırı mubarek. Bi şamar yemediğimiz suriyeli mülteci kalmıştı. #MuhammedNurTutuklansın,nefret
Bu ülkedenin içerisine sokulmus kripto Ermeni ve yunan dölleri vardir ve bu sayi %25 tir...,nefret
En kalleş gavur Yunan’dır https://t.co/LmX4wlb9oo,nefret
Bu Mansur ülkücülük ten komünistlige geçen Mansur degilmi...yahudi kanalinda konusuyor..bu iste bir ibnelik var,nefret
"Hocali'da katledilen analarimiz bacilarimiz geldi aklima... ve birçok yerde katledilen yahudi dostlarimiz... yunandan ermeniden naziden rustan çinliden çok çektik hala çekiyoruz... Dilerim bize yapilanlar bilinir ve hatirlanir. Paylasalim, aktaralim hafizamiz diri kalsin LINK",nefret
"Bu Suriyeli picin attığı mesaja bak...Esad anasını......kmemiş, illa Türkler mi ,.....................? https://t.co/QE9gSTrUI7",nefret
"mezhep kışkırtıcısı, iftiracı, kaypak, suçlu, sahtekar, mafya, çete, kirli tertip, şaşı, kör, bombadan tehlikeli, gırtlağına kadar çamura batmış, Yunan ordusu gibi, Sırp katillerinden farksız, Patagonya ordusunun zavallı generalleri,",nefret
Lan bu Araplar harbi bas belasi. Arap plakasi bile deprem üretiyor.,nefret
Suriyeli bir vatandaşın evinde İnternet hattı gitmiş. Bunun için 112 yi aramışlar. Ve olay yerine gittik. Diyeceklerim bu kadar.,nefret
"Bu kadar işsiz Türk genci varken, Suriyeli çalıştırana neden teşvik olacak. Suriyelileri isyemiyoruz. Türkiye ekonomisinin çökme noktasında olmasının en büyük sebeplerinden biri Suriye'lilerdir. https://t.co/XNrsKHx2gn",nefret
"Sikeyim Filistininizi de Arap askinizi da 
Hiç bir Arap benim hiç bir seyim degil amk çocuklari ..Yeter ulan ...Akilli olsalarmis ta isgal ettirmeselermis ülkelerini ..Bir daha Filistin yazan olursa anasindan girer bacisindan çikarim ..",nefret
#nihatözdemiristifa hep yahudi taktiği madurmuş gibi görün ağla sizla ve istedigini al. Mk fransiz köpekleri 2 senedir hakemlerle şampiyin oldunuz. Köpekler,nefret
istanbul sözleşmesi'nin hedeflediği şey ailenin yıkılması eşcinselliğin meşrulaştırılması ve eşcinsel evliliklerinin yaygınlaştırılmasıdır. bunlar müslüman bir toplumda olacak şey değil. mahkum ekimde af bekliyor,nefret
"Türk-Islam düsmani olan,pkk,ermeni ve yunan sevici bu igrenç kadini savunan alçaktir! Milletin en hassas oldugu konularla bile alay eden bu soysuza verilen ceza az bile! Bu ve bunun gibi vatan hainleri en agir sekilde cezalandirilmalidir. #CananKaftancioglu LINK",nefret
"#GüçlüIradeGüçlüDemokrasi yunan tohumlariyla , gizli yahudilerle , ermeni pijleriyle degil , bu vatanin evlatlariyla hâkim su an.",nefret
Ayaksiz pezevenk git Arap yarim adasinda oyna topunu,nefret
Sonra türkiye neden gekismiyor bunun gibi ler yüzünden,nefret
"Atatürk en büyük Türkçü,Cumhuriyetçi ve Türk milliyetçisidir.
Türk Milletinin kendini yönetmesi için Türkiye Cumhuriyetini  kurmuştur
Türk'lüğün Bağımsızlığını,Başkaldırışını,Şahlanışını tüm dünyaya gösterdiği için, EMPERYALİST işbirlikçileri ve ARAP UŞAKLARI ATATÜRK'ü sevmezler",nefret
Trabzon sehrini seviyorum lakin elin Yunan gavurunun takimini bile Trabzonspor'dan daha çok seviyorum en azindan düsmani disarda ararim !! Düsman içerde fetöcülerle kol kola yürüyüp Fetullah denen orosbu evladinin kumpasini savunuyor Yaziklar olsun !!,nefret
"Arap kici yalayanindan amerikan ingiliz fransiz siyonist gubresiyle beslenenine o kadar cok hainin varki TURKIYEM
Sattilar surduler oldurduler varligini yagmaladilar hala uyanmadin Anlamadin SEN NASIL BIR MILLET OLDUN BOYLE
KALK DIRIL KALK
SANA SENDEN BASKA DOST YOK EY TURKOGLU https://t.co/9iCGhyLErD",nefret
hz ali çok havali alevi olsaydim keske. hz muhammed'in bir fotosu bile yok çok çirkindi herhalde,nefret
zaur_elchinoglu@USER o satanist kilikli alkol düskünü ve uyusturucu bagimlisi ermeninim bana övme! Atalari yediyi boklari bu gün bunlar da yemekte! Bunlar melek görünümlü seytanlar!,nefret
%85 ateist olan isveç yolsuzlukta dünya sonuncusu... %99'u müslüman olan türkiye yolsuzlukta dünya ikincisi!...,nefret
"Fasist biri degilim ama bazen bu kesim için diyorum ki

Siz olsaniz Yahudi
Ben olurum bir nazi
Sabun yapsam keske sizi
Anca ise yararsiniz
Çünkü suanda oksijen israfisiniz

#19YildaYüzyillikDevrim",nefret
Bu piç tutuklansın sen kimsin lan yavşak suriyeli 🤬#MuhammedNurTutaklansın https://t.co/Nm84wmTRuH,nefret
Agdam'in Eyvazhanbeyli köyünün Hirosima'yi andiran görüntüsü yürek burkuyor. Ermeni isgalcilerin vandaligina @USER suskun! LINK,nefret
"#DeutscheWelle, Türkiye'nin Afrika'daki varligina degindi.Alman Türkiye'nin Afrika iliskilerinden rahatsiz.Gazetenin haberinde, son dönemde Ankara'nin kita ülkeleriyle iliskilerinin yeni bir boyut kazandigi ifade edildi.
#haber LINK",nefret
"1 Milyon Suriyeli Sınıra Dayandı !  Halk Ne Diyor ? https://t.co/B1dYZNY0SO via @YouTube
İPİNİ KOPARAN GELMİŞ
KENDİ ÜLKESİNE HAYRI OLMAYANLARI TÜRKİYENİN BAŞINA BELA ETTİLER
ŞİMDİ HERKES ISYAN EDİYOR
AMA ONLARI DOLDURANLARI İKTİDAR YAPANLARA AZ BİLE",nefret
"bağımsız müslüman ülkelerdeki müslümanların derdi ne? Niye çinli, taylandlı, rus, yahudi, alman, amerikalı, fransız, ingiliz, yunan, ermeni, ve daha niceleri, müslümana zulmederken, bir müslüman batıl hayatların özentisi içinde yaşar?",nefret
Resmi belli bulalim bu kisiyi asagilik Suriyeli vatansiz pic bulalim LINK,nefret
"#biristanbulsavunmasi #AnnelerDireniyor Kürt gençlerini ermeni ve yahudi dönmeleri kaçirip pkk ya teslim ediyor devlete silah siktiriyor, devlette terörle mücadele ederken mecbur bu teröristlestirilenlerle çatisiyor. 
Türk ve Kürt müslümanin arasina düsmanlik ekiyor bu soysuzlar.",nefret
ah be her sago dinledigimde kendimi sarkidan çok neden ateist oldugunu sorgulamaya veriyorum. aci kaybimiz olmus resmen.,nefret
"Avuçlarını yalamayı ne kadar da çok seviyor şu Yunan Milleti...😂😂😂😂

Φωτογραφήθηκε λέει ό Ερντογάν, με ένα χάρτη στην...πλάτη του, πού δείχνει τά σύνορα της ""γαλάζιας πατρίδας του""!   Χαχαχαχα! 

 Καί λοιπόν;... https://t.co/KfHzqGDpNH",nefret
"Sözde haklarını savundukları kürt anaların en değerli hakkını, evladını alarak emperyalistlere meze olarak kullanan hdpkk 'lı hainler kendi eniklerini pisliklerinden uzak tutarak lüks yaşam sunuyorlar. Gariban kürt halkı uyanıyor ve yavruları için #AnnelerDireniyor",nefret
"Peki Aylan bebeklerin bogulup kiyiya vurmalarinda basta PAPA olmak üzere Avrupanin, Amerikanin ve tüm hristiyan aleminin suçu yok mu? Bu Müslümanlar ne zaman akillanacaklar. LINK",nefret
"#UefaTurkishFootballCheckOver
35 yillik futbolseverim.Evet defaten serefli ikincilik ve serefli ucunculuklerimiz oldu.Hakki yenenlerin Hakki Yeten'lerin takimidir BESIKTAS.
Galatasaray gibi Fransiz
Fener gibi Rum olanlara karsi 
Yasasin Besiktas
Yasasin Çarsi....",nefret
"Yeni Rakı
burası istanbul, tam burası
her yer suriyeli, saç ektirmiş araplar da cabası.

burası istanbul, tam burası
35lik aşmış 80 lirayı.

burası istanbul tam burası,
fakiri doldurur metrobüsü,
zengini sürer sefasını...",nefret
Babamın babası ise Sırp zulmünden babaaını kaybetmiş annesiyle Türkiye’nin sahiplendiği bir çocuk(9 yaşlarında gelmiş),nefret
Bir tokatlıyorsun fetöcü bir tokat daha suriyeli bir tokat daha pizzacı bir tokat daha beyoğlu yosması bir tokat daha ultravesti bir tokat daha suçuk ekmekçi elemanlarda o kadar fazla lakap var ki hangi biriyle hitap edeceksin ..,nefret
"Kim bu asalak, ahlaksız, hırsız, sinsi,sapkın, soyubozuk şerefsizler?
TÜRK olmayan, müslüman geçinen, çoğu rus (laz, çerkez, gürcü, ermeni), rum, yahudi, arap,...asıllı haçlı, haham hain hırsızlar, sinsi kriptolar!
Ahlaksız yönetenler için AHLAKSIZ YÖNETİM, bir yönetim şeklidir. https://t.co/wvO5pbkCnN",nefret
"BUNLAR PROVOKATÖR BUNLARA NEDEN DOKUNULMUYOR?
Kendi topraklarını terkedip kaçan ve Türk halkının sırtına kene gibi yapışan Suriyeli, Boğaziçi'ni bombalamak istiyormuş..
O.Ç https://t.co/GmzavRVFkW",nefret
Yeter artık bitirin şu yahudi oyununu https://t.co/ufWFbv8OzW,nefret
 aslantayfasi senin gibi Galatasaraylinin anasini SIKIM bacisini SIKIM bir de arda savunuyorsun piç türkiye asla gelmem gelirsem gs gelirim dedi gitti basak sehire simdi bunu mu savunuyorsun Kah be evladi,nefret
bak bak davara bak! siktir git arabistana o zaman amina kodugum. aç bi tarihini arastir diicem ama zir cahilsiniz amk ne okumasi. internet tv falan daha kolay. ne arap yalakaligiymis bu arkadas anlamadim gitti. LINK,nefret
Ermeni katliamini Unutmadik Unutmayacagiz.???????? LINK,nefret
"Kardan tapinak yapan adamin çocuguna ettigi kötülükten haberinin olmamasi tümüyle egitim ögretime yikilmasi yanlis olur,medya tam bir yahudi kölemeni.",nefret
Tranvaydaki yolcularin % 80'ni Suriyeli olan Gaziantep.Sanki Halep'deyim.Valla yüksek ses ile konusma.Saygisizlik.Kendi ülkelerinde olsalar bu kadar rahat olamazlar.Çok yazik ettiler bizlere.??????????????,nefret
bir ırak'ta yaşanılanlar bir suriye'de yaşanılanlar vs islam ülkelerinde yaşanılanlar kötü yola düşürülen bir müslüman kadın eşcinsel olan bir müslüman erkeğin emperyalizme siyonizme boyun eğmiş islam devletlerin durumu hz. hüseyin'in durumundan ölüm şeklinden çok daha acınasıdır.,nefret
Evladına hayran bir annenin evladı olarak direnen bütün annelerimizin elinden öpüyorum bilin ki ben de annem de sizinle kalbimiz dualarımız sizinle inşallah evlatlarınızı hain ermeni dölü pkknın elinden kurtarırsınız #AnnelerDireniyor,nefret
saim.kul Adam hakli kendine göre yilbasini Müslüman kutlamaz. sahan serefsizi Amerikan usagi bunu bilmeyen mi var ki,nefret
Bunlar Kürt degil yahudi münafik zalim,nefret
"Acılara aldanma
Onlar gelip geçici
Benim Al Bayrağıma
Ermeni pici",nefret
"Venedik yine Venediklilerden olusmus bir yer; peki ya içimizdeki Venediklilere , yahudi ve ABD ve Ingiliz usaklarina ve onlarin tohumlarina ne demek lazim o zaman... Rabbim bu münafiklarin serrinden muhafaza buyursun insaALLAH. LINK",nefret
"Ayak baglari ermeni ve yunan beyinsiz leri yaracaz sizi bekleyin ,,,",nefret
Canan kaftanciogluna verilen cezayi ve bu cezayi veren hakimleri kiniyorum bu memleketin ekmegini yiyip te kim ermeni soykirimini destekleyip yetmezmis gibi kürt diye lanse edilip aslinda ermeni terör örgütu olan pkk yi desteklyenler için idam verilmeli yada müebbet hapis verlmli,nefret
Bok yemenin Arapçasi ???????,nefret
Ne zamandır izlediğim en güzel video )) Ezik ermeni kabile fertlerinin Şuşa’dan geçerken çaresiz askerlerimize Azerbaycan ve Türkiye bakması !!! Birde duygusal klip yapmış ezik ermeni idiotu ! Neyse bir daha izleyeyim çekirdek yiyerek )) 👊🏻🇦🇿🇹🇷🐺🌙🌙🌙 https://t.co/nsqBfrRS5F,nefret
"26Agustos1922 Büyük Taarruz ve 30Agustos Dumlupinar Zaferiyle A.karahisar,Kütahya,Usak, Eskisehir'in Yunan isgalinden kurtulusu ardindan 3Eylül'de Tavsanli,Bigadiç,Emet 4Eylül'de Sögüt,Kula 5Eylül'de Bilecik,Bozöyük,Orhangazi, Simav,Susurluk,Salihli,Alasehir, Nazilli,Ödemis,Tire+ LINK",nefret
#TürkDilBayrami nda bir karar alinsa ve yurdumda ki bütün yabanci dillerdeki tabelalar indirilse. Ha bir de arap sevicilere inat arapça tabelalardan da kurtulsak...,nefret
Sbk holding ten anlamamiz gereken sü her küsün eti yenmez. Haddini bilinen gidip koca holdigi yahudi ayak oyunlariyla alirsan böyle ülkeden kaçarsin sonuç bu adam bugün kimlerin zamaninda sahibi oldugunu gözden kaçirmamak lazim ticaret ömürlük tür siyaset ise rüzgara göre Yasar,nefret
"Ermeni - Yahudi kirmasi 
Gari Kasparov.
Firildaqdir... LINK",nefret
böyle bir lideri ve bu liderin temsil ettigi bir ülkeyi elbette ki hristiyan bati istemez ayrica o batinin içimizdeki temsilciler istemez. iste ak partinin iktidara geldiginden beri içimizde koparilan firtinali olaylar bu liderin istenmeyisindendir.,nefret
"Genel Baskanimiz Sayin Devlet Bahçeli'nin Azerbaycan'in Daglik Karabag bölgesinde Ermeni isgalinden kurtarilan Susa kentinde yaptiracagi okulun projesi tamamlandi.
.
Okulun ana kapisinda Selçuklu motifleri kullanilacak. Ana kapinin etrafinda Selçuklu ve Osmanli çinileri olacak. LINK",nefret
"vatanıma uğramış yaban eli
kimi suriyeli kimi bilmem nereli
ulkemde garib oldum
suriyeliye ben bu hakkı vereni...
#söylememgerek",nefret
"Türkiye'ye gücü yetmeyen gâvur,bir kâgit parçasiyla güç yetirecegini saniyor.
Basaramayacaksiniz!
#DevletiminYanindayim",nefret
Kimi #kürdistan hayali kurar kimi rum kimi yunan hayali kurar . Bakın biz #türkler son kalana kadar nefesimizin son damlasına kadar savaşırız. Ya adam gibi durun ya da siktirin gidin.,nefret
"Ülkemizin en gelecek vaat eden ögrencilerini elin vatansiz suriyelisine maskara ettiniz, bu vatanin ögrencilerini bombalamak ile halki kin ve tahrige yönlendiren haysiyetsiz, afedersiniz Suriyeli tutuklansin ! LINK",nefret
"Serefsizler bana kötü not verdiler, Müslümanin Müslümandan baskadostu olamaz, hristiyan alçak çekemedi beni",nefret
ben ayni tanriya inandigimizi düsünmüyorum bu ne amk arap özentisi seni LINK,nefret
"Budur.
Şerefsiz, soyubozuk hırsızları ülkemizden defetmezsek, böyle çelişkileri çok yaşarız.
Çoğu rus asıllı yahudi, hristiyan hain hırsızların, sinsi kriptoların, arsız yamyamların yönetiminde, bozuk amaçları, soyları, suçları anlaşılmasın diye TÜRK halkı oyalanıyor.
Anlayanlara https://t.co/IhNxfhCsrS",nefret
"Bugün yeryüzünde dökülen kanin, yagmalanan topraklarin,bozulan ekosistemin sorumlusu yahudi ingiliz sarlatanliginin savundugu Yeni Dünya Düzeni adi altinda tüm insanlara yutturmaya irkçi emperyalizmdir.
#Allahinisevendefanstanayrilmasin",nefret
#YalancıFoxTv sahibi morduck yahudi bir alman  medya patronu o sebeble yalancıdır şaşıracak bişey yok,nefret
Ey Müslüman Kürt kardesim hdp denilen parti kesinlikle Kürt partisi degildir bu hdp kesinlikle Ermeni partisidir uyan Müslüman Kürt kardesim uyan,nefret
Müslümana gavur eziyeti yapiyorlar bu memlekette,nefret
İktidarın ilk on yılı salya sümük ağladılar yahudi geleneği timsah gözyaşları,nefret
Arap istilasi yakindir LINK,nefret
"Bitmediniz bir türlü ermeni çocukları..

Yaşa Mustafa Kemal Paşa yaşa
Adın yazılacak mücevher taşa #KemalizmEsaretineSon https://t.co/DHJT1WaItB",nefret
"#MuhammedNurTutuklansın bu suriyeli piç neden halkı kin nefret falan filan suçundan tutuklanmıyor.

yediğiniz hurmalar gün gelir 

götünüzü bu suriyeliler tırmalar. beslediğiniz kargalar oyar bir gün gözünüzü..... https://t.co/bHpTzlERkP",nefret
Arap yarragini sikeyim,nefret
"HDPKKnin kürt kardeslerimizi savundugu,temsil ettigi KOCA bir yalan/algi dir.PKK ve siyasi uzantisi HDP kripto Ermeni ve siyonist Yahudilerden olusan münafik/ikiyüzlü,yalanci,sapmis bir topluluktur Esas mücadele inananlar, toplumlar arasinda degil, taguta karsidir. LINK",nefret
Rum piçlerini kudurttugu için#ErdoganinYanindayiz,nefret
Ermeni sidiği 💀 https://t.co/PGIVZ0yeuH,nefret
"I. Dünya Savasi ve Kurtulus Savasi siralarinda; Rum ve Ermenilerin aksine Yahudi vatandaslarimiz isyan etmemis, devletine düsmanlik yapmamistir.

Nusret Kiliçoglu",nefret
"Turk telekom özelleştirilip araplara satıldı. Her yerde boy veren millet,devlet vurgusu yapanlar özelleştirdi onu. Arap insifiyatine bırakıldı. Araplar bu dünyanın yüz karalarıdır. Bize ait olan şirketi sattılar bu çöl bedevilerine.Yaşanılan sıkıntıyı anlamak zor olmasa gerek.",nefret
"60 yıldır Abd'ye çok açık ajanlık yapan, amerikan çıkarları için ülkemin her türlü gelişmesinin önüne set çeken Fetö teröristleri ve Abd'nin kara güçleri PKK ölüm mangalarına destek veren, Ermeni Diasporasının uzantısı faşist, Lgbt'ci Sorosun çocukları,ülkemi germeyi sürdürüyor. https://t.co/mYW4OsnYOk",nefret
Yarın soka çıkıcam zevkine suriyeli dövücem amk,nefret
"Sizde farkettiniz mi Araplar fena halde Türk kızlarına takmış durumda

Bknz Şeyma Subaşı. Şevval Şahin. İksinin de sevgilisi kendisinden kısa boylu ve Arap.",nefret
2 tane koyun versen 100 metre getiremez.Türkiyede kazandigi paraya bak .Adana 01 de anca figüran olur amin oglu,nefret
Kerem inan sen yahudi tohumlu musun ya kardesim lafina takili kaldin #TGRTdeFutbol,nefret
"Yahudi köpegi mason generallerimiz ve söz de muhafazakar kukla siyasetçilerimiz yüzünden Türkler ve Kürtler arasinda sönmek bilmeyen fitne atesi sürekli harlatiliyor..
CHP sahte muhalefetiyle bu atese su serpiyor gibi yapip sürekli gaz'liyor..",nefret
"Ne de güzel söylemiş Yavuz Sultan Selim Han! 
""Kürde fırsat verme ya Rab, dehre sultan olmasın!
Ayağını çarık sıksın, karnı bile doymasın!
Vur sopayı al haracı, asla iflah olmasın!
Ol bu çeşmeden gâvur içsin, Rum içsin Kürde nasip olmasın!""
 #DevletinGücünüGöreceksiniz",nefret
"Başta FETO, Yunan, Batı, PKK, HDP ve diğer terör ve zararlı grupların bu olayları zevk ve şehvetle takip ettiğini ve fonladığını asla aklınızdan çıkarmayın.

#BogaziciUniversity
#AsagiyaBakmayacagiz 
#DevletiminYanımdayım 
#Polisiminyanindayim https://t.co/boe0CjbehH",nefret
"Suriyeli aile evini kaçak muayenehaneye, babasinin evini ecza deposuna çevirmis LINK",nefret
Olm kocasinanda kayboldum 3 kişiye yol sordum 3üde suriyeli aq ne dediğimi anlamıyolar anlasalar bilmiyorlar nereye düştüm ben allahım türk yok mu ya türk diye ağlıcam şimdi,nefret
Bizi tankla tüfekle roketle yenemezler bu gavur hicbir tasin altini bos birakmiyor. Demem o ki Seytan imanimizi çalmaya çalisiyor.  Bu gavurda aileyi yikarak ahlaksizligi mesru göstererek. Turkiyeyi fakirlestirirek köle ülke haline getiriyor.,nefret
Bu Suriyeli piç tutuklanıp sınır dışı edilsin #MuhammedNurTutuklansın,nefret
Böyle davranacaksan fazlaligi kestirde kurtul bence?????????????,nefret
"Evlatlari için çogu erkek ten  daha cesurca bu ihanet ve özünde Ermeni çetesi Kürtleri sömürenlere karsi çikan annelerimiz, millet olarak sizinleyiz... #AnnelerDireniyor",nefret
Trabzon Havalimanı'ndaki Arap populasyonu hayret verici hakkaten.  Trabzon' nun parsel parsel Araplara peşkeş çekildiğini unutmamak lazım tabii. İlgili görsellerden birini bırakıyorum aşağı. https://t.co/5cHEOunBoo,nefret
"ÜSTAD KADİR MISIROĞLU'NA LAF EDEN SOYSUZLAR SİZ BABANIZIN İÇİNDEN ÇIKMAYI BEKLERKEN KAHRAMANLIK KOŞUSUNA; ÜSTAD ""YUNAN MEZALİMİNİ"" PİYASAYA SUNDU!! https://t.co/ItlM6kqzkf",nefret
türk futbolunda düzen kalmadi çünkü yahudi lobisi sardi,nefret
Kürt geyden bu kadar olur abi ancak ??,nefret
"21. BARIS ISTEDIK KABUL ETMEDILER, PERISAN OLDULAR
Yazar Herkül Milas yazdigi; Yunan- Türk Iliskilerinde Bir Ön Söz isimli kitabinda; Yunanlilar Anadoluda kiyim yaparken Yunanistanda ve Izmirde Atatürk",nefret
Müslüman Arap Türke ihanet etmistir ama müsavi yahudi asla Türke ihanet etmemistir,nefret
"Anne yüreği işte ne yapsın, PKK kuklaları gibi satılmış yawşak değil ki.. Ermeni tohumları kansızlar.. #AnnelerDireniyor",nefret
baris özcan... hindistan'in aya inisini canli yayinliyor. öküze tapiyor dediginiz hindistan aya ayak basarken müslüman! olan ülkemin ahlak ve saygi seviyesi yerin altinda böyle geziyor.,nefret
"7 Eylül 1922

Aydin, Incirliova, Germencik,Kusadasi Yunan isgalinden kurtuldu,Yunan Akdenize dogru süprülürken,siyasette devam ediyor.Ihtilaf Devletleri temsilcileri, mütareke için Yunan hükümeti adina TBMM hükümetine basvurdu

Kutsal Topraklarin kurtulmasina sadece 2 gün kaldi LINK",nefret
Ulan helal olsun sana götten bacak .Su an bütün Türkiye sana küfrediyor bunu basarmak da ayri bir meziyet olmali ???? bir de diyor Bayrampasa'dan çiktim mahalle çocuguyum sen olsan olsan ne çocugu oldugunu millet çok iyi biliyor.,nefret
"Sözde haklarini savunduklari kürt analarin en degerli hakkini, evladini alarak emperyalistlere meze olarak kullanan hdpkk 'li hainler kendi eniklerini pisliklerinden uzak tutarak lüks yasam sunuyorlar. Gariban kürt halki uyaniyor ve yavrulari için #AnnelerDireniyor",nefret
Cem in rum ermeni tohumu olduğu çok belirgin bu kadar ATATÜRK ten nefret edilemezdi yoksa #tuerkiyeninnabzi,nefret
Tabi bunun yaninda söyle bir durum da var. Rumlar Türklere karsi kin ve nefret dolu bir irk. Evet Güney ile ilk basta birlestiginizde hersey ada sakinleri için çok daha kolay olucak. Belki siz veya sizin nesliniz birlesme dönemi sayesinde daha güzel bir yasama sahip olacaksiniz.,nefret
Yahudi bu kadar zulüm etmez #Kaybeden60binolmayacak,nefret
"rahmetli babaannem çok aglardi. o melun yunan mezalimini anlatirken agzindan çikan ah yüreginin taa derinlerinden gelirdi ""kafir"" derdi. çok eza cefa etti. sonra da yakti yikti ama kemal pasa'ya yenilip gitti. 8 eylül 1922 bugün manisa ve yarin izmir. 97 yillik minnet...",nefret
Siz satilmis soysuz ermeni çocusunuz sizi o koltuga layik görenin ........? Kahpe çocuklari basaramiyacaksiniz herzaman @USER ???? @USER  adamdir???? LINK,nefret
"""Malatya - Hekimhan.
Durmus Durduyan.
1969 yilinda isim degisikligi oluyor,
ve,
karsinizda Oguzhan Asiltürk.
PAKARDUN Ermenisi.
(Pakardunlar, disaridan Müslüman görünen, alt kimligi Ermeni olan Kripto bir cemaat)""

Her sakalliyi deden sanma!!!!
LINK",nefret
Lüplanin ermeni cumhur baskanini osmanli hakkinda  yapmis oldugu aciklamalardan dolayi sitdetle kiniyorum ve naletliyorum,nefret
"Yalanın merkezi, 
yahudi kanalı
#YalancıFOXTV",nefret
"Erbakan Hoca, zor sartlarina ragmen Selçuk Bayraktar'i yetistir, ülkeye kazandirir..

Erdogan, Selçuk Bayraktar'i, degil Yahudi Elon Musk'i idol gösterir..

Yahudiden, Yahudi sermayesinden bu millete hayir gelmeyecegini hala anlamadi.. 

LINK",nefret
Go ulan go amq çingenesi hasan aliyle takimi siktiniz,nefret
Ermenistan yine itlik yapmaya başlamış gavur yıllardır Müslüman tokatı yemediği için kendini aslan zannediyor domuz olduğunu hatırlatma zamanı gelmiştir... #TeröristHeykeliKalkacak,nefret
Samsun'da Suriyeli kavgasında bıçaklar konuştu https://t.co/oPPQeANi1t,nefret
"Olacak olani ben söyleyim.Avrupa'da Alman'lara karsi tükenmemis olan itilaf kuvvetleri Anadolu'yu tamamen isgal edip, Rum'larla Ermenilere, bütün Türkleri öldürtüp keyiflerine bakacaklardi. LINK",nefret
Yunan  olduğunu  baştan  söyleseydinya  g. v..n  ibne https://t.co/tvNbk0aDfj,nefret
"Hocalı da Akan kan Müslüman Kan'ıydı  sustunuz, 
Zaten Siz Ya Ermeni, Ya Fransız yada Rus'tunuz...!😢😢",nefret
"Arap seviciler! ;)
@gazetesozcu https://t.co/DnxI1dJvsU",nefret
"Budur.
Artık, TÜRKİYE'Yİ satıp, soyan nankör, hain hırsızlara karşı BİRLİK olma zamanı.
Ya vatan seversin ya da vatan haini!
Çevrenizdeki TÜRK olmayan, müslüman geçinen, çoğu rus asıllı yahudi, hristiyan hain, hırsız, cani siyasilere, bürokratlara, iş ve din adamlarına dikkat! https://t.co/B7TB0iXqMw",nefret
Bu analarımız bir çeşit kuva-yi milliye başlattı. Haydi vicdanlı kürt halkı bu ermeni döllerinden kurtulma vakti! #AnnelerDireniyor,nefret
"Konya'da Suriyeli erkek, Irakli kadini fuhusa zorladi! ""Iskence yapip, bogazimi kesmekle tehdit ettiler"" LINK",nefret
"#Sustunuz
Billur Kalkavan
Istiklal Caddesi'nde
Nihat Genç
#AnalarDireniyor
#FileninSultanlari
Mardin'in Ömerli
#HandeErçel

Içine Dert olsun canan ! 

#CananKaftancioglu 
Kizarmis Domuz yenmi Yunan artigi ! LINK",nefret
biz gavurlar gibi gavur olmadikca bu gavurlar bizi sevmez cok sukur bizde musluman oldugumuza gore tek disi kalmis canavarlarin bizi sevmesini beklemek ahmaklik biz boyle iyiz durmak yok yola devam,nefret
"*Gün oldu ??hoca sevici oldunuz.
Gün oldu??Barzani sevici oldunuz.
Gün oldu??Esad sevici oldunuz.
Gün oldu??Arap sevici oldunuz.
Ulan herkesi sevdiniz de bir tek ülkenin kurucusu?? 
MUSTAFA KEMAL ATATÜRKÜ sevmediniz 
Kiskanç ve hainsiniz?",nefret
"Budur.
Satilip, soyulan ülke ve ulus: TÜRKIYE ve TÜRKLER!
Satip, soyanlar kim?
Asil sorulmasi gereken soru budur.
70 yildir, Allah, Bismillah, Maasallah, Insallah diyen, TÜRK ve Müslüman olmayan, çogu rus (laz, çerkez, gürcü, ermeni), rum, yahudi,... asilli hain, hirsiz caniler! LINK",nefret
Nasil da unuttuk amk suriyeli biyiklisini LINK,nefret
"??Ermeni esaretindeki bir baska Azerbaycan askeri Azerbaycan'a iade edildi.

 Karabag'daki Rus baris güçlerinin komutani Korgeneral Rustam Muradov:",nefret
Suriyeli Vatan düsmani piç #MuhammedNurTutuklansin,nefret
"Nerde din, tarikat, örgüt görsem bu vaatlerle geliyorlar insana. Bu Satanist için de böyle Müslüman için de Hristiyan veya Yahudi için de. Insanları zayıf avlayıp kendilerine sömürecekleri bir kan bulabiliyorlar.",nefret
"#Turkcell
#türktelekom
Bu götverenlerin adi Arap Telekom Türk kelimesini çikartsinlar",nefret
Doha’da kaldık yine iyi mi? Bu Arap milleti kadar zararlı bir topluluk yok amk,nefret
özerklik ya da federasyon kürt kardeslerimizin söylemi olamaz lgbti'ye degil annelere destek,nefret
Yeni anayasadan beklentim yahudi donmelerini çılgına çevirecek derecede olmalı..,nefret
Rica ederim amcacım 🙏 umarım hep birlikte ülkemizi Arap çukurundan kurtaracağız. https://t.co/GyKySGzjhx,nefret
- Din ve vatanseverlik edebiyatini agzindan düsürmez! Açiklamaya bakarmisiniz 8.5 aylik dogmamis bebegini bile uçkuruna meze etti adi serefsiz!! Ulan hiç mi erkekligin yok adamim diye geziyorsun gerçekleri söyleyemiyorsun!!!! Arda turan Türkiye'nin kara le,nefret
Bu PKK HDP PYD teröristlerin yalakalığını yapan kılıçdaroğlunu kopyası yorgo ekrem imamoğlu makarıyosun torunu yunan bozması hadtlerin çok aştılar ever gereken yapılmasa türkiye ve istanbula çok yazık olaçak,nefret
Köpegim Arap'la tanisin....?? LINK,nefret
müslüman 300 yıldır orucu tartışırken ineğe tapan Hindistan aya iniyor..,nefret
Arkadaşlarımı yahudi siksin hepsi böyle ilginç tipler https://t.co/UPgcEeZSVu,nefret
"Budur.
70 yıldır, yahudi/hristiyan rusların (laz, çerkez, gürcü, ermeni) yönetiminde, yahudi/hristiyan abd eyaletiyiz.
Uydurup, dayattıkları din ile aldatıp, sığındıkları ülkemizi yağmalamak için her kılığa giren, TÜRK olmayan herkesi bu topraklardan defetmek, TÜRK için görevdir. https://t.co/jEdUgoH1kE",nefret
#SevgiliSelahattinDemirtas senin ta aq ben Ermeni köpegi LINK,nefret
Cananin siirler bunlar mi? Hakkaten güzel siirler.kadin ermeni kürt sevici Türk düsmani. LINK,nefret
Siktir git amk çocugu sen Müslüman degilsin.. Müslüman olsan hakkini yemezsin hiçbir insanin sen taraftarlarin hakkini yiyorsun amk çingenesi,nefret
"Burada kürtlere küfreden lerin yarisi dönme Kürtler diger yarisi dönme ermeni dönme Rum, kendileri zorla Türk olunca aslini kaybetmeyen kürtlere uyuz olur kodugumun kavvatlari  #kürdistan",nefret
"%85 'i ateist olan Isveç yolsuzlukta dünya sonuncusu...
%99 'u Müslüman olan Türkiye, yolsuzlukta dünya ikincisi...
Neden acaba?",nefret
kadem denen bas belasi!... 2018'de türkiye'de her 3 evlilikten biri bosanma ile sonuçlanmis. 2018 istatistigi evlenme 553.202 bosanma 142.448. çikardiklari 6284 kanunu ile aileleri hedef alan akp bir yahudi cesaret madalyasi daha haketti. canan kaftancioglu,nefret
"PKK bir Ermeni örgütüdür kim kurmuştur Türkiye'yi yöneten ittihatçı kripto Ermeni Yahudisi bir grup tarafından Derin Devlet kurmuştur...
Geçmişte Ermeni olaylarını Taşnak Ermenileri İttihatçılarla beraber başlatmıştır ama 100 yıl öncede 40 yıl öncde patron Siyonistlerdir.. https://t.co/UsCSCafa6B",nefret
"kripto yahudi chp'li aykan erdemir kılıçdaroğlu'nun abd'de fetö'cülerle görüşmelerini sağlayan kişi. eşi tuğba tanyeri erdemir de abd'nin en büyük yahudi örgütünün koordinatörü. aynı zamanda #odtü'de hoca. ""çocuklarımız kripto yahudi ermeni ve mason chp'lilerin elinde""",nefret
"Kitap okumayan, dis firçalamayan, uyaninca yüz yikamayan, düz siyah baba çorabi giyen, deve gibi ter kokan yikik orospu çocuklari hariç herkese günaydin. Atatürk düsmanlarinin ve arap milletinin anasini sikeyim. Yalvaririm anti elit çökelek peynirleri bu tweete etkilesim yapmasin",nefret
"Erdogan'in çok çalisarak kazaniyor dedigi Yahudi Elon Musk, üç kagitçi spekülatör bir kan emici.. LINK",nefret
"Biz yıllardan beri milletçe neyin mücadelesini verdik? Yıllardan beri bize attıkları ""Ermeni Soykırımı (!)"" iftirasını yok etmek için neler neler yaptık.Ermeni Soykırımı iddiası bu ülkenin milli meselesidir.Bu iddiayı savunan herkes ya delidir ya da ERMENİDİR!
#CananKaftancıoğlu",nefret
"Bagri yanmis anne babalarin sesini kismaya kimsenin gücü yetmez!

Türk - Kürt kardestir nifak sokan Kürt ve Alevi kimligi ardina saklanan ASALACI ERMENILER dir !

Destekleyenler ise
Basta Ingiltere olmak üzere Avrupa
Abd
Itrail
Ve içimizde ki satilmis IT soylaridir..!! LINK",nefret
#nibas bunu yapanlar kesin yahudi yada ermeni olmalı benim ülkemin rızkını yiyip vebal aliyorlar. Milleti soymak hosunuzami gidiyor,nefret
"5fctnIslamci mallar.Yilbasi kutlamanin dinen ne sakincasi var.Yilbasini noelle karistirmaktan vazgeçin artik.Noel 25 Aralik'ta kutlanir.Yilbasi kutlamanin Hiristiyan likla ne alakasi var.Japonya, Çin,Israil Hiristiyan mi.Ateist topluluklardan diger inanç gruplarina kadar herkes yeni yila girmeyi kutlar.Dilek tutar vs. Dinle minle ne alakasi var.Yorumlara bakiyorum.kafasina çakma türban geçirip makyajli sözde Müslümanlar cehennemle yargilamis bile adami.Sizden bir bok olmaz bu kafayla.Islamcilar mal olarak kalmaya devam edin",nefret
"Saraydaki Diktatörün kollayip,güdümündeki ve Sarayin kuvayi milliye ilan ettigi çocuk kafasi kesen,tecavüzcü müslüman çeteleri toplu toplu hizla etkisiz hale,sekle sokuluyorlar.Suriye,Rusyadan sonra ABD savas uçaklarida ÖSO çetelerini bombaliyorlar. LINK",nefret
güneyli amerikan aksanimi bayagi gelistirdim keske bahçem olsaydi da pompaliyla suriyeli kovsaydim,nefret
Yunan  oldugunu  bastan  söyleseydinya  g. v..n  ibne LINK,nefret
"Kiliçdaroglu'ndan AKP'ye 5
Onlar senin düsmanin, sen onlarin kabusu,
Kalk dikil karsisina, kaçsin hepten uykusu,
Vatanina göz dikmis, bu ''ermeni'' tortusu,
Bu ''Bayraktan'' degildir, ''Hiç'' tir, Mehmedim..!",nefret
orospu evladi siktir git evine amina kodumun Suriyelisi,nefret
Bu Dhkpcli Kominist Solcu Ateist  Avukatlarda Kendilerine Hiçbirşey Yapmayacağımızı Falan Zannediyor ulAn Götünüzden Kan Alırız Kan Yeter Ki O Günler Gelsin...,nefret
"Bati bir hiristiyan toplulugudur.
Kendinden olmayani, kendisinin kölesi olarak görür.
Hala bati hayrani ahmaklar bunun farkinda degil.
Kabukluya bayiliyorlar. LINK",nefret
"Çanakkale'de Ermeni ve Rumlar vardi orduda,evet, ama Ermeniler ve Rumlar Anadolu'nin isgal edilen her büyük sehrinde isgalcileri destekledi pesinden. Istanbul'da her yerde Yunaninstan bayragi astilar. Bu da var.",nefret
Bu ülke Arap ve Suriyelilerin topyekün nargile fosurttattığı mekanlarla dolu ve bir çoğu ruhsatsız.gördüğünüz yerde bıkmadan şikayet edin bu nargilecileri.arap soysuzlarına nargile serbest ama bize sigara yasak.yok öyle #sigara,nefret
"Her haberi CHP siyaseti ve her haberi yalan sahibi yahudi murdoc ne beklenir ki

#YalanciFOXTV",nefret
"Barzani'yi, yahudi bir aileden geldiğini için günahım kadar sevmem ama bu ülkeye faydası kemalistlerden daha fazla olduğuna adım gibi eminim! En azından pkk'nın düşmanı!",nefret
öyle bir gasp sebekesi ile karsi karsiya devlet ve türk milleti. ne oldugu kim oldugu belirsiz yiginlara da yoksul halkin parasi ile kiralik araç clio tahsis edilmis. bundan sonra sirada suriyeliler olabilir hatta arap ermeni yahudi yakinlarinizi da bekliyoruz. lütfen!,nefret
"Kiliste Suriyeli nüfusu Türk nüfusunu geçmis, vatan elden gidiyor geçmis olsun arkadaslar",nefret
bir delikanlı da çıkıp demiyor ki ülkemde kürt suriyeli ermeni yahudi arap istemiyorum.,nefret
"Ermeni yeni bir oyun peşinde. 
Azerbaycan'lı kardeşlerimiz tüm gerekli önlemleri almalı. https://t.co/u7ZrzpA6WH",nefret
"Türkler Ermeni Soykırımı Yapmıştır. Diyen @ccanannnnnn u savunan. Açıkça söylüyorum. Şerefsizdir.
Türk Değildir.Ermeni Dölüdür",nefret
#SevgiliSelahattinDemirtaş vatan haini Ermeni piçi,nefret
"#pkk terör örgütüdür 
#pkk dinsizdir 
#pkk islam düsmanidir 
#pkk serefsizler toplulugudur 
#pkk vatan hainlerinin yeridir
#pkk ermeni hinçak tir 
#pkk kürt degildir LINK",nefret
"#KahrolsunPKK
A*ap sevici Yahudi hükümet
Yas ilan edermi acaba? Edemez çünkü onlar Türk lafini duyunca rahatsiz olan kisiler. Ölen a*ap yarim adasinin primatlari olsa ederler",nefret
Canan kaftanciogluna verilen cezayı ve bu cezayı veren hakimleri kınıyorum bu memleketin ekmeğini yiyip te kim ermeni soykırımını destekleyip yetmezmiş gibi kürt diye lanse edilip aslinda ermeni terör örgütu olan pkk yi desteklyenler için idam verilmeli yada müebbet hapis verlmli,nefret
"Ermeni ve siyonistin tuzagi bozuluyor.
Çünkü   ????  #AnnelerDireniyor",nefret
Yeter artik bitirin su yahudi oyununu LINK,nefret
"Alo buralar Arap istilasina ugramis. Türk kahvesi istedim el Arabi kahvesi geldi (@ Teras Cafe in Istanbul, Türkiye) LINK",nefret
"Bunlar Kürt degil !
        Bunlar bebek katili,bunlar orman katili kadın çocuk katili.Hain kafir dostu yahudi dostu bunlar!!!",nefret
"#TerrorsitGeertWilders
Safkan yahudi olan, Islam ve göçmen düsmani sebelek Wilders, Erdogan düsmanliginda yarisiyor. Biraz arastirsa, Erdogan düsmanligi yapan özel yetistirilmis, Amerikan pitbull cinsi fasistler gayya kuyusunda... LINK",nefret
alevi ve sünni çekismesi ilk hazreti ali efendimizin sehit edilmesinden sonra büyük ivme kazanmistir. esas çekisme peygamberin vefati sonrasi imamet konusunda çikti abdullah bin sebe yahudisi konusu sünnilerin götünden element uydurma hadisesidir.,nefret
"söyle bi günde bile hükümet ve bakanliklari , Ulu önder Atatürk ü anmaktan acizler, burasi Türkiye kardesim kendinize gelin bu yaptiginiz ayip daha ne denir bilmiyorum yazik sanki ülkeyi rumlar yunanlar yönetiyor ne bu düsmanliginiz kime bu kininiz   #18martcanakkalezaferi",nefret
"Sirrimiz farkliligimzda diyen yahudi artigi. Sizin her tarafiniz aydin olsa ne olur? Bu ülkeye ait olmadiginiz halde bu ülkenin sahibiymis gibi rol kesmeyi birakin artik. Artik atatürt ve itönü zamaninda degilsiniz. Foyaniz ortada artik ????????????
LINK",nefret
yarın 9 eylül izmir'imizin yunan işgalinden kurtuluşunun yıldönümü... türkiye cumhuriyeti'mize kutlu olsun...,nefret
8 eylül manisamızın yunan işgalinden kurtuluşu kutlu olsun.,nefret
hristiyan olmak isteyen defolup gitsin bir zahmet avrupaya dinsiz imansizlar grubu,nefret
zaur_elchinoglu Bravo #Asena! Bu ermeni piçine layik olani yapmissin!,nefret
türküyle çerkeziyle kürdüyle diye söze başlayan ne kadar ibne varsa önce bunları sikmek lazım etnik döküntülere cesaret fırsat veren hep bu ibneler. zaten çoğu ya k. yahudi ya da bu döküntülerin soydaşı sosyalizm liberalizm islam gibi dejenere ideolojileri amaçları için kullanıyorlar,nefret
hayir dogumuna 15 20 gün kalmis hamile karisini birakip gece kulübüne giden adam! Hatta baskasinin karisina kizina yavsayan kisi Atatürk'ün dedigi sporcu kimliginden uzak oldugu gerekçesiyle derhal Türkiye'de top oynamasi yasaklanmasi lazim.. paranin satin alip gerçek kisi ligini satan seytanin 1 numarali oyunlarina kendini rahatça kaptiran adam yaziklar olsun..,nefret
"Gebersede kurtulsak,
arap Yalamasi, 
Türk düsmani.",nefret
aysegulalmaci@USER bana bak yavsak biz haberleri izliyoruz zaten sen nerden biliyorsunda fetö ile suçluyorsun sizin zihniyetinizi ben var ya evet hdp esittir pkk sende onlarin yancisi ve vatan hainisin biz bu topraklari vatan hainlerine birakmiyacagiz türkiye de yasayip yedigi çanaga siçan sizlere parçalatmiycaz.bu ülkeyi ne mutlu türküm diyene,nefret
domuz eti yemez kredi çeker farz namaz kılmaz teravih kılar zina eder gusülsüz gezmez. kuranı belden aşağı indirmez kahrolsun şeriat der. memleketimden müslüman manzaraları... #şanışer,nefret
"İslam'a saldırmak adına ateist ayaklarına yatan grup çoğunlukla Yahudi kökenlidir, 1500 yılında İspanya'dan sürülen yüzbinlerce Yahudiyi Osmanlı kabul etti ve o zamandan beri içimizdeler. #ÇukurS3",nefret
ak partili arkadaslar tövbe etmezseniz allah'in huzuruna müslüman katili olarak çikacaksiniz. irak isgalinde haçli ordusuna verdiginiz destegi bu halk unutur ama allah unutmaz. #susamamsarkisibana,nefret
"Savunma sanayi projelerini yabancilara satan ermeni dölü proje müdürünün bankalarda tuttugu kiralik kasalardan 1 milyon yuro 500 bin dolar çikti
Evinde yapilan aramada 
1 milyon 500 bin yuro çikti
Arkadasi evde unutmusta alaçakmis diye ifade vermis
Hain Alçak serefsiz LINK",nefret
"Arap yobazi!
Islam olmadigi kesin de, dinin ne senin? Sen hangi toplumda yetistin? Bu nasil bir sapiklik seviyesi? LINK",nefret
"Polisimizi ögrencilerimize plastik mermi biber gazi ile saldirtirken, TC düsmani seriatçi gruplari insan lesi yiyen Suriyeli teröristlerle Istanbul Üniversitesi önünde gösteri yaptirtan siyasilere lanet olsun.
Polisimizi halkin degil TC'ye düsman olanlarin üstüne sürün!",nefret
Hiç bir Türk erkegi esi yanindayken karisina laf atmaz sen Türkiye'nin yüz karasi sin o üzerindeki Milli takimin formasini çikar arda turan Sen bir serefsizsin,nefret
As bir maçta kurtar be futbol disinda ne kadar lüzumsuz isler var hep ordasin besikten yedigin goller buradan bizim köye yol olur hepinizin aq,nefret
Trabzon ve Doğu vilayetlerini Rum ve Ermeni Çetelerin saldırılarından korumak için başlayan bu kutlu yürüyüş misak-ı milli sınırları içerisinde vatan bir bütündür bölünemeze dönüşmüştür. Bir Ermeni çetesi olan @HDPgenelmerkezi ye de gereken yapılacaktır.,nefret
Amina kodumun çingenesi seni topçu yapan zihniyetin seni takima alan seni oynatan herkesin anasini avradini sikim git artik su takimdan sen nasil bi belasin bizim basimiza ya @USER,nefret
Yahudi sermayeli #YalanciFOXTV kapatilsin,nefret
"Ermeni tohumlari Müslüman Kürt çocuklarini daga götürüp Vatana,millete kursun siktiriyor. Hdp ,Chp nin arka bahçesidir. #AnnelerDireniyor  LINK",nefret
Ermeni Kinkos Demirtas ve Ermeni Nazli Demirtasin torunu Pkk ' li Ermeni Selahattin Demirtas Vatan Hainidir. #SevgiliSelahattinDemirtas,nefret
"Kürdü, Lazı, Çerkezi, bir ağacın dalları,
Bu ağacın adı Türk, daha çoktur kolları. 
Ağaca balta vuran Ermeni'nin dölleri.

Kürt, Ârif' 'in gardaşı, bu gardaşlık duracak. 
Ya bu kanı durdurun, ya millet durduracak.

Ozan Ârif",nefret
"“Bunlar Kürt değil, bunlar gavur” Anadolu’yu bölmeye kalkan Ermeni bozmaları, kardeşliğimizin ırkla değil iman etmekle alakalı olduğunu hesap edemediler !!! https://t.co/qW4CEWnT9S",nefret
"Hayirli sabahlar. Anlayana, anlamayanlara.catlasanizda, patlasanizda inşallah allahın izniyle bu gencliy gelir onu bilesiniz.rum.ermeni.yahudi.tohumlarina bi uyari olsun diyelim.🇹🇷🇦🇿.#ErdoganinYanindayiz . https://t.co/wptQi0dGOM",nefret
"Kürt kardeşlerimiz gerçeği gördü. pkk ve hdp kürtleri temsil etmek bir yana Kürtlere en fazla Kürtlere en büyük zararı veren törör örgütü ve temsilcileridir.
pkk taşeron bir terör örgütü destekleyenler teröristtir. 
DİYARBAKIR TÜRKİYEDİR.",nefret
"Aydınlanma diyerek kamufle edeceğine direk kafirleşme de herkes anlasın herkes senin gibi gavur uşağı olmak zorundamı biz hep aydındık ""aydınlanma""kiliseden kurtulma batının sorunu karıştırma mal https://t.co/qijC7rkgsL",nefret
"Kahrolsun 6 yıl boyunca evlatlarımız için hiç birşey yapmayanlar 
Kahrolsun gizli açık pkk ya destek veren hainler 
Kahrolsun apo piçinin mektubunu okutanlar
Kahrolsun osman öcalanı trt ye çıkaran yahudi tohumları 
#KahrolsunPKK",nefret
ne tezat türkiye bütün müslüman alemine liderlik yapiyor hristiyan lobisinden de içimizdeki dinsizler liderlik bekliyor,nefret
Ermeni piçleri bilsin ki...HOCALI YI KINAMAMAK SİVİL SİLAHSIZ İNSANLARIN KATLİAMINI ALKIŞLAMAK DEMEKTİR..EY NAMUSSUZLAR BUNU AKLINIZA YAZIN VE UNUTMAYIN...1. TÜRK E KARŞIN HEPİNİZZZZZ 🤘🇹🇷🇦🇿🤘 https://t.co/RDVX1B65hx,nefret
"Tam 29 yıl önce bugün, Ağdam'dan Şuşa'ya giden, içinde sivillerin olduğu helikopter, Ermeni teröristleri tarafından düşürüldü. 
Terör olayında kadınlar ve çocuklar dahil 44 Azerbaycanlı şehit oldu.",nefret
Kürt kardeslerim hdp size düsmandir... LINK,nefret
"Bunlarinki yahudi taktigi,hemvurur hemde vay anam diye bagirirlar,bin tl lik putlari yüzbin tl ye yaptirir, hem müesses nizama yalakalik yaparlar hem o yolla çalarlar hemde is yapanlara etiket takarlar.
Çünkü is yapmak kalkinmak siyonizme çengeldir..
Kudurun
#YigitLiderERDOGAN ????",nefret
"Olum O Ne öyle apaçi tarzı giyimler hal ve hareketler, Düşman askeri gibi sözler? Sizi düşman mevzilerinde mi kazandılar oğlum? Türkiye Cumhuriyeti Devletine nedir bu düşmanlığınız? Bari Yunan uniforması giyseydinizde tam olsaydınız! 

#SusamamŞarkısıBana",nefret
1 suriyeli alana 1 Türk hediye... Çok yakında! https://t.co/N34pJGYR9V,nefret
"#SunuSöylememGerek
Bu Suriyeli'ler bu ülkedeyken bizden bir sap olmaz ahlaksizliklarini yaninda getirdiler bizdekiler yetmiyormus gibi ??",nefret
#MuhammedNurTutuklansin bide suriyeli imis piçe bak üniversiteyi bombalamak istiyormus hemen sinirdisi edilmeli bu piç,nefret
41 5816 sayılı kanunla korunarak niçin gerçeklerin saklanma gereği duyuluyor... ve 5816 sayılı koruma kanunu neden bir yahudi avukat tarafından hazırlamıştır...? 42 cumhuriyet rejimini kurduktan sonra neden hiç dış bir ülke ziyaretine gitmemiştir...? #annelerledireniyoruz,nefret
Türk- Yunan çekismesinde bir galibiyet daha ?? LINK,nefret
Müslüman ülkesinde gavur bayraminin tatiline izin vermeyecegiz!,nefret
Fransız Yahudilerinin kurduğu Galatasaray Yahudi oyunlarına hız vermiştir  #GSvKSM,nefret
Bu kadının TC yönetiminde yer açabileceğini düşündükçe işgale uğrayacaz gibime geliyor  bildiğin Ermeni Pkk li bu kadin #CananBaşkanYalnızDeğildir,nefret
"IBB'YI YALANLARLA KAZANAN KRIPTO YUNAN EKREM,
MÜTEMADIYEN YALANLARA, IFTIRALARA, ÇAMUR ATMALARA DEVAM EDIYOR. ILGILI MAKAM SAHIPLERI GÖLGESINDEN KORKUYOR YADA SADECE KENDI DUYACAGI KADAR ITIRAZ EDIYOR. IMANSIZ ILE ILGILI SIKAYETLER NE ZAMAN BASLAYACAK? @USER @USER",nefret
#HirsizTayyip Tayyip Erdogan a dikdator hirsiz gibi laflar edenlere bakin nick ismi hep yabancidir cunki bunlarin cogu kripto ermeni Yahudi ye hizmet eden bu ulkenin bir adim ileriye gitmesini istemeyen tiplerdir,nefret
Ya bu nası bi gevşeklik nasıl bir utanmazlık arlanmazlık ulan hiç mi utanç yok şu yunan muslimlerde inanamıyorum allahtan türk değiller https://t.co/SmeM2c5AhZ,nefret
Ya sen Kürtsün Kürt  yoga senin neyine git halay  çek,nefret
devlet kırmızı halılarda davul zurna ile senin o şimdi açıklayabildiğin ermeni döllerini karşılayarak megri megri diye halay çekiyor! yetmiyor terörist başlarını halkın parasıyla ayakta duran trt'ye çıkarıyor! yetmiyor bir de sayın (!) apo'nun mektubunu okuyorlar!,nefret
"-Çirpici mahallesinde torbacilara baskin cok sayida silah ve yarim kiloya yakin uyusturucu bulundu.
-Yesiltepe mahallesinde dehset bir afgan uyruklunun bogazi kesildi
-veliefendi de bir evde kanada uyruklu üni. Ögrencisine 7 suriyeli 10 gun boyunca iskence ettigi ortaya cikti.",nefret
Senin yolunu yordamini sikim dirar senin ayaginin tabanini sikim o karinin irzina geçim saçlarini sikim dislerini sikim seni bu takima alani sikim seni kadroya alan çocugu da sikim senin hayattan ilgili neyin varsa ta amina koyayim amina kodum çingenesi Go Home ??????????,nefret
"HİÇ BİR MÜSLÜMAN TÜRK EVLADI İSLAMİYETTEN, SELÇUKLUDAN VEYA OSMANLIDAN RAHATSIZ OLMAZ.RAHATSIZ OLANLAR BİZDENMİŞ GİBİ GÖZÜKEN ERMENİ, RUM VEYA YAHUDİ DÖNMESİ KRİPTO DÖLLERİDİR.ONLAR BİZANS VE GAVUR HAYRANIDIR.",nefret
Bu ermeni oyununu zulmünü Kürt Annelerimizin duası çözecek İNŞAALLAH....#AnnelerDireniyor,nefret
kürt denince akla evladini kaçiran terör örgütü ve uzantilarina bas kaldiran yigit hacire ana gelir pkk'nin gavur tohumlari degil! bu milletin pkk'ya verecek tek bir evladi dahi yoktur! #millibekahareketi,nefret
 azzedineboulouizat He he anandir Failed. Serefsiz. Türkiye'de böyle oynayan Yabanci ülkede mi oyniyacak .Go Home  dirar_nabil,nefret
"Size Hz. Ali'nin bir sözünü söyleyeyim
""Sonu Ölüm Bile Olsa Zalime Boyun Eymeyin"" o yüzden sakın boyun Eymeyin Ziya Ermeni ziya Allah seni bildiği gibi yapsın 
#EqualityForTurkishStudents https://t.co/yadZcY1ycy",nefret
Mülteci çocuklara Yahudi tuzağı https://t.co/M3qO9coXvW,nefret
Randevu alıp hastaneye gidiyorum suriyeli benden önce giriyor ya kafayı yiycem,nefret
"6 milyon+3 milyon Suriyeli'ye  yer var da 
Sizi bir yere sigdiramadik! 
Affetmeyin bizi ??
#DoguTürkistan LINK",nefret
"* Kripto dedigimiz bu 1 milyon yahudi ve ermeni kitle hiçbir zaman yirtik elbise giymek zorunda kalmadi.
* Hiçbir zaman açlik, susuzluk, yokluk veya yoksulluk çektirilmedi.
* Kimisi general yapildi, ordu idare etti.
* Kimisi müdür yapildi, okul idare etti.",nefret
"#DevletiminYanimdayim klavye karsisinda üflemekle devletin yaninda olunmaz.
Devletimizin topraklari 2004 yilindan günümüze kadar 18 ada yüzlerce kayalik YUNAN isgalinde ...eppetlerrrr LINK",nefret
reis bm genel kurulunda suudi'lere israil'e rumlara ermenilere kesmir sorunu'na pkk ve ypg'ye kötü daldi be yaa...,nefret
Gece gece gene bazı kendini bilmez hatsizler Yüce Enver paşaya minik akıllarıyla laf atmay çalışıyor sinirden elim ayağım titriyor bu ermeni piçlerini tek tek evinden alıp Enver paşanın Türbesinde bayrak nöbetine dikeceksin,nefret
"#DeutscheWelle, Türkiye'nin Afrika'daki varlığına değindi.Alman Türkiye'nin Afrika ilişkilerinden rahatsız.Gazetenin haberinde, son dönemde Ankara'nın kıta ülkeleriyle ilişkilerinin yeni bir boyut kazandığı ifade edildi.
#haber https://t.co/QCICuQDoym",nefret
hakan_gocmen_09admin de tassak geçiyor bizimle ne günaydini lan oglan sanki biz 3 atmisiz gibi konusuyor o formaya laik degilsiniz oglum net,nefret
"Çocugu PKK ya katilan anne çocuguyla telefonla konusuyor
ANNE=Ben senin adini Peygamber efendimizin adi Mustafa yi koydum
ÇOCUK=Hayir benim adim bundan sonra AGIT
PKK nin aslinda Ermeni bir örgüt oldugunun kanitlarindan biri",nefret
Vahsikatolizmin masasi ermeni döllerinin sonu geldi! Çünkü #Analardireniyor  teröristlerle kucak kucaga adelet yürüyüsü yapanlarda siyaset sahnesinden siliniyor.#Bitik CeHaPe  @USER  @USER  ve tr705 kodlu cia ajani! LINK,nefret
ÇOCUK ISTISMARI DOSYASI : Denizlinin Kale Ilçesinde 10 Suriyeli 14 yasindaki küçük kiz çocuguna istismar LINK LINK,nefret
"En çok da çocuk ve çocukluk vardır. 
5 Eylül, Susurluk'un Yunan işgalinden kurtuluşu. Bayram gününden fiyakalı kutlanırdı ben çocukken, üstelik zorunlu olmayan ve coşkuyla katıldığımız bir gündü!..",nefret
Ülke de ne kadar Suriyeli savunucusu varsa anasını avradını sikiyim.,nefret
Ulan ne yavsaksin be. Açiklama yapip yorumlari kapatiyorsun. simdi götünü kurtarmak için bin bir yalan uyduruyorsun. adamin karisina laf atmasan senin yanina gelirmiydi hiç? Herkes aptal yani. Sana inanacagiz mi saniyen?,nefret
"Chpliler bu millete hiç bir zaman insan gözüyle bakmazlar çünkü zihniyetleri buna müsait degil.
Onlar ancak güç aldiklari Hiristiyan Bati'ya köpeklik ederler. #kadindusmanichp",nefret
"Ermenilerin bize düşmanlığı
kıyamete kadar sürecek ve bu gerçeği hiçkimse de değiştirmeyecek.
Aliyev Devleti yönetirken Ermeni ve Ruslarla olan ilişkilerinde bu gerçekleri sakın unutmasın .!!!",nefret
"Aşağılık Ermeni pislikleri piçleri Çingeneleri kürtlük ismi altında PKK'ya girdiler Bu şerefsizler hain yılan akrep gibi zehirli yaratıklardır Kürtlük ile ASLA alakaları yoktur😡

#KÜRT&TÜRK#KARDEŞTİR#&GERİSİ KALLEŞTİR#? #",nefret
"Bizler ülkeyi savaşarak kazandık bunlar sevişerek
Ağzını burnunu yamultuğumun beleşcisi 
Ülkemde Suriyeli istemiyorum https://t.co/3l81ARz5BZ",nefret
Bu kadinin TC yönetiminde yer açabilecegini düsündükçe isgale ugrayacaz gibime geliyor  bildigin Ermeni Pkk li bu kadin #CananBaskanYalnizDegildir,nefret
"Moiz Kohen.Selanik’te bir yahudi ailenin çocuğuydu. Babası bir Haham idi,kendisi de Haham eğitimi aldı.Masonluğa girdi.Kemalizm’i tanıtan çeşitli kitaplar yazdı. Tekinalp takma adıyla Şeriat'a yani Islam'a hakaret edip Türkçülüğü teşvik etti.Elin yahudisi neden Türkçülük yapar? https://t.co/GSN8tK98Ly",nefret
"Fransizlar Adana bölgesini isgal eder etmez, beraber getirdikleri Ermeni alaymdan baska bölgede bulunan ve Birinci Dünya Harbinde göç eden ve bu kez Adana bölgesine dönen Ermenileri de silâhlandirarak Türklere karsi kullandilar.",nefret
"nazilerin, yahudilere yaptıkları karşısında yahudi
yahudilerin de filistinlilere yaptıkları karşısında filistinli olabilmeli insan.",nefret
İSTANBUL SÖZLEŞMESİ İBNELERİN EŞ CİNSEL LERİN HOMOSEXUEL LERİN GÖT VERENLERİN AVRAT PEZEVEKLERİNİN ORUSBU ÇOCUKLARIN HIRSTIYAN ERMENİ RUM YAHUDİ MECUSİ YASASIDIR TÜRK VE MÜSLÜMAN LARA AYİT DEGİLDİR https://t.co/tYDphWdlAs https://t.co/ZM14Y5bvSj,nefret
"Kaldi ki ben sanmiyorum baska bir ülkede ülkenin kurucusuna düsman gözüyle bakilsin ve ya hakkinda bu kadar rahat kötü konusulsun. Bu ülkeyi kuran kurtaran adama düsman olan bu ülkeye de bu cumhuriyete de düsmandir benim gözümde, ve torunlaridir gavur ellerin. LINK",nefret
Şanlıurfa'da Suriyeli Uyuşturucu Tacirlerine Operasyon https://t.co/9LEKwt0LHP @UrfaValiligi @Abdullah_Erin47,nefret
"Türkiye Cumhuriyeti'nin emriyle Türkiye Cumhuriyeti bürokrati ve askeri olarak Afrika'ya Islam'i yaymaya gitmis olan Kürt Ebubekir Efendi'nin torunlari, zerdüst marksist, doguda kripto ermeni, asalahdpkk'ya haddini bildirecek,hdp'nin kürtürk zulmune boyun egmeyecek güçtedir. LINK",nefret
"Kürt temsilcisi bu ANALAR dir keske analari ziyaret edeydin.
PKK VE HDP Ermeni temsilcileridir @USER  ,TRABZONLU olarak hatirlatmak istedim... LINK",nefret
kainatin en büyük orospu çocugusun oglum sen gelme türkiyeye anani avradininsülaleni sikeyim,nefret
Çingene olmussun orospu çikardigi,nefret
"Bir hiç uğruna,anlamsız bir sözde dava özde Yahudi oyunu uğruna yok olup giden onca Kürt gencinin hesabını içerideki hainlerden sormaya başladı anneler #AnnelerDireniyor",nefret
"Istanbulda Cenaze islerini ücretli hale getirilmesini meclis gündemine sokacakmis bu hafta Ermeni kirigi 

Akpartiye ders vermek isteyenler 
Hahhh size diyorum bu Ekrem yedi sülalenizi ölünüzü dirinizi belleyecek haberiniz  olsun ??????",nefret
"Sehit haberiyle yüregimiz yandi
Son olaylardan sonra yeni yeni onun bunun çocuklari türedi 
Serefsizler
Hepiniz ermeni oldunuz
Yahudi oldunuz
Gavur oldunuz
Ip ne oldunuz 

Hep bir agizdan bir seferde TÜRK olun
Hep bir agizdan bir seferde
Sehit olun
Asker Polis olun be serefsizler LINK",nefret
"#DavamizinPesindeyiz Recep Tayyip Erdogan, Yahudilesmis Türk'lerle, Ermenilesmis Kürt'lerle, islâm düsmani it'lerle, Yedi Düvelle Savasiyorken biz onu yalniz birakamayiz 
#DavamizinPesindeyiz
@USER 
@USER 
@USER 
@USER 
@USER 
@USER LINK",nefret
"Budur.
TÜRKİYE'Yİ ve DÜNYAYI yönetip, soyan, kan ve gözyaşına boğan yahudi hırsız caniler ve ülke hainleridir.
Bir avuç yahudi hırsız ve suçortakları, dünyanın yönetimini kaybetmemek için her puştluğu sergiliyorlar, dünya insanlığını savaşlarla, salgınlarla, korkularla oyalıyorlr https://t.co/9HcD79VBAm",nefret
"3 ayda hisseyi %5 yükseltmeyen anasini s....digim tahtaci endex düsmeden, nötr iken  %5 hisseyi asagi çekiyor yahudi köpegi",nefret
"Bir delikanli da çikip demiyorki ülkemde Kürt,Suriyeli,Ermeni,Yahudi,Arap istemiyorum.",nefret
"Atam denizde yunan kalmış mı diye kontrol ediyor, paşam benim❤️ https://t.co/1ki7DXqhe0",nefret
Olm kocasinanda kayboldum 3 kisiye yol sordum 3üde suriyeli aq ne dedigimi anlamiyolar anlasalar bilmiyorlar nereye düstüm ben allahim türk yok mu ya türk diye aglicam simdi,nefret
"babaasinin arap domuzlara o kadar silahi nasil sokusturdugunun en iyi ispati

her ortadogu gezisinde babasinin yaninda
dibi düsmeyen arap domuz yok LINK",nefret
Rum firsatçiligini suçüstü yapmak LINK,nefret
Bu kedi kesin Suriyeli baska izahi Yok 6 yavru ilkkez gördüm LINK,nefret
"Rum mezalimini anlatan bir zamanlar Kıbrıs, 1 Nisan'da #TRT1'de başlıyor.#Kıbrıs'ta Türkleri istemeyen yeni nesil için çok yararlı olacağından eminim.
#sondakika #haber #gündem #Raufdenktaş #NecmettinErbakan #Kıbrısfatihi #Türkiye #tsk #kktc #kuzeykıbrıstürkcumhuriyeti #dizi #trt https://t.co/LDiwSk0d5F",nefret
"Markette bir çocuğun aldığı eşyalara parası yetmedi. Türkçesi bir garipti. 'Ben veririm tamam.' dedim.
'Hayır almam.' dedi. 

Arkadaki bir beyfendi de al diye zorlayınca, 

""Ben Suriyeli değilim abi, ben Türkmenim almam."" dedi.

Kocaman bir tarihi özetledi ve gitti.",nefret
"Budur.
Ortada çalacak para kalmayinca, hirsiz soyubozuk serefsizlerin sayisi da çok olunca, paylasim kavgasi çikmasi normal.
Bu durum, abd, rusya arasinda bile oluyor.
Ülkemizdeki hirsizlarin soyu da, zaten çogu rus asilli yahudi, hristiyan hain hirsizlar, sinsi kriptolardir. LINK",nefret
"Yaşasın Müslüman Kürt anneler, kahrolsun Pkk kahrolsun Hdp ve destekçileri.
#AnnelerleBeraberizYaSen
#annelerdireniyor",nefret
"terörist desteçilerine çok merhametli davrana bir adalet sistemi var türkiyede, ingiliz ve almanlar ira terör örgütü raf terör örgütü destekçilerin zehirleyip öldürüyor kendini asti diyor prences dina gibilerini de trafik kazasi ile öldürüyor LINK LINK",nefret
aziz yıldırım'ın değerini bilemedik cidden şuna bak ya gerçi yahudi bu kanında var orsbcocuklugu https://t.co/FIeawZbxi9,nefret
"Kıbrıslı milletdaşlarımız ne kadar kolay bir şekilde Türk halkına yapılan zulümleri,katliamları görmezden geliyor. 
Siz 2-3 tweetle barış naraları atarken devlete kafa tutmaya devam ederken, Rumlar da, Türk düşmanları da keyifli bir şekilde sizi izliyorlar. #AhKıbrısım https://t.co/IwTKNmFC7R",nefret
Iç savas kapida istedikleri buydu suriyeli picler bunun için besledi katliamlar için LINK,nefret
Bu Suriyeli piç tutuklanip sinir disi edilsin #MuhammedNurTutuklansin,nefret
Rabbim kimseyi menfaatı için Dava insanı görünüp umduğunu bulamayınca başka görüşlere yelken açan müslüman görünen Gavur olan ihanetçilerden etmesin .Kandiliniz Mübarek olsun.,nefret
"Suriyeli yavşaklarada beklerdik bu muameleyi.
#AşağıBakmayacağız... https://t.co/54gip1NQ47",nefret
"Suan dünyanin herhangi bir yerinde yahudi ve hristiyanlar sistematik bir sekilde islami ilimleri ögrenip bunlari nasil anlasilmaya namüsait bir vaziyete sokup aralara felsefi sapkinliklari ekleyip içtimai hayati kökünden sarsabiliriz diye ugrasiyorlar, biz ise uyuyoruz.",nefret
"sahinyilmaz7@USER götüyle inatlasan donuna siçar sayin insan, bu dünya da her sey istedigimiz gibi olamaz, ezenler ezilenler fakir zengin aç tok aci hüzün siddet vb. Hiçbir güç bunu düzeltemez, imtihan dünyasi, arti eksi hep olacak, annene sor bir babandan siddet görmemisse eger bende adam degilim, bir de siz Müslümanlar diye bir cümle kurmussun, Islam'i Müslümanim diyenden degil tarihten kutsal kitaptan ögren, insanoglu kusurludur ama Islam kusursuz, süphesiz??",nefret
Yunan-İngiliz-Fransız yüzyıl sonra yine karşımıza dikildi... Yanlarında bir de ABD var Wilson ilkelerinin hayaliyle yaşayan abi olarak. https://t.co/G4s48vqtch,nefret
"Müslüman ülkede vatandasa gavurun eziyetini yapmak, hemde sag görüslü parti gavur birakti biz yapistik ölümcül maskeye bu israr niye? #AçikHavadaMaskeGereksizdir",nefret
pkk ermeni terör örgütüdür ve hdp bunları siyasi yuvası ve destekçisidir. pkk ve hdp'li kansızların dağa çıkardıkları evlatları için çırpınan analarımıza destek çıkalım! #annelerleberaberizyasen #annelerdireniyor #anneleredestekolalım,nefret
"Adamlar üşenmemiş
“dama serdim üzümü
ne gözlüyon gözümü
gavur dürzünün kızı
yavaş ısır yüzümü” diye türkü yapmışlar. Atalardan da “boş” epey varmış",nefret
Suriyeli siginmaci kadar degeri olmayan ''Hukuk'' adamlari ? LINK,nefret
Böyle namussuzluk böyle şerefsizlik hiç bir DAVA DA YOK GERÇEK KÜRT PKK İLE HDP İLE kendine kapı aramıyor BURDA KÜRT SORUNU YOK KURDU KULLANAN BİR GAVUR SORUNU VAR SOYLU'dan imamoğlu,nefret
Hadi burhan hoca yanlış söylemiş. Ama sizde Mithat paşa kim sizin gibi sizin hizmet ettiğiniz gibi darbeci paşa! Abdülaziz tahttan indirin tayfadan. Sonra devletine 2. defa itlik yapan ingiliz uşağı Mithat Rusyayla savaş için destek koplayandir. Sonra sürgüne yollanıyor.++,nefret
Bir tokatliyorsun fetöcü bir tokat daha suriyeli bir tokat daha pizzaci bir tokat daha beyoglu yosmasi bir tokat daha ultravesti bir tokat daha suçuk ekmekçi elemanlarda o kadar fazla lakap var ki hangi biriyle hitap edeceksin ..,nefret
"#israf #türgev ve muhammed ali'nin michigan'da olan çiftligini ""müslüman ögrencilere burs ve yurt olanagi saglamak amaciyla!"" 2.500.000 satin almisti. sadece degil tüm ülkeyi gavur sayiyorlar ki türkiye yerine abd'deki ögrencilere yurt açiyorlar",nefret
Kürt kardeşlerimizin bizimle birlik olması da bizden ayrılmak istemesi de bu millete hayırlı olmuştur fakat şu an bölücülük yapan hainlerin ne Kürtlükle ne İslamla alakaları yoktur bir kısmı İran bir kısmı Komünist Rusya yanlısı Ermeni kırması teröristlerdir.,nefret
şerefsiz namussuz yahudi uşağı...,nefret
"devlete ait olmadigi için ""henüz"" çökülemeyen turkcell'in çalismaya devam etmesi, elin arabina üç otuz paraya peskes çekilen ve arap tarafindan sömürülüp içi bosaltildiktan sonra batirilip geri devletime kaktirilan telekomun çökmesi. hiyanet-i vataniyye kanunu duruyor mu sahi? LINK",nefret
 selahattin._.y yemin ediyorum ya sikti git to Trabzon sende kurtul bizde kurtulalim,nefret
"Az evvel hastane randevusu almak için aradım dolu dediler. Kesssin Suriyeliler doldurdu, malum 10 kişiden 11 i Suriyeli 🤦🏻‍♀️",nefret
burak salini kafama dolayip basimi kapatmis sigara kokusu sinmesin diye ben suriyeli taklidi yapip para dileniyorum,nefret
içişleri bakanı süleyman soylu ekonominin çöküşü pahalılık zamlar vs de görev ihlali mi oluyor acaba vatandaş olarak ağzımıza sıçtınız. ölelim mi yandaşlar onun bunun adamları rahat yaşarken biz geberelim mi suriyeli kadar değerim yok bu ülkede,nefret
Forum Istanbul bence adini Arap Istanbul yapsin bu ne lan ! ??,nefret
"yaratilani yaradandan ötürü severiz ama ermeni, kürt, escinsel, yunan, yahudi, gavur sevmeyiz. biz yaradilani siyasetçi, hirsiz, tecavüzcü, pedofili ve dolandirici olarak kabul eder, öyle severiz.",nefret
Suriyeli şerefsizlerden nefret eden tek ben mi varım ?,nefret
Bu adam herseyi çok biliyor bu yalakalikla kesin danisman olur cem küçük denen Atatürk düsmani ermeni #tuerkiyeninnabzi,nefret
"arnavutluk-Elbasan-1912
Sirp isgali altindaki Müslümanlar LINK",nefret
"#Falcao için #Galatasaray ve taraftarları ile dalga geçip videolarında kahkahalar attıktan sonra""Göt""olan @wolky1903bjk
Aynı zamanda yumuşak yunan tohumu olduğunu gösterdi. Üzerindeki paok yunan forması kanıtı.
Delikanlı adam bir takım tutar
Deliğikanlı da yunanı tutar. https://t.co/F34GHRrT6m",nefret
"Sputnik'lerin ve RT'lerin genel yayın yönetmeni Ermeni asıllı Margarita Simonyan bu görüntüler üzerine içindeki kinini kusmuştu.
""Birisi bunu komşu devleti aşağılamak için kasten yaparsa...""
""Rus bayraklı arabalar bu şekilde Ankara'da yolları kapatırsa merak ediyorum ne olur... "" https://t.co/AOlWN4TKnJ https://t.co/IqVFNCSHv4",nefret
"Egede Yunan oyununu bozan Türk!

Yunanistana adalarin tahliyesi için Nota verdi! Ingilterede yasayan Türk hukukçu Kemal Gürpinar, Ege Denizi ve adalarda Yunan oyununu bozmak amaciyla Yunanistana adalari... LINK",nefret
Arap dini her geçen gün daha fazla zarar veriyor bu ülkeye.. https://t.co/61s4rtQuye,nefret
Senin Gibi Kani Bozuk Vatansiz Hainleri Bu Dünyadan Göndermek Farz Oldu it oglu it Ulan Pust #yasarkemalugurlu Seni Bu Dünyaya Gönderende Adalet Yok Adalet Olaydi Seninm Gibi Pi9slik Ermeni Tohumlarini Bu Dünyaya Bela Etmezdi LINK,nefret
"Herzaman soylemisimdir,1920 yilinda bu memlekette 11 milyon Turk vardi hepsi fakirdi..1 milyon yahudi/ermeni vardi hepsi varlikli idi.bugun ulkemiz 90 milyon ve bunun 15 milyonu bu ermeni/yahudiler.halen gucluler.o yuzden saldiriyorlar! #HırsızBabanızdır",nefret
Sanki yunan takimi ne koymus cimbom hepinize#UefaToProtectFFP,nefret
"Payitaht bir an önce baslada kaldigin yerden gerçekleri ve Ermeni dümenlerini anlatmaya devam et.
Canan Kaftancioglu 'nun içerde yagla balla beslenmesinden yana degilim.",nefret
Bu arap dini yasaklanmalı müridleride hakkettiği kazığı tatmalı! Yetti artık! Kin arşa dayandı!  Türkün daha fazla sabrını sınamasınlar.  15 Bin yıllık Türk Yurdu Anadolu ve Balkanlarda uğraştığımız saçmalıklara bakın.,nefret
#TürkiyeninNabzı CHP demek yerine göre PKK yerine göre feto yerine göre Ermeni olur Türkiye'nin başına gelmiş en büyük felakettir,nefret
"ülkenin kurucu Cumhurbaskani ULU ÖNDER Mustafa Kemal Atatürke hakaret ve küfür eden, asagilayan fatih tezcan gibi fetöcü Yunan tohumlarina neden ayni ceza verilmiyor?",nefret
özel araçlarinda sigara içenlere ceza uygulanmaya baslanmis 2023 hedeflerine uygun adimlarla yuruyoruz hedef belli 2023te akpye muhtarlik bile üçün birini alirlar suriyeli it sürülerine harcamaktan hazinede para bitiyo ee nede olsa arap seviciligi milli görüs gelenegi akp yok ol,nefret
"Dinim İslamın Kıblesi Kâbe nin Değil Resmini Adını Bile O pis Ağzınıza Almayın Yahudi Bozmaları... #bogaziciuniversity 
#KabeKutsalımızdır",nefret
YAŞASIN KÜRT KÖKENLİ VATANDAŞLARIMIZIN ERMENİ MAŞASI PKK'YA KARŞI ŞANLI DİRENİŞİ..! DİREN EY DİYARBAKIRLI!,nefret
Arkadaslar Kürtlerde kaçakçilik meyli olmayan ya Ermeni'dir ya Zaza. ??,nefret
yer izmir salondaki türk bayraklari sakil müptezel amed hönkürüslerini ve bunlara alkis tutan sözde yetkilileri seyrediyor...,nefret
merkeze indim. önüm arkam sagim solum suriyeli amk,nefret
"Bir acayip haller olsa Dünya'ya. Mesela yarın sabah uyandığımızda Amerika kıtası yok olmuş olsa, Avrupa'nın yerinde yeller esse, Ortadoğu'da hiç Yahudi ve Avrasya'da hiç Rus kalmamış olsa. O zaman işte o zaman İslam coğrafyasındaki vatan, millet, ümmet hainlerinin hali nice olsa?",nefret
"Olay yerinden bildiriyormus gibi yaziyorum ama aylar sonra ilk defa suriyeli gördüm, bunu yazmazsam olmaz
Siz her gün nasil katlanabiliyorsunuz?",nefret
Lübnan'in Hristiyan Cumhurbaskani Michel Avn'dan Osmanli'ya skandal iftira! LINK,nefret
canan kaftancioglu'na yaklasik 10 yil hapis cezasi verildi ses yine ne kadar ermeni yahudi ateist putperest müptezel varsa onlardan çikti! canan'i savunanlarin alayi pkk sevicilerdir! bu kadinin türkiye ile chp ile zaten bir alakasi yoktu! neyse hapiste helal et yer,nefret
"#Sustunuz 

Fethullah Gülen bu yüzyılın, Hasan Sabbah'ıdır, Yahudi'dir. Feto, müslüman maskesi ile, Haşhaşi örgütünün, beyin yıkama, inandırma, taktikleri ile ülkemizde ki müslüman çocuklarını kullanmıştır. Chp hdp gibi yahudi ermeni yunan kalıntıları şuan onun emri altındadır.",nefret
mnidaylmaz@USER kedi ulasamadigina bok atarmis Türk kadinina Bir sey yakistirmiyorsaniz ülkeden gitmek çok basit????????,nefret
#deprem istambul tamamıyla onarımdan geçirilmeli iyileşmeli taş beton yığınından kurtulup yeniden inşa idilmeli arap istilasından kurtulmalı,nefret
Annemle kavga ediyoruz. Normal olan anneler eşşek sıpası it köpek falan der benim annem “suriyelisin sen Suriyeli” diyor.🤦🏻‍♀️,nefret
"Çok sükür kürt kardeslerimiz kalles hdpnin ne oldugunu anladi, hala arkasinda duranlara bu toprakta soluduklari her bir nefes zehir olsun
#hdpkapatilsin #AnnelerDireniyor #birannebirdevrimdogurur",nefret
Sari saçini sikiyim senin amik dilencisi beynini monacadami biraktin amik çingenesi,nefret
"Asala terör örgütü tarumar olduktan sonra yeni bir oluşuma giden bu Ermeni tohumları, Kürt halkına en büyük zulmü yapmış ve yaşatmıştır. Selahaddin Eyyubi'nin nesli,
Artin Agopyan(Abdullah Öcalan) denilen bir Ermeni soytarısı ile kirlendirilmek istenmektedir. Oyuna gelmeyin!! https://t.co/UONgggRH1G",nefret
#DevletiminYanımdayım bu Yunan artıklarına  gereken ceza verilsin düz duvara baksınlar,nefret
"03 Eylül Buharkent
05 Eylül Kuyucak,Nazilli, Sultanhisar
06 Eylül Kösk,Umurlu,Söke,
07 Eylül Efeler (Aydin ), Incirliova,Germencik, Kusadasi
Yunan Isgalinden Kurtuldu.
Yunanlilar geldiler; Türk Milletinin Yigit LINK",nefret
"Buradan anliyoruz ki 
Rumlar Yunanlilar 
Stres ve baskiyla 
Örf ve ananelerimizi bozmaya-asindirmaya çalisiyor",nefret
sayisiz kez yazdim tekrar edeyim. benim ermeni rum yahudi hristiyan hiçbir vatandasimizla sorunum yoktur. bunu yaparsam gayrimüslim arkadaslarima ihanet etmis olurum. kimligini inkar eden tasnak siyon pontus ve pakradunilerdir bu ülkede sorun çikarip bekamizi tehdit edenler,nefret
artık yağmur yağdığında camdan harbiden arap kızları bakıyor hayaldi gerçek oldu nereden nereye. emeği geçen herkese teşekkürler.,nefret
"Bu ahlaksiz Suriyeli bizim çocuklarimizi ve üniversitemizi bombalayacakmis!!! 
#MuhammedNurTutuklansin
#edepsiz 
#AsagiBakmayacagiz LINK",nefret
"Burnuma çok pis kokular geliyor..

Bu manzara hayra alamet degil...
Bu kiskirtmalar bu algi operasyonlaro bosa degil.

Suriyeli p*çlerin eylemi de bosa degildi..

Zaten sonlari geldi
Birakin kendi pisliklerinde bogulsunlar..

Çocuklarinizi sokaktan alin...!!! LINK",nefret
 Fikriye tavsan hallerinden memnunlar herhalde böyle serefsiz adamlardan onlari kurtardiklari için..??,nefret
"PKK bir Ermeni örgütüdür kim kurmustur Türkiye'yi yöneten ittihatçi kripto Ermeni Yahudisi bir grup tarafindan Derin Devlet kurmustur...
Geçmiste Ermeni olaylarini Tasnak Ermenileri Ittihatçilarla beraber baslatmistir ama 100 yil öncede 40 yil öncde patron Siyonistlerdir.. LINK",nefret
"Suriyeli hekim
Suriyeli ögretmen
Suriyeli polis
Suriyeli yargıç
...
istemiyoruz.
#SuriyelilerSuriyeye",nefret
meali agabey koçumuz niye türk degil? türk olsaydi kaybetmezdik. yine de tesekkürler kizlar.,nefret
la ilahe illallah is a rasulallah derseniz ve isa'nın kutsalına inanırsanız ve dahi incileri öğütlerine uyarsanız  hıristiyan olursunuz. yalnız bunlar sahte osmanlı'dan sonra çıkan yalan dinler.,nefret
"asıl tehlike SURİYELİ değil AFGANLARDIR

SURİYELİLER patır patır SİKİŞİYOR valla gördüğünüz üzere etraf suriyeli bebe kaynıyor..

peki ya AFGANLAR??? 

ya sikişmiyorlar , YA DA BİRBİRLERİNİ GÖTTEN SİKİYORLAR!!! 

GAY SEKSE HAYIR!!!",nefret
zehramrac Sen itin köpegin lafina takma Türkiye de bir numarasin seni çok seviyorum havlasinlar asil terör yandaslari AKP ve onlarin yalamalari,nefret
"Türk düşmanları Yunan mitolojisinin adalet tanrıçası Themis’in adaleti anca bu kadar
Adaletine muhtacız ya ÖMER 
#ADALET",nefret
"Bu ülkenin böyle inanmış insanlara ihtiyacı var.

Kardak krizinde babama sormuştum yunan bize bir tehditmidir diye Yunanı tükrüğümüzle boğarız diye cevap vermişti. https://t.co/7dTHtTldJ5",nefret
"Mustafa Cengiz: ""Üçlü, galatasaray tarafından üretilmiş bir simgedir...”

Ulan baklavayı, döneri çalmaya çalışan Yunanlılar gibisiniz 🤣🤣

Yazık; Yunan, Osmanlı altında yıllarca nasıl ezildiyse, sizin tribünleriniz de Beşiktaş’ın altında her zaman ezilmeye mahkumdur 👊🏻🦅",nefret
arap'in basina geçtigi yerden hayir mi gelir? yarin çözüyorum bu isi #türktelekom,nefret
"Bu arap ve arap sevicileri sübyancı sapiklar bariz belli ,nasıl bir mide var çocuk yaşta ki kız çocukları ile evleniyorlar ve buna razı gösteren bir devlet oluyor .
Turkiye suriyeli sapıklara dokunmuyor ama kendi vatandaşı reşit olmayan birisi ile evlendimi  15 yıl sonra",nefret
Amk ardanin derdi tüm Türkiye'yi germis herhalde surda konusan erkeklerin %90 ayni piçligi yapar ki adam kadini tanimadim diyor ne salak adamlarsiniz,nefret
"[2] dolastirirlarken, büyüklü, küçüklü, kadin erkek her birerleri pencerelerden (bizi cani Türklerden kurtarmaga ne zaman geleceksiniz) diye barbar bagiran, ve muhayyel Pont
hükümetinin binasi olarak yaptirdiklari mekteplerinde Yunan paçavrasini sallandiran bu nankör ++",nefret
"Payitaht Abdülhamit, Kuruluş Osman, Diriliş Ertuğrul. Yunan 19 adaya asker çıkarmış, işgal etmiş, sen dizi izleyip vatan seviyorsun. Ertuğrul Gazi dirilse seni odunla kovalardı.",nefret
"Suriyeli vatan haini itler ellerinde öso bayraklari ile eylem yaparken etrafinda koruma duvari ören polisler, bogazici ogrenci olaylarini protesto eden ogrencileri neden yerlerde surukler??",nefret
Bu mesele Türk leri rahatsiz eder yahudi ve Rum soyundan gelenleri degil LINK,nefret
Yavaş yavaş anadoluya yayılmakta olan arap vizyonsuzluğu ektedir :d https://t.co/lXMA1f5Q8a,nefret
"yobazlara, suriyeli capulculara gosteri serbest, kendi evlatlarimiza dayak ve gozalti ! LINK",nefret
Ermeni Vahşeti https://t.co/GekEYWmiXW,nefret
cumhurbaskani erdogan yeni göç dalgasiyla sinirimiza gelen suriyelilere kapilarimizi açmak zorunda kalabiliriz diyor. ne zorunlulugu 5 milyon sayilari vardi simdi kaç milyon daha gelecek. ben ülkemde degil 5 milyon bir tane bile suriyeli istemiyorum. burasi benim vatanim,nefret
mutlubulut80Bu takimin basinda Türk bir hoca olsaydi hemen statta basin açiklamasi yaparak görevine son verildi derdiniz serefsizler sizi Aziz Yildirim belasindan kurtulduk derken daha yavsak birine çattik,nefret
"Bu kripto yahudi sitonist köpekler hep bizi kandirdilar.
Çocuklarimizi savastirip kendileri keyf çattilar.
Bizim kemalist kriotolarin bize yaptigi gibi.
#AnnelerDireniyor",nefret
"sinavlari iptal etmeyen ermeni olsun insallah.
@USER 
@USER 
@USER 
 #NoticeTurkishStudents",nefret
"Her şeye bir kulp bulup sevmediği haz etmediği insanlara zırt pırt dava açan savcılar var da. Bu hoca görünümlü bağnaz, yobaz, arap özentisi şerefsize soruşturma açıp sesini kısacak bi vatan evladı savcı yok mu ya?! https://t.co/rDuFWKwZ4Z",nefret
"Yahudi dizisi izliyorum.
O kadar akıllı, uyanıklar ki anlatamam.
Bir o kadar da ahlaksız ve edepsiz...",nefret
Çiftlikte suriyeli atakumda suriyeli spor salonunda suriyeli. Irkçi degilimde bizi bi salin da baba. Samsunda samsunludan çok suriyeli var aq,nefret
tebrikler sayin baskan bm konusmanizda sandalyelerini popolari ile saga sola çekmeye çalisarak sirin gözükmeye çalisan katil siyonist israil ve usagi suudiler ve de ermeni ve rum'lari gömmenizden dolayi,nefret
Bursadayım. Minibüse bindim Türkçe konuşan yok amk ülkenin yarısı Suriyeli olmuş Allah kahretmesin,nefret
bu kitabi okumadan islam'in psikanalizi ve islam'in mücadelesi kimse akp'yi fasli müslüman gençlerin hayatta ilk defa gördükleri avrupali kadinlarin kafasini kesmesini anlayamaz. tesettür çok ciddi bir psikolojik baski aracidir. tr'nin isi çok zor kitap da atatürk de var.,nefret
"Anne yüregi iste ne yapsin, PKK kuklalari gibi satilmis yawsak degil ki.. Ermeni tohumlari kansizlar.. #AnnelerDireniyor",nefret
Bu yahudi sıfatlıları biz adam sanıyorduk https://t.co/emSboa9Ndk,nefret
"#18martcanakkalezaferi
Ingiltere Fransa Almanya Italya ve bunlarsiz hayatlarini idame edemeyen avrupa ülkeleri ,Israil Amerikan yahudileri ve bunlara köpeklik eden bazi arap ülkeleri, Ermeniler Rumlar ve bunlarin arkasinda duran Rusya,
Dünde,bugünde,yarinda can düsmanimizdir.",nefret
Kürtün ipneside çekilmiyor,nefret
#tarihtebugün #8eylül1922 #yunan birlikleri #izmir'i boşalttı. #yunanordukomutanlığı #anadolu'yu boşaltma kararı aldı. türk silahlı kuvvetleri #manisa'ya girdi. nif #kemalpaşa #selçuk #saruhanlı ve #sarıgöl #yunanişgalindenkurtarıldı. #ordumuz #izmir'e doğru ilerliyor. #pazar,nefret
N'aber la ermeni tohumu,nefret
"ARAP DOSYASI : ARAPTAN DOST, AYIDAN POST OLMAZ DERDI ESKILER /// ISTE ARABIN GERÇEK YÜZÜ /// HAYRANLARINA DUYURULUR !!!! LINK LINK",nefret
Şu canan kaftancıoğlu denen ermeni dölü pkk lı vatan hainini içeri atacak bi mahkeme yokmu ya,nefret
